loopIteration,time,axisP[0],axisP[1],axisP[2],axisD[0],axisD[1],axisD[2],gyroADC[0],gyroADC[1],gyroADC[2],setpoint[0],setpoint[1],setpoint[2],motor[0],motor[1],motor[2],motor[3]
H Product:Blackbox flight data recorder by Nicholas Sherlock
H Firmware type:Cleanflight
H Firmware revision:Betaflight 4.4.2 (024f8e13d) MATEKF405
H Craft name:Sample Quad
H rollPID:45,80,40
H pitchPID:48,85,42
H yawPID:65,90,0
H gyro_lowpass_hz:250
H dterm_lowpass_hz:150
H looptime:500
0,0,40.0,35.0,25.0,-1.96,-1.26,-0.4,-0.5,2.4,-0.8,400,350,250,1235,1226,1236,1256
1,500,39.9,34.9,25.0,-3.86,-2.47,-0.79,7.4,9.3,5.5,400,350,250,1246,1243,1215,1253
2,1000,39.7,34.8,24.9,-5.7,-3.64,-1.16,11.6,10.5,0.5,400,350,250,1214,1227,1233,1245
3,1500,39.5,34.7,24.9,-7.48,-4.76,-1.52,10.9,11.4,4.7,400,350,250,1245,1246,1231,1266
4,2000,39.3,34.6,24.9,-9.19,-5.84,-1.87,12.6,12.6,2.3,400,350,250,1230,1236,1239,1250
5,2500,39.0,34.4,24.8,-10.85,-6.87,-2.2,9.7,3.3,-2.9,400,350,250,1233,1259,1229,1245
6,3000,38.7,34.2,24.7,-12.44,-7.86,-2.52,9.5,-2.8,-2.3,400,350,250,1261,1211,1237,1240
7,3500,38.4,34.0,24.7,-13.97,-8.81,-2.83,6.2,5.5,-3.8,400,350,250,1220,1254,1252,1256
8,4000,38.0,33.7,24.6,-15.44,-9.72,-3.13,20.2,8.4,-1.2,400,350,250,1223,1251,1233,1235
9,4500,37.6,33.5,24.5,-16.85,-10.58,-3.42,17.1,9.3,0.5,400,350,250,1262,1212,1221,1246
10,5000,37.1,33.2,24.4,-18.19,-11.4,-3.69,37.0,22.9,0.5,400,350,250,1205,1248,1232,1226
11,5500,36.6,32.9,24.3,-19.48,-12.19,-3.96,43.6,31.6,13.3,400,350,250,1247,1250,1267,1252
12,6000,36.1,32.5,24.2,-20.7,-12.93,-4.21,48.0,33.7,8.6,400,350,250,1263,1258,1251,1214
13,6500,35.6,32.2,24.1,-21.86,-13.64,-4.46,47.1,36.5,6.9,400,350,250,1241,1259,1224,1268
14,7000,35.0,31.8,24.0,-22.96,-14.31,-4.69,53.6,32.1,12.6,400,350,250,1254,1246,1261,1234
15,7500,34.4,31.5,23.9,-24.0,-14.94,-4.91,51.2,36.1,8.2,400,350,250,1231,1258,1266,1238
16,8000,33.8,31.1,23.7,-24.98,-15.53,-5.13,50.5,32.2,5.7,400,350,250,1240,1266,1229,1264
17,8500,33.1,30.7,23.6,-25.9,-16.09,-5.33,57.1,33.3,9.8,400,350,250,1262,1258,1250,1247
18,9000,32.4,30.3,23.5,-26.76,-16.62,-5.53,72.0,45.4,10.5,400,350,250,1249,1254,1245,1257
19,9500,31.7,29.8,23.3,-27.56,-17.11,-5.72,84.9,59.8,18.3,400,350,250,1239,1240,1245,1259
20,10000,31.0,29.4,23.2,-28.3,-17.57,-5.9,92.7,62.0,30.1,400,350,250,1207,1229,1250,1252
21,10500,30.3,28.9,23.0,-28.99,-17.99,-6.07,104.7,65.7,29.3,400,350,250,1250,1238,1283,1252
22,11000,29.6,28.5,22.9,-29.63,-18.39,-6.23,108.4,71.1,26.9,400,350,250,1246,1206,1239,1262
23,11500,28.8,28.0,22.7,-30.2,-18.75,-6.38,110.3,72.7,30.0,400,350,250,1260,1269,1221,1242
24,12000,28.1,27.5,22.5,-30.73,-19.08,-6.53,116.7,75.7,27.6,400,350,250,1207,1264,1225,1257
25,12500,27.3,27.1,22.4,-31.2,-19.39,-6.67,115.9,74.8,25.7,400,350,250,1245,1250,1259,1250
26,13000,26.5,26.6,22.2,-31.62,-19.67,-6.8,127.8,83.4,25.1,400,350,250,1243,1289,1231,1262
27,13500,25.7,26.1,22.0,-31.99,-19.91,-6.92,136.4,84.1,26.8,400,350,250,1251,1258,1225,1225
28,14000,24.9,25.6,21.8,-32.3,-20.13,-7.04,151.8,88.6,25.4,400,350,250,1226,1267,1260,1271
29,14500,24.1,25.1,21.7,-32.57,-20.33,-7.15,158.4,102.2,31.4,400,350,250,1260,1273,1235,1272
30,15000,23.2,24.5,21.5,-32.79,-20.5,-7.25,177.8,110.1,33.4,400,350,250,1270,1248,1240,1255
31,15500,22.4,24.0,21.3,-32.97,-20.65,-7.35,184.6,122.8,39.9,400,350,250,1266,1272,1271,1247
32,16000,21.6,23.5,21.1,-33.1,-20.77,-7.44,186.0,123.9,44.1,400,350,250,1252,1271,1246,1215
33,16500,20.8,23.0,20.9,-33.18,-20.87,-7.53,191.5,113.3,44.6,400,350,250,1255,1241,1250,1263
34,17000,19.9,22.5,20.7,-33.22,-20.94,-7.61,197.1,126.7,38.4,400,350,250,1266,1273,1275,1240
35,17500,19.1,21.9,20.5,-33.22,-21.0,-7.68,205.7,116.3,33.4,400,350,250,1221,1267,1232,1251
36,18000,18.3,21.4,20.4,-33.18,-21.03,-7.75,209.8,129.0,37.3,400,350,250,1255,1278,1252,1259
37,18500,17.4,20.9,20.2,-33.1,-21.04,-7.81,225.9,136.6,39.6,400,350,250,1243,1267,1227,1242
38,19000,16.6,20.4,20.0,-32.98,-21.04,-7.87,238.7,150.4,51.2,400,350,250,1264,1254,1234,1228
39,19500,15.8,19.8,19.8,-32.83,-21.01,-7.92,244.6,160.5,55.2,400,350,250,1238,1240,1229,1250
40,20000,15.0,19.3,19.6,-32.64,-20.97,-7.97,252.7,165.5,52.1,400,350,250,1257,1243,1223,1263
41,20500,14.2,18.8,19.4,-32.41,-20.91,-8.01,263.4,159.4,59.0,400,350,250,1257,1246,1264,1264
42,21000,13.4,18.3,19.2,-32.15,-20.84,-8.05,271.5,171.1,66.1,400,350,250,1263,1260,1222,1266
43,21500,12.6,17.7,19.0,-31.86,-20.74,-8.08,277.2,169.0,56.2,400,350,250,1282,1227,1260,1290
44,22000,11.8,17.2,18.8,-31.54,-20.64,-8.11,272.4,174.4,63.8,400,350,250,1252,1262,1267,1240
45,22500,11.0,16.7,18.6,-31.19,-20.51,-8.13,282.4,176.8,60.5,400,350,250,1253,1251,1239,1249
46,23000,10.2,16.2,18.4,-30.81,-20.38,-8.15,296.1,183.1,57.8,400,350,250,1242,1294,1271,1264
47,23500,9.5,15.7,18.1,-30.41,-20.23,-8.17,294.0,194.5,69.5,400,350,250,1280,1261,1254,1262
48,24000,8.7,15.2,17.9,-29.98,-20.06,-8.18,308.8,205.9,75.6,400,350,250,1244,1275,1282,1234
49,24500,8.0,14.7,17.7,-29.52,-19.89,-8.19,324.4,211.0,80.2,400,350,250,1249,1241,1287,1271
50,25000,7.3,14.2,17.5,-29.05,-19.7,-8.2,329.6,209.5,88.4,400,350,250,1270,1283,1268,1242
51,25500,6.5,13.7,17.3,-28.55,-19.5,-8.2,339.7,208.2,77.7,400,350,250,1255,1264,1245,1254
52,26000,5.8,13.2,17.1,-28.03,-19.3,-8.2,342.8,218.4,80.6,400,350,250,1259,1251,1268,1257
53,26500,5.2,12.8,16.9,-27.49,-19.08,-8.19,340.1,214.8,75.7,400,350,250,1255,1259,1256,1259
54,27000,4.5,12.3,16.7,-26.94,-18.85,-8.18,347.4,214.7,77.2,400,350,250,1273,1263,1254,1263
55,27500,3.8,11.8,16.5,-26.36,-18.61,-8.17,351.6,217.8,78.8,400,350,250,1243,1268,1241,1218
56,28000,3.2,11.4,16.3,-25.78,-18.37,-8.16,361.5,240.0,82.8,400,350,250,1237,1246,1265,1265
57,28500,2.5,10.9,16.1,-25.17,-18.12,-8.14,377.5,249.1,94.1,400,350,250,1257,1267,1283,1272
58,29000,1.9,10.5,15.9,-24.56,-17.86,-8.12,390.9,247.1,96.6,400,350,250,1269,1254,1274,1267
59,29500,1.3,10.0,15.7,-23.93,-17.59,-8.1,397.7,256.2,110.6,400,350,250,1277,1255,1260,1297
60,30000,0.8,9.6,15.5,-23.29,-17.32,-8.08,396.4,262.9,104.3,400,350,250,1259,1241,1262,1264
61,30500,0.2,9.2,15.3,-22.64,-17.04,-8.05,403.6,262.4,98.1,400,350,250,1272,1267,1262,1260
62,31000,-0.4,8.8,15.1,-21.99,-16.76,-8.02,398.8,261.4,91.0,400,350,250,1250,1259,1237,1253
63,31500,-0.9,8.3,14.9,-21.32,-16.47,-7.99,394.0,256.9,96.3,400,350,250,1268,1259,1256,1238
64,32000,-1.4,7.9,14.7,-20.65,-16.18,-7.96,414.4,265.7,100.4,400,350,250,1247,1257,1233,1272
65,32500,-1.9,7.5,14.5,-19.98,-15.88,-7.92,418.9,263.0,100.8,400,350,250,1270,1234,1233,1244
66,33000,-2.4,7.1,14.3,-19.3,-15.58,-7.88,422.2,273.7,107.9,400,350,250,1264,1270,1271,1283
67,33500,-2.9,6.8,14.1,-18.61,-15.28,-7.85,438.5,282.4,112.2,400,350,250,1245,1245,1260,1261
68,34000,-3.3,6.4,13.9,-17.92,-14.97,-7.8,442.5,287.2,113.4,400,350,250,1261,1258,1257,1260
69,34500,-3.7,6.0,13.7,-17.23,-14.66,-7.76,440.7,298.9,120.6,400,350,250,1260,1251,1259,1221
70,35000,-4.2,5.7,13.5,-16.54,-14.35,-7.72,440.0,295.9,111.2,400,350,250,1265,1264,1241,1258
71,35500,-4.5,5.3,13.3,-15.85,-14.04,-7.67,441.7,296.1,116.6,400,350,250,1262,1249,1260,1261
72,36000,-4.9,5.0,13.1,-15.17,-13.72,-7.62,445.8,295.0,109.3,400,350,250,1242,1257,1251,1246
73,36500,-5.3,4.6,13.0,-14.48,-13.41,-7.57,445.0,294.2,113.5,400,350,250,1271,1257,1298,1258
74,37000,-5.6,4.3,12.8,-13.79,-13.09,-7.52,455.6,302.2,121.7,400,350,250,1228,1252,1267,1272
75,37500,-6.0,4.0,12.6,-13.11,-12.78,-7.47,468.4,310.8,128.8,400,350,250,1275,1278,1271,1261
76,38000,-6.3,3.7,12.4,-12.43,-12.46,-7.42,469.0,313.2,135.1,400,350,250,1249,1268,1296,1260
77,38500,-6.6,3.4,12.2,-11.76,-12.15,-7.37,473.0,328.1,135.3,400,350,250,1252,1268,1273,1275
78,39000,-6.8,3.1,12.0,-11.09,-11.83,-7.31,472.4,333.2,143.4,400,350,250,1265,1268,1258,1286
79,39500,-7.1,2.8,11.8,-10.43,-11.51,-7.25,471.9,328.4,133.3,400,350,250,1254,1276,1285,1265
80,40000,-7.4,2.5,11.7,-9.78,-11.2,-7.2,469.5,326.8,131.9,400,350,250,1270,1288,1282,1257
81,40500,-7.6,2.2,11.5,-9.13,-10.89,-7.14,479.2,321.9,132.6,400,350,250,1256,1265,1239,1292
82,41000,-7.8,2.0,11.3,-8.49,-10.58,-7.08,475.8,317.8,123.3,400,350,250,1241,1283,1259,1265
83,41500,-8.0,1.7,11.1,-7.86,-10.27,-7.02,472.5,326.2,128.2,400,350,250,1266,1244,1265,1271
84,42000,-8.2,1.5,11.0,-7.24,-9.96,-6.96,481.7,332.5,135.0,400,350,250,1269,1259,1290,1278
85,42500,-8.3,1.2,10.8,-6.62,-9.65,-6.9,486.1,339.0,142.6,400,350,250,1253,1261,1271,1274
86,43000,-8.5,1.0,10.6,-6.02,-9.35,-6.84,494.0,355.3,147.9,400,350,250,1267,1309,1239,1259
87,43500,-8.6,0.8,10.4,-5.43,-9.05,-6.77,494.3,350.4,154.6,400,350,250,1264,1273,1268,1279
88,44000,-8.7,0.6,10.3,-4.85,-8.75,-6.71,484.5,345.7,151.9,400,350,250,1252,1252,1277,1258
89,44500,-8.8,0.3,10.1,-4.27,-8.46,-6.65,490.9,349.4,150.0,400,350,250,1276,1266,1247,1267
90,45000,-8.9,0.1,9.9,-3.72,-8.16,-6.58,486.3,341.6,145.2,400,350,250,1279,1255,1278,1296
91,45500,-9.0,-0.1,9.8,-3.17,-7.87,-6.52,480.4,343.7,144.0,400,350,250,1292,1273,1282,1258
92,46000,-9.1,-0.3,9.6,-2.63,-7.59,-6.45,484.0,345.7,139.9,400,350,250,1291,1282,1243,1280
93,46500,-9.1,-0.4,9.5,-2.11,-7.31,-6.39,487.9,353.2,153.9,400,350,250,1247,1266,1292,1261
94,47000,-9.2,-0.6,9.3,-1.6,-7.03,-6.32,489.9,352.9,154.3,400,350,250,1275,1295,1276,1273
95,47500,-9.2,-0.8,9.1,-1.1,-6.75,-6.26,507.4,362.1,162.2,400,350,250,1278,1278,1255,1252
96,48000,-9.2,-0.9,9.0,-0.62,-6.48,-6.19,501.1,368.1,162.5,400,350,250,1267,1262,1277,1268
97,48500,-9.2,-1.1,8.8,-0.15,-6.21,-6.12,497.5,365.1,171.4,400,350,250,1291,1265,1283,1259
98,49000,-9.2,-1.2,8.7,0.31,-5.95,-6.06,493.4,366.3,170.1,400,350,250,1265,1270,1274,1248
99,49500,-9.2,-1.4,8.5,0.75,-5.69,-5.99,487.9,357.0,161.9,400,350,250,1254,1241,1272,1275
100,50000,-9.2,-1.5,8.4,1.18,-5.44,-5.92,482.1,361.4,157.6,400,350,250,1262,1279,1248,1261
101,50500,-9.1,-1.7,8.2,1.59,-5.19,-5.86,484.0,362.7,159.6,400,350,250,1276,1262,1276,1297
102,51000,-9.1,-1.8,8.1,1.99,-4.94,-5.79,484.2,373.4,162.6,400,350,250,1272,1275,1287,1254
103,51500,-9.0,-1.9,8.0,2.38,-4.7,-5.72,483.1,372.7,174.9,400,350,250,1282,1312,1275,1276
104,52000,-9.0,-2.0,7.8,2.75,-4.46,-5.65,499.1,377.4,184.4,400,350,250,1254,1267,1221,1285
105,52500,-8.9,-2.1,7.7,3.11,-4.23,-5.59,495.1,382.6,189.7,400,350,250,1273,1269,1266,1260
106,53000,-8.8,-2.2,7.5,3.45,-4.0,-5.52,491.6,380.9,181.0,400,350,250,1274,1271,1287,1281
107,53500,-8.7,-2.3,7.4,3.78,-3.78,-5.45,488.1,377.5,177.2,400,350,250,1256,1296,1281,1259
108,54000,-8.6,-2.4,7.3,4.1,-3.56,-5.39,486.8,371.9,167.6,400,350,250,1298,1279,1287,1277
109,54500,-8.5,-2.5,7.1,4.4,-3.34,-5.32,477.1,361.4,175.4,400,350,250,1275,1270,1280,1275
110,55000,-8.4,-2.6,7.0,4.68,-3.13,-5.25,478.7,366.5,172.2,400,350,250,1243,1268,1285,1295
111,55500,-8.2,-2.6,6.9,4.96,-2.93,-5.19,476.4,371.2,183.0,400,350,250,1270,1286,1300,1276
112,56000,-8.1,-2.7,6.7,5.21,-2.73,-5.12,486.5,374.7,183.9,400,350,250,1274,1277,1292,1311
113,56500,-8.0,-2.8,6.6,5.46,-2.53,-5.05,482.5,380.7,191.2,400,350,250,1260,1283,1284,1271
114,57000,-7.8,-2.8,6.5,5.69,-2.34,-4.99,488.3,379.8,195.9,400,350,250,1253,1265,1268,1270
115,57500,-7.7,-2.9,6.4,5.9,-2.16,-4.92,487.0,385.8,191.4,400,350,250,1284,1300,1276,1282
116,58000,-7.5,-2.9,6.2,6.11,-1.98,-4.86,482.8,382.8,184.9,400,350,250,1314,1310,1247,1276
117,58500,-7.4,-3.0,6.1,6.3,-1.8,-4.79,472.6,380.7,188.5,400,350,250,1273,1261,1278,1292
118,59000,-7.2,-3.0,6.0,6.47,-1.63,-4.73,460.9,369.1,182.9,400,350,250,1248,1273,1271,1284
119,59500,-7.0,-3.0,5.9,6.64,-1.46,-4.66,459.8,369.1,181.6,400,350,250,1277,1268,1278,1289
120,60000,-6.9,-3.1,5.8,6.79,-1.3,-4.6,468.3,382.4,183.9,400,350,250,1272,1241,1306,1267
121,60500,-6.7,-3.1,5.7,6.92,-1.14,-4.53,466.7,383.0,187.7,400,350,250,1285,1278,1251,1283
122,61000,-6.5,-3.1,5.6,7.05,-0.99,-4.47,475.0,378.8,202.6,400,350,250,1282,1286,1285,1298
123,61500,-6.3,-3.2,5.4,7.16,-0.84,-4.41,470.4,392.8,201.7,400,350,250,1290,1267,1277,1305
124,62000,-6.2,-3.2,5.3,7.26,-0.7,-4.34,470.5,388.1,199.1,400,350,250,1267,1282,1293,1285
125,62500,-6.0,-3.2,5.2,7.35,-0.56,-4.28,465.0,384.8,206.2,400,350,250,1274,1271,1293,1280
126,63000,-5.8,-3.2,5.1,7.43,-0.42,-4.22,454.5,377.3,195.4,400,350,250,1289,1285,1262,1286
127,63500,-5.6,-3.2,5.0,7.49,-0.29,-4.16,450.1,371.3,196.2,400,350,250,1276,1275,1292,1300
128,64000,-5.4,-3.2,4.9,7.55,-0.17,-4.1,443.5,375.8,189.3,400,350,250,1315,1273,1298,1271
129,64500,-5.2,-3.2,4.8,7.59,-0.04,-4.04,449.9,385.3,186.1,400,350,250,1274,1288,1279,1271
130,65000,-5.0,-3.2,4.7,7.62,0.07,-3.98,458.4,381.7,195.6,400,350,250,1294,1255,1298,1272
131,65500,-4.8,-3.2,4.6,7.65,0.18,-3.92,453.7,391.7,208.9,400,350,250,1260,1256,1299,1292
132,66000,-4.7,-3.2,4.5,7.66,0.29,-3.86,451.1,393.1,214.5,400,350,250,1291,1248,1277,1295
133,66500,-4.5,-3.2,4.4,7.66,0.4,-3.8,454.9,392.7,203.2,400,350,250,1284,1289,1320,1268
134,67000,-4.3,-3.2,4.3,7.66,0.5,-3.74,445.0,385.4,213.7,400,350,250,1276,1299,1270,1286
135,67500,-4.1,-3.2,4.2,7.64,0.59,-3.68,436.8,380.3,202.9,400,350,250,1259,1299,1287,1274
136,68000,-3.9,-3.1,4.2,7.62,0.69,-3.63,433.2,378.8,198.1,400,350,250,1281,1291,1291,1278
137,68500,-3.7,-3.1,4.1,7.58,0.77,-3.57,420.5,378.1,202.6,400,350,250,1283,1279,1287,1277
138,69000,-3.5,-3.1,4.0,7.54,0.86,-3.51,425.1,372.1,201.9,400,350,250,1274,1266,1293,1264
139,69500,-3.3,-3.1,3.9,7.49,0.94,-3.46,434.9,375.7,211.5,400,350,250,1304,1287,1273,1285
140,70000,-3.1,-3.0,3.8,7.43,1.02,-3.4,436.4,377.9,213.9,400,350,250,1287,1277,1285,1295
141,70500,-3.0,-3.0,3.7,7.37,1.09,-3.35,440.4,391.6,222.9,400,350,250,1280,1284,1280,1280
142,71000,-2.8,-3.0,3.6,7.3,1.16,-3.29,434.6,380.6,219.8,400,350,250,1284,1270,1284,1293
143,71500,-2.6,-3.0,3.6,7.22,1.23,-3.24,429.1,391.7,207.8,400,350,250,1282,1258,1300,1325
144,72000,-2.4,-2.9,3.5,7.13,1.29,-3.19,412.5,378.1,215.6,400,350,250,1281,1294,1252,1298
145,72500,-2.2,-2.9,3.4,7.04,1.35,-3.13,417.5,372.6,207.2,400,350,250,1295,1278,1289,1278
146,73000,-2.1,-2.9,3.3,6.95,1.4,-3.08,403.5,370.3,209.4,400,350,250,1297,1273,1286,1295
147,73500,-1.9,-2.8,3.2,6.84,1.46,-3.03,413.4,377.1,219.4,400,350,250,1273,1258,1299,1309
148,74000,-1.7,-2.8,3.2,6.73,1.5,-2.98,419.8,379.9,214.6,400,350,250,1276,1300,1273,1259
149,74500,-1.6,-2.7,3.1,6.62,1.55,-2.93,415.9,391.7,231.0,400,350,250,1277,1276,1290,1276
150,75000,-1.4,-2.7,3.0,6.5,1.59,-2.88,427.0,384.6,223.2,400,350,250,1307,1279,1291,1287
151,75500,-1.2,-2.7,3.0,6.38,1.63,-2.83,418.8,385.6,225.3,400,350,250,1260,1255,1269,1276
152,76000,-1.1,-2.6,2.9,6.25,1.67,-2.78,414.7,380.4,227.3,400,350,250,1290,1276,1277,1256
153,76500,-0.9,-2.6,2.8,6.12,1.71,-2.73,407.0,376.2,222.3,400,350,250,1286,1286,1302,1289
154,77000,-0.8,-2.5,2.8,5.99,1.74,-2.68,404.3,371.3,216.9,400,350,250,1308,1280,1283,1276
155,77500,-0.6,-2.5,2.7,5.85,1.77,-2.64,394.9,372.9,221.9,400,350,250,1289,1297,1307,1301
156,78000,-0.5,-2.5,2.6,5.71,1.79,-2.59,403.5,363.2,215.0,400,350,250,1296,1311,1291,1276
157,78500,-0.4,-2.4,2.6,5.57,1.82,-2.54,400.9,370.2,219.8,400,350,250,1312,1280,1290,1322
158,79000,-0.2,-2.4,2.5,5.42,1.84,-2.5,411.2,379.3,226.9,400,350,250,1296,1314,1299,1309
159,79500,-0.1,-2.3,2.4,5.27,1.86,-2.45,409.1,383.1,232.7,400,350,250,1297,1310,1269,1289
160,80000,0.0,-2.3,2.4,5.12,1.87,-2.41,408.3,378.1,232.8,400,350,250,1302,1321,1300,1295
161,80500,0.2,-2.2,2.3,4.97,1.89,-2.36,396.1,383.9,231.1,400,350,250,1290,1274,1290,1274
162,81000,0.3,-2.2,2.3,4.81,1.9,-2.32,395.7,371.9,225.9,400,350,250,1295,1278,1313,1281
163,81500,0.4,-2.1,2.2,4.66,1.91,-2.28,382.1,363.9,218.4,400,350,250,1276,1286,1296,1274
164,82000,0.5,-2.1,2.1,4.5,1.92,-2.24,385.9,368.1,223.0,400,350,250,1289,1294,1290,1291
165,82500,0.6,-2.0,2.1,4.34,1.92,-2.19,390.5,363.7,213.3,400,350,250,1292,1279,1302,1283
166,83000,0.7,-2.0,2.0,4.18,1.93,-2.15,392.2,377.4,224.4,400,350,250,1276,1271,1256,1264
167,83500,0.8,-1.9,2.0,4.03,1.93,-2.11,397.7,371.3,227.2,400,350,250,1270,1302,1281,1287
168,84000,0.9,-1.9,1.9,3.87,1.93,-2.07,400.1,382.3,246.5,400,350,250,1308,1295,1296,1320
169,84500,1.0,-1.8,1.9,3.71,1.93,-2.03,403.3,374.8,240.8,400,350,250,1298,1294,1286,1273
170,85000,1.1,-1.8,1.8,3.55,1.92,-1.99,390.6,365.5,240.4,400,350,250,1302,1276,1315,1307
171,85500,1.2,-1.7,1.8,3.39,1.92,-1.95,378.5,372.8,233.5,400,350,250,1325,1275,1302,1300
172,86000,1.3,-1.7,1.7,3.23,1.91,-1.92,381.3,360.8,230.1,400,350,250,1272,1276,1273,1286
173,86500,1.4,-1.6,1.7,3.07,1.9,-1.88,375.7,359.5,225.8,400,350,250,1295,1284,1288,1309
174,87000,1.4,-1.6,1.6,2.92,1.89,-1.84,382.8,360.3,226.3,400,350,250,1318,1286,1305,1312
175,87500,1.5,-1.5,1.6,2.76,1.88,-1.81,383.2,368.0,228.8,400,350,250,1310,1298,1271,1305
176,88000,1.6,-1.5,1.5,2.61,1.87,-1.77,385.7,375.0,236.6,400,350,250,1293,1300,1291,1299
177,88500,1.6,-1.5,1.5,2.45,1.86,-1.73,389.8,375.4,243.1,400,350,250,1299,1255,1313,1296
178,89000,1.7,-1.4,1.5,2.3,1.84,-1.7,383.8,372.1,244.9,400,350,250,1312,1280,1319,1294
179,89500,1.7,-1.4,1.4,2.15,1.83,-1.67,395.8,366.6,242.0,400,350,250,1291,1280,1313,1310
180,90000,1.8,-1.3,1.4,2.01,1.81,-1.63,386.0,364.3,231.6,400,350,250,1272,1287,1287,1285
181,90500,1.8,-1.3,1.3,1.86,1.79,-1.6,377.0,357.0,228.4,400,350,250,1300,1295,1300,1308
182,91000,1.9,-1.2,1.3,1.71,1.78,-1.57,376.7,351.1,222.5,400,350,250,1319,1299,1314,1273
183,91500,1.9,-1.2,1.3,1.57,1.76,-1.53,373.8,356.2,225.8,400,350,250,1290,1309,1314,1322
184,92000,1.9,-1.1,1.2,1.43,1.74,-1.5,376.7,355.5,239.5,400,350,250,1312,1301,1279,1310
185,92500,2.0,-1.1,1.2,1.3,1.71,-1.47,388.6,368.5,241.4,400,350,250,1303,1310,1290,1271
186,93000,2.0,-1.1,1.2,1.16,1.69,-1.44,389.6,370.9,246.9,400,350,250,1312,1290,1297,1294
187,93500,2.0,-1.0,1.1,1.03,1.67,-1.41,389.4,374.0,245.3,400,350,250,1330,1322,1311,1308
188,94000,2.1,-1.0,1.1,0.9,1.65,-1.38,389.5,362.0,241.7,400,350,250,1283,1306,1319,1307
189,94500,2.1,-0.9,1.1,0.77,1.62,-1.35,378.0,355.6,237.3,400,350,250,1278,1315,1293,1283
190,95000,2.1,-0.9,1.0,0.65,1.6,-1.32,368.6,348.2,235.8,400,350,250,1316,1280,1314,1313
191,95500,2.1,-0.9,1.0,0.53,1.57,-1.29,368.2,344.2,228.7,400,350,250,1291,1305,1295,1270
192,96000,2.1,-0.8,1.0,0.41,1.55,-1.26,374.4,346.7,238.7,400,350,250,1282,1290,1288,1292
193,96500,2.1,-0.8,0.9,0.29,1.52,-1.24,384.3,361.5,243.5,400,350,250,1306,1278,1293,1293
194,97000,2.1,-0.7,0.9,0.18,1.49,-1.21,380.7,365.3,243.9,400,350,250,1291,1286,1270,1310
195,97500,2.1,-0.7,0.9,0.07,1.47,-1.18,392.6,366.3,246.0,400,350,250,1261,1304,1320,1306
196,98000,2.1,-0.7,0.8,-0.04,1.44,-1.15,389.6,369.8,253.4,400,350,250,1295,1318,1313,1279
197,98500,2.1,-0.6,0.8,-0.14,1.41,-1.13,379.5,353.0,243.9,400,350,250,1311,1286,1271,1322
198,99000,2.1,-0.6,0.8,-0.24,1.38,-1.1,376.7,358.2,233.3,400,350,250,1318,1334,1333,1299
199,99500,2.1,-0.6,0.8,-0.34,1.35,-1.08,372.1,347.2,238.6,400,350,250,1318,1304,1282,1314
200,100000,2.1,-0.5,0.7,-0.43,1.33,-1.05,368.8,349.5,235.5,400,350,250,1327,1320,1296,1308
201,100500,2.1,-0.5,0.7,-0.52,1.3,-1.03,381.4,348.1,240.0,400,350,250,1321,1322,1311,1284
202,101000,2.1,-0.5,0.7,-0.61,1.27,-1.01,375.4,356.8,245.9,400,350,250,1342,1291,1321,1315
203,101500,2.1,-0.4,0.6,-0.69,1.24,-0.98,379.3,357.6,250.6,400,350,250,1297,1302,1311,1292
204,102000,2.0,-0.4,0.6,-0.77,1.21,-0.96,390.2,360.2,250.3,400,350,250,1312,1296,1309,1328
205,102500,2.0,-0.4,0.6,-0.85,1.18,-0.94,386.7,359.9,253.7,400,350,250,1299,1321,1285,1314
206,103000,2.0,-0.3,0.6,-0.92,1.15,-0.91,379.6,351.8,252.8,400,350,250,1292,1331,1315,1327
207,103500,2.0,-0.3,0.6,-0.99,1.12,-0.89,372.0,353.5,245.8,400,350,250,1304,1303,1342,1308
208,104000,1.9,-0.3,0.5,-1.06,1.09,-0.87,370.6,342.1,238.1,400,350,250,1311,1308,1331,1301
209,104500,1.9,-0.3,0.5,-1.12,1.07,-0.85,374.7,350.4,232.8,400,350,250,1321,1333,1286,1289
210,105000,1.9,-0.2,0.5,-1.18,1.04,-0.83,373.1,341.1,242.9,400,350,250,1278,1314,1328,1282
211,105500,1.8,-0.2,0.5,-1.24,1.01,-0.81,382.4,346.6,250.5,400,350,250,1295,1303,1307,1315
212,106000,1.8,-0.2,0.5,-1.29,0.98,-0.79,387.6,359.1,250.5,400,350,250,1309,1289,1308,1278
213,106500,1.8,-0.2,0.4,-1.35,0.95,-0.77,389.0,368.1,254.7,400,350,250,1288,1311,1293,1282
214,107000,1.7,-0.1,0.4,-1.39,0.92,-0.75,385.6,360.4,253.5,400,350,250,1306,1294,1291,1328
215,107500,1.7,-0.1,0.4,-1.44,0.9,-0.73,384.3,347.8,238.0,400,350,250,1287,1345,1291,1307
216,108000,1.7,-0.1,0.4,-1.48,0.87,-0.71,378.6,344.9,239.7,400,350,250,1287,1292,1333,1297
217,108500,1.6,-0.1,0.4,-1.52,0.84,-0.69,378.3,335.3,236.6,400,350,250,1312,1324,1292,1317
218,109000,1.6,-0.1,0.3,-1.55,0.81,-0.68,377.9,340.0,240.8,400,350,250,1295,1297,1308,1268
219,109500,1.6,-0.0,0.3,-1.59,0.78,-0.66,381.1,343.5,238.0,400,350,250,1303,1320,1303,1328
220,110000,1.5,-0.0,0.3,-1.62,0.76,-0.64,383.4,348.2,256.4,400,350,250,1315,1324,1297,1321
221,110500,1.5,-0.0,0.3,-1.64,0.73,-0.63,394.1,360.5,255.0,400,350,250,1328,1300,1295,1287
222,111000,1.4,0.0,0.3,-1.67,0.71,-0.61,398.9,355.5,251.6,400,350,250,1296,1303,1291,1306
223,111500,1.4,0.0,0.3,-1.69,0.68,-0.59,388.7,352.6,248.7,400,350,250,1311,1303,1312,1314
224,112000,1.4,0.0,0.3,-1.71,0.65,-0.58,387.0,339.9,244.5,400,350,250,1299,1322,1287,1300
225,112500,1.3,0.1,0.2,-1.72,0.63,-0.56,379.3,341.6,245.1,400,350,250,1304,1325,1289,1284
226,113000,1.3,0.1,0.2,-1.74,0.6,-0.55,383.3,342.0,240.8,400,350,250,1313,1318,1293,1325
227,113500,1.2,0.1,0.2,-1.75,0.58,-0.53,378.7,346.0,241.3,400,350,250,1282,1292,1328,1309
228,114000,1.2,0.1,0.2,-1.76,0.55,-0.52,385.0,348.2,244.7,400,350,250,1304,1313,1314,1335
229,114500,1.1,0.1,0.2,-1.76,0.53,-0.5,393.4,360.8,259.9,400,350,250,1338,1328,1314,1314
230,115000,1.1,0.1,0.2,-1.77,0.51,-0.49,397.0,354.2,256.5,400,350,250,1303,1337,1320,1306
231,115500,1.0,0.1,0.2,-1.77,0.48,-0.47,390.2,356.6,255.0,400,350,250,1296,1296,1279,1321
232,116000,1.0,0.2,0.2,-1.77,0.46,-0.46,393.7,362.7,252.4,400,350,250,1311,1335,1315,1316
233,116500,1.0,0.2,0.1,-1.76,0.44,-0.45,386.7,343.6,252.3,400,350,250,1328,1339,1308,1314
234,117000,0.9,0.2,0.1,-1.76,0.42,-0.43,379.9,344.6,235.7,400,350,250,1322,1330,1335,1300
235,117500,0.9,0.2,0.1,-1.75,0.4,-0.42,386.8,336.3,236.9,400,350,250,1294,1331,1339,1305
236,118000,0.8,0.2,0.1,-1.74,0.37,-0.41,382.7,340.6,253.0,400,350,250,1329,1306,1287,1304
237,118500,0.8,0.2,0.1,-1.73,0.35,-0.4,396.8,355.3,247.8,400,350,250,1304,1307,1286,1328
238,119000,0.7,0.2,0.1,-1.72,0.33,-0.38,394.1,357.9,248.1,400,350,250,1296,1319,1303,1327
239,119500,0.7,0.2,0.1,-1.7,0.31,-0.37,402.0,352.0,260.6,400,350,250,1328,1287,1343,1323
240,120000,0.7,0.2,0.1,-1.69,0.29,-0.36,404.1,347.8,254.0,400,350,250,1310,1332,1294,1302
241,120500,0.6,0.2,0.1,-1.67,0.28,-0.35,388.3,349.2,253.3,400,350,250,1291,1307,1324,1340
242,121000,0.6,0.2,0.1,-1.65,0.26,-0.34,393.1,342.5,240.9,400,350,250,1302,1306,1318,1315
243,121500,0.5,0.3,0.0,-1.63,0.24,-0.33,393.1,340.3,237.0,400,350,250,1340,1331,1318,1306
244,122000,0.5,0.3,0.0,-1.61,0.22,-0.32,379.0,334.7,244.6,400,350,250,1305,1297,1320,1320
245,122500,0.4,0.3,0.0,-1.59,0.2,-0.31,393.2,345.3,250.7,400,350,250,1305,1332,1302,1328
246,123000,0.4,0.3,0.0,-1.56,0.19,-0.3,398.2,349.9,255.3,400,350,250,1317,1334,1331,1319
247,123500,0.4,0.3,0.0,-1.54,0.17,-0.29,401.1,351.4,254.9,400,350,250,1315,1317,1362,1327
248,124000,0.3,0.3,0.0,-1.51,0.16,-0.28,408.8,352.9,256.2,400,350,250,1313,1321,1303,1342
249,124500,0.3,0.3,-0.0,-1.48,0.14,-0.27,401.3,358.1,247.2,400,350,250,1318,1323,1321,1327
250,125000,0.3,0.3,-0.0,-1.45,0.12,-0.26,399.2,348.6,243.2,400,350,250,1308,1284,1328,1323
251,125500,0.2,0.3,-0.0,-1.42,0.11,-0.25,391.5,338.4,242.4,400,350,250,1347,1345,1318,1338
252,126000,0.2,0.3,-0.0,-1.39,0.1,-0.24,382.8,330.5,239.3,400,350,250,1306,1311,1322,1365
253,126500,0.2,0.3,-0.0,-1.36,0.08,-0.23,387.8,339.3,243.4,400,350,250,1319,1334,1346,1301
254,127000,0.1,0.3,-0.0,-1.33,0.07,-0.23,396.4,343.0,248.7,400,350,250,1297,1294,1285,1328
255,127500,0.1,0.3,-0.0,-1.29,0.06,-0.22,403.3,350.8,244.3,400,350,250,1315,1309,1299,1306
256,128000,0.1,0.3,-0.0,-1.26,0.04,-0.21,410.4,357.5,258.5,400,350,250,1328,1311,1322,1321
257,128500,0.0,0.3,-0.0,-1.23,0.03,-0.2,410.8,355.7,258.8,400,350,250,1319,1311,1354,1329
258,129000,-0.0,0.3,-0.1,-1.19,0.02,-0.19,406.8,361.3,261.2,400,350,250,1298,1332,1334,1349
259,129500,-0.0,0.3,-0.1,-1.16,0.01,-0.19,404.3,348.9,244.6,400,350,250,1308,1325,1329,1306
260,130000,-0.1,0.3,-0.1,-1.12,-0.0,-0.18,392.1,338.5,243.9,400,350,250,1327,1317,1303,1340
261,130500,-0.1,0.3,-0.1,-1.09,-0.01,-0.17,398.0,337.4,245.5,400,350,250,1329,1332,1329,1311
262,131000,-0.1,0.3,-0.1,-1.05,-0.02,-0.17,396.6,344.3,240.3,400,350,250,1352,1354,1350,1352
263,131500,-0.1,0.3,-0.1,-1.01,-0.03,-0.16,403.3,344.7,247.3,400,350,250,1310,1324,1322,1333
264,132000,-0.2,0.3,-0.1,-0.98,-0.04,-0.15,398.9,361.7,265.2,400,350,250,1323,1333,1330,1327
265,132500,-0.2,0.3,-0.1,-0.94,-0.05,-0.15,410.0,355.6,256.5,400,350,250,1326,1323,1328,1310
266,133000,-0.2,0.3,-0.1,-0.9,-0.06,-0.14,410.4,355.5,261.4,400,350,250,1308,1330,1338,1333
267,133500,-0.2,0.3,-0.1,-0.87,-0.07,-0.13,404.0,348.4,253.1,400,350,250,1335,1347,1322,1314
268,134000,-0.2,0.3,-0.1,-0.83,-0.08,-0.13,400.6,344.6,243.9,400,350,250,1313,1323,1334,1306
269,134500,-0.3,0.3,-0.1,-0.79,-0.08,-0.12,390.3,340.9,237.8,400,350,250,1326,1330,1323,1309
270,135000,-0.3,0.3,-0.1,-0.76,-0.09,-0.12,393.6,336.9,243.3,400,350,250,1312,1341,1300,1322
271,135500,-0.3,0.3,-0.1,-0.72,-0.1,-0.11,397.9,345.9,243.4,400,350,250,1333,1317,1336,1351
272,136000,-0.3,0.3,-0.1,-0.68,-0.1,-0.11,402.9,350.3,248.6,400,350,250,1340,1344,1326,1308
273,136500,-0.3,0.3,-0.1,-0.65,-0.11,-0.1,412.1,358.9,262.5,400,350,250,1338,1298,1316,1347
274,137000,-0.4,0.3,-0.1,-0.61,-0.12,-0.1,408.0,361.2,267.9,400,350,250,1338,1343,1321,1308
275,137500,-0.4,0.3,-0.1,-0.58,-0.12,-0.09,410.1,353.4,257.8,400,350,250,1337,1324,1329,1333
276,138000,-0.4,0.3,-0.1,-0.54,-0.13,-0.09,404.7,355.7,253.8,400,350,250,1328,1324,1317,1347
277,138500,-0.4,0.3,-0.1,-0.51,-0.13,-0.08,399.1,337.6,243.4,400,350,250,1325,1320,1343,1310
278,139000,-0.4,0.3,-0.1,-0.47,-0.14,-0.08,396.9,338.9,237.3,400,350,250,1328,1326,1335,1321
279,139500,-0.4,0.3,-0.1,-0.44,-0.14,-0.07,397.2,332.6,238.7,400,350,250,1339,1343,1327,1319
280,140000,-0.4,0.2,-0.1,-0.41,-0.14,-0.07,405.6,336.1,244.9,400,350,250,1338,1338,1312,1300
281,140500,-0.4,0.2,-0.1,-0.37,-0.15,-0.06,413.8,351.8,251.3,400,350,250,1329,1342,1289,1345
282,141000,-0.4,0.2,-0.1,-0.34,-0.15,-0.06,415.9,347.7,262.8,400,350,250,1302,1346,1335,1362
283,141500,-0.5,0.2,-0.1,-0.31,-0.16,-0.06,411.1,356.7,264.4,400,350,250,1319,1318,1323,1328
284,142000,-0.5,0.2,-0.1,-0.28,-0.16,-0.05,405.2,354.6,258.4,400,350,250,1330,1355,1324,1349
285,142500,-0.5,0.2,-0.1,-0.25,-0.16,-0.05,400.9,349.1,241.9,400,350,250,1332,1327,1322,1320
286,143000,-0.5,0.2,-0.1,-0.22,-0.16,-0.04,395.9,337.5,235.1,400,350,250,1321,1322,1322,1314
287,143500,-0.5,0.2,-0.1,-0.19,-0.17,-0.04,394.8,341.5,240.8,400,350,250,1323,1350,1345,1344
288,144000,-0.5,0.2,-0.1,-0.16,-0.17,-0.04,402.8,339.9,244.1,400,350,250,1347,1322,1329,1336
289,144500,-0.5,0.2,-0.1,-0.13,-0.17,-0.03,405.9,346.3,254.8,400,350,250,1328,1342,1347,1341
290,145000,-0.5,0.2,-0.1,-0.1,-0.17,-0.03,413.8,349.2,252.0,400,350,250,1322,1338,1354,1313
291,145500,-0.5,0.2,-0.1,-0.08,-0.17,-0.03,415.5,353.9,257.7,400,350,250,1327,1342,1335,1349
292,146000,-0.5,0.2,-0.1,-0.05,-0.17,-0.02,408.9,359.5,263.0,400,350,250,1333,1339,1323,1315
293,146500,-0.5,0.2,-0.1,-0.02,-0.17,-0.02,405.8,348.0,265.4,400,350,250,1325,1357,1335,1337
294,147000,-0.5,0.2,-0.1,0.0,-0.18,-0.02,403.6,340.7,250.7,400,350,250,1338,1309,1341,1341
295,147500,-0.5,0.2,-0.1,0.02,-0.18,-0.02,397.9,345.6,240.8,400,350,250,1340,1344,1319,1351
296,148000,-0.5,0.2,-0.1,0.05,-0.18,-0.01,390.2,334.0,244.5,400,350,250,1317,1331,1308,1334
297,148500,-0.5,0.2,-0.1,0.07,-0.18,-0.01,395.9,345.2,240.8,400,350,250,1340,1329,1334,1332
298,149000,-0.5,0.2,-0.1,0.09,-0.18,-0.01,407.7,345.3,243.4,400,350,250,1334,1319,1327,1340
299,149500,-0.5,0.2,-0.1,0.11,-0.18,-0.01,404.8,353.2,256.8,400,350,250,1318,1339,1332,1321
300,150000,-0.5,0.2,-0.1,0.13,-0.18,-0.0,410.3,361.0,258.2,400,350,250,1343,1341,1306,1318
301,150500,-0.5,0.2,-0.1,0.15,-0.18,-0.0,410.9,355.9,260.6,400,350,250,1346,1350,1329,1331
302,151000,-0.5,0.2,-0.1,0.17,-0.18,0.0,407.4,346.3,255.2,400,350,250,1311,1344,1332,1305
303,151500,-0.5,0.2,-0.1,0.19,-0.17,0.0,401.9,343.0,244.7,400,350,250,1319,1328,1358,1323
304,152000,-0.5,0.1,-0.1,0.21,-0.17,0.01,381.1,335.5,237.0,400,350,250,1333,1329,1322,1323
305,152500,-0.5,0.1,-0.1,0.22,-0.17,0.01,401.2,335.3,251.6,400,350,250,1327,1319,1347,1344
306,153000,-0.4,0.1,-0.1,0.24,-0.17,0.01,398.7,350.0,242.4,400,350,250,1322,1353,1332,1316
307,153500,-0.4,0.1,-0.1,0.25,-0.17,0.01,411.7,357.5,256.4,400,350,250,1309,1331,1342,1348
308,154000,-0.4,0.1,-0.1,0.27,-0.17,0.01,421.1,357.0,258.7,400,350,250,1336,1355,1322,1356
309,154500,-0.4,0.1,-0.1,0.28,-0.17,0.01,401.9,360.5,257.2,400,350,250,1344,1347,1319,1336
310,155000,-0.4,0.1,-0.1,0.29,-0.17,0.02,408.7,354.6,251.1,400,350,250,1322,1308,1375,1334
311,155500,-0.4,0.1,-0.1,0.31,-0.16,0.02,399.8,339.4,251.6,400,350,250,1329,1359,1350,1338
312,156000,-0.4,0.1,-0.1,0.32,-0.16,0.02,398.3,335.8,241.4,400,350,250,1329,1319,1338,1336
313,156500,-0.4,0.1,-0.1,0.33,-0.16,0.02,400.4,326.2,239.3,400,350,250,1324,1331,1344,1344
314,157000,-0.4,0.1,-0.1,0.34,-0.16,0.02,398.8,341.8,248.1,400,350,250,1344,1311,1334,1318
315,157500,-0.4,0.1,-0.1,0.35,-0.16,0.02,400.7,351.2,253.2,400,350,250,1340,1326,1336,1325
316,158000,-0.4,0.1,-0.1,0.36,-0.16,0.02,412.9,359.4,265.9,400,350,250,1358,1327,1332,1325
317,158500,-0.4,0.1,-0.1,0.36,-0.15,0.03,414.5,366.7,263.8,400,350,250,1306,1320,1320,1347
318,159000,-0.4,0.1,-0.1,0.37,-0.15,0.03,410.3,357.0,265.1,400,350,250,1327,1327,1369,1345
319,159500,-0.3,0.1,-0.1,0.38,-0.15,0.03,400.6,341.3,245.4,400,350,250,1303,1341,1341,1355
320,160000,-0.3,0.1,-0.1,0.38,-0.15,0.03,396.4,340.0,241.9,400,350,250,1369,1314,1343,1341
321,160500,-0.3,0.1,-0.1,0.39,-0.14,0.03,396.0,337.9,243.6,400,350,250,1353,1338,1334,1338
322,161000,-0.3,0.1,-0.1,0.39,-0.14,0.03,391.3,340.4,242.1,400,350,250,1344,1361,1360,1334
323,161500,-0.3,0.1,-0.1,0.4,-0.14,0.03,403.4,348.4,252.2,400,350,250,1341,1345,1334,1329
324,162000,-0.3,0.1,-0.1,0.4,-0.14,0.03,411.3,359.4,258.7,400,350,250,1348,1345,1335,1315
325,162500,-0.3,0.1,-0.1,0.4,-0.14,0.03,414.8,359.4,258.3,400,350,250,1327,1361,1315,1368
326,163000,-0.3,0.1,-0.1,0.4,-0.13,0.03,414.2,367.8,257.2,400,350,250,1342,1334,1344,1339
327,163500,-0.3,0.1,-0.1,0.41,-0.13,0.04,403.5,357.6,251.9,400,350,250,1335,1351,1334,1336
328,164000,-0.3,0.1,-0.1,0.41,-0.13,0.04,400.7,344.7,243.0,400,350,250,1341,1339,1368,1326
329,164500,-0.2,0.1,-0.1,0.41,-0.13,0.04,397.7,337.7,241.1,400,350,250,1338,1347,1356,1369
330,165000,-0.2,0.0,-0.1,0.41,-0.12,0.04,390.3,345.3,245.6,400,350,250,1355,1332,1357,1342
331,165500,-0.2,0.0,-0.1,0.41,-0.12,0.04,398.2,343.0,248.4,400,350,250,1360,1360,1340,1358
332,166000,-0.2,0.0,-0.1,0.41,-0.12,0.04,409.4,347.3,258.5,400,350,250,1324,1352,1353,1366
333,166500,-0.2,0.0,-0.1,0.4,-0.11,0.04,410.8,355.3,255.6,400,350,250,1325,1356,1341,1333
334,167000,-0.2,0.0,-0.1,0.4,-0.11,0.04,413.9,356.4,259.2,400,350,250,1338,1369,1366,1342
335,167500,-0.2,0.0,-0.1,0.4,-0.11,0.04,402.4,357.6,258.3,400,350,250,1350,1353,1340,1359
336,168000,-0.2,0.0,-0.1,0.4,-0.11,0.04,405.4,350.8,249.8,400,350,250,1338,1355,1329,1343
337,168500,-0.2,0.0,-0.1,0.39,-0.1,0.04,392.2,337.7,247.0,400,350,250,1345,1346,1358,1323
338,169000,-0.2,0.0,-0.1,0.39,-0.1,0.04,391.4,341.1,244.6,400,350,250,1329,1356,1349,1366
339,169500,-0.1,0.0,-0.1,0.39,-0.1,0.04,398.0,343.9,251.7,400,350,250,1346,1340,1341,1332
340,170000,-0.1,0.0,-0.1,0.38,-0.1,0.04,399.2,340.3,248.7,400,350,250,1353,1361,1341,1367
341,170500,-0.1,0.0,-0.1,0.38,-0.09,0.04,403.7,354.3,248.6,400,350,250,1335,1335,1368,1354
342,171000,-0.1,0.0,-0.1,0.37,-0.09,0.04,406.4,361.4,262.4,400,350,250,1343,1347,1342,1339
343,171500,-0.1,0.0,-0.1,0.37,-0.09,0.04,403.1,358.4,265.0,400,350,250,1368,1343,1336,1344
344,172000,-0.1,0.0,-0.1,0.36,-0.09,0.04,408.1,354.9,252.4,400,350,250,1353,1344,1355,1341
345,172500,-0.1,0.0,-0.1,0.36,-0.08,0.04,391.6,346.5,250.4,400,350,250,1332,1346,1361,1342
346,173000,-0.1,0.0,-0.1,0.35,-0.08,0.04,389.3,348.9,245.3,400,350,250,1363,1334,1372,1324
347,173500,-0.1,0.0,-0.1,0.34,-0.08,0.04,389.1,343.2,246.6,400,350,250,1335,1339,1351,1320
348,174000,-0.1,0.0,-0.1,0.34,-0.08,0.04,398.0,347.0,244.1,400,350,250,1356,1360,1353,1356
349,174500,-0.1,0.0,-0.1,0.33,-0.07,0.04,408.4,350.1,253.6,400,350,250,1341,1364,1343,1356
350,175000,-0.0,0.0,-0.1,0.32,-0.07,0.04,409.1,358.3,265.7,400,350,250,1348,1370,1361,1368
351,175500,-0.0,0.0,-0.1,0.32,-0.07,0.04,409.7,363.5,263.8,400,350,250,1341,1353,1348,1349
352,176000,-0.0,-0.0,-0.1,0.31,-0.07,0.04,411.9,353.7,251.0,400,350,250,1325,1343,1340,1350
353,176500,-0.0,-0.0,-0.1,0.3,-0.06,0.04,402.1,356.5,251.8,400,350,250,1357,1339,1359,1370
354,177000,-0.0,-0.0,-0.1,0.29,-0.06,0.04,398.3,335.4,247.3,400,350,250,1373,1362,1329,1346
355,177500,-0.0,-0.0,-0.1,0.29,-0.06,0.04,392.3,341.6,237.8,400,350,250,1338,1365,1331,1371
356,178000,-0.0,-0.0,-0.1,0.28,-0.06,0.04,392.4,343.5,238.1,400,350,250,1342,1361,1330,1381
357,178500,0.0,-0.0,-0.1,0.27,-0.05,0.04,393.3,344.1,249.8,400,350,250,1358,1362,1346,1348
358,179000,0.0,-0.0,-0.1,0.26,-0.05,0.04,404.8,353.7,246.8,400,350,250,1365,1355,1354,1343
359,179500,0.0,-0.0,-0.1,0.25,-0.05,0.04,410.7,359.9,260.4,400,350,250,1368,1327,1356,1337
360,180000,0.0,-0.0,-0.1,0.24,-0.05,0.04,407.2,364.5,255.3,400,350,250,1351,1344,1366,1338
361,180500,0.0,-0.0,-0.1,0.24,-0.05,0.04,396.0,354.9,252.3,400,350,250,1348,1368,1340,1347
362,181000,0.0,-0.0,-0.1,0.23,-0.04,0.04,395.7,347.2,244.3,400,350,250,1368,1385,1347,1380
363,181500,0.0,-0.0,-0.1,0.22,-0.04,0.04,382.0,346.1,240.0,400,350,250,1355,1348,1344,1335
364,182000,0.0,-0.0,-0.1,0.21,-0.04,0.04,388.7,345.8,245.8,400,350,250,1348,1346,1343,1336
365,182500,0.1,-0.0,-0.1,0.2,-0.04,0.04,402.2,348.5,247.0,400,350,250,1347,1339,1373,1365
366,183000,0.1,-0.0,-0.1,0.19,-0.04,0.04,398.9,357.1,249.7,400,350,250,1363,1340,1348,1361
367,183500,0.1,-0.0,-0.1,0.19,-0.03,0.04,409.9,362.9,256.4,400,350,250,1377,1374,1354,1361
368,184000,0.1,-0.0,-0.1,0.18,-0.03,0.04,406.2,359.5,255.6,400,350,250,1356,1357,1374,1368
369,184500,0.1,-0.0,-0.1,0.17,-0.03,0.04,408.0,354.4,255.5,400,350,250,1350,1358,1327,1366
370,185000,0.1,-0.0,-0.1,0.16,-0.03,0.04,391.6,346.6,249.2,400,350,250,1348,1379,1354,1378
371,185500,0.1,-0.0,-0.1,0.15,-0.03,0.04,395.7,340.3,244.2,400,350,250,1374,1351,1357,1347
372,186000,0.1,-0.0,-0.1,0.14,-0.02,0.04,389.3,338.7,240.9,400,350,250,1370,1376,1358,1359
373,186500,0.1,-0.0,-0.1,0.14,-0.02,0.04,395.6,342.3,239.8,400,350,250,1372,1343,1370,1342
374,187000,0.1,-0.0,-0.1,0.13,-0.02,0.04,406.3,346.4,254.1,400,350,250,1378,1343,1378,1345
375,187500,0.1,-0.0,-0.1,0.12,-0.02,0.04,399.4,360.1,260.5,400,350,250,1354,1320,1356,1352
376,188000,0.1,-0.0,-0.1,0.11,-0.02,0.04,407.8,359.3,254.0,400,350,250,1349,1383,1379,1352
377,188500,0.1,-0.0,-0.1,0.1,-0.02,0.04,404.2,359.6,262.6,400,350,250,1368,1340,1360,1359
378,189000,0.1,-0.0,-0.1,0.1,-0.01,0.04,405.8,356.1,254.0,400,350,250,1375,1352,1380,1351
379,189500,0.1,-0.0,-0.1,0.09,-0.01,0.04,394.5,347.8,241.2,400,350,250,1348,1333,1360,1357
380,190000,0.1,-0.0,-0.1,0.08,-0.01,0.04,387.7,342.1,232.5,400,350,250,1358,1359,1354,1370
381,190500,0.1,-0.0,-0.1,0.07,-0.01,0.04,397.0,339.8,238.3,400,350,250,1350,1360,1367,1346
382,191000,0.1,-0.0,-0.1,0.07,-0.01,0.04,400.1,343.7,251.1,400,350,250,1365,1365,1390,1355
383,191500,0.1,-0.0,-0.1,0.06,-0.01,0.04,403.1,356.9,258.7,400,350,250,1340,1363,1348,1368
384,192000,0.1,-0.0,-0.1,0.05,-0.01,0.04,413.9,360.2,259.9,400,350,250,1362,1317,1370,1367
385,192500,0.1,-0.0,-0.1,0.05,-0.01,0.04,408.9,358.1,257.2,400,350,250,1357,1377,1358,1379
386,193000,0.1,-0.0,-0.1,0.04,-0.0,0.04,393.0,352.5,255.6,400,350,250,1360,1336,1350,1378
387,193500,0.1,-0.0,-0.1,0.03,-0.0,0.04,390.4,342.9,242.8,400,350,250,1352,1370,1369,1331
388,194000,0.1,-0.0,-0.1,0.03,-0.0,0.04,395.3,338.8,239.1,400,350,250,1385,1359,1343,1351
389,194500,0.1,-0.0,-0.1,0.02,-0.0,0.04,386.2,336.5,239.4,400,350,250,1373,1366,1341,1401
390,195000,0.1,-0.0,-0.1,0.01,-0.0,0.04,389.8,345.5,245.4,400,350,250,1372,1356,1368,1391
391,195500,0.1,-0.0,-0.1,0.01,0.0,0.04,401.5,348.4,254.1,400,350,250,1350,1356,1364,1366
392,196000,0.1,-0.0,-0.1,0.0,0.0,0.04,406.3,362.1,258.4,400,350,250,1343,1374,1357,1379
393,196500,0.1,-0.0,-0.1,-0.0,0.0,0.03,406.6,362.7,262.0,400,350,250,1323,1341,1346,1382
394,197000,0.1,-0.0,-0.1,-0.01,0.0,0.03,398.0,360.1,261.1,400,350,250,1369,1372,1355,1362
395,197500,0.1,-0.0,-0.1,-0.01,0.0,0.03,398.8,350.9,252.2,400,350,250,1360,1353,1355,1369
396,198000,0.1,-0.0,-0.1,-0.02,0.01,0.03,384.7,337.7,241.1,400,350,250,1355,1359,1325,1358
397,198500,0.1,-0.0,-0.0,-0.02,0.01,0.03,387.5,342.9,232.5,400,350,250,1359,1370,1370,1380
398,199000,0.1,-0.0,-0.0,-0.03,0.01,0.03,395.6,338.9,245.6,400,350,250,1359,1352,1386,1354
399,199500,0.1,-0.0,-0.0,-0.03,0.01,0.03,395.3,348.4,246.9,400,350,250,1378,1369,1384,1370
400,200000,0.1,-0.0,-0.0,-0.04,0.01,0.03,403.5,361.2,254.9,400,350,250,1357,1362,1365,1381
401,200500,0.1,-0.0,-0.0,-0.04,0.01,0.03,407.0,362.0,260.7,400,350,250,1346,1349,1361,1370
402,201000,0.1,-0.0,-0.0,-0.05,0.01,0.03,408.4,360.3,258.9,400,350,250,1358,1371,1350,1345
403,201500,0.1,-0.0,-0.0,-0.05,0.01,0.03,399.2,346.3,250.0,400,350,250,1354,1357,1364,1353
404,202000,0.1,-0.0,-0.0,-0.05,0.01,0.03,391.4,337.7,245.1,400,350,250,1353,1371,1324,1354
405,202500,0.1,-0.0,-0.0,-0.06,0.01,0.03,389.7,330.6,238.8,400,350,250,1367,1367,1344,1369
406,203000,0.1,-0.0,-0.0,-0.06,0.01,0.03,390.6,337.5,244.3,400,350,250,1365,1366,1359,1374
407,203500,0.1,-0.0,-0.0,-0.06,0.01,0.03,396.6,351.8,249.4,400,350,250,1357,1363,1379,1361
408,204000,0.1,-0.0,-0.0,-0.07,0.01,0.03,405.4,357.2,254.6,400,350,250,1333,1368,1370,1368
409,204500,0.1,-0.0,-0.0,-0.07,0.01,0.03,406.0,364.8,259.8,400,350,250,1358,1356,1372,1351
410,205000,0.1,-0.0,-0.0,-0.07,0.01,0.03,404.7,367.5,265.0,400,350,250,1382,1387,1376,1343
411,205500,0.1,-0.0,-0.0,-0.07,0.01,0.03,407.6,358.9,256.2,400,350,250,1339,1385,1387,1360
412,206000,0.1,-0.0,-0.0,-0.08,0.01,0.03,395.7,349.4,246.2,400,350,250,1384,1369,1378,1369
413,206500,0.1,-0.0,-0.0,-0.08,0.01,0.03,383.9,336.8,253.1,400,350,250,1372,1387,1384,1393
414,207000,0.1,-0.0,-0.0,-0.08,0.01,0.03,391.3,337.9,240.4,400,350,250,1340,1365,1381,1337
415,207500,0.1,-0.0,-0.0,-0.08,0.01,0.03,394.9,348.4,250.5,400,350,250,1355,1359,1341,1354
416,208000,0.1,-0.0,-0.0,-0.08,0.01,0.03,404.0,361.0,248.7,400,350,250,1389,1375,1362,1401
417,208500,0.1,-0.0,-0.0,-0.09,0.02,0.03,398.4,359.0,260.2,400,350,250,1400,1395,1402,1371
418,209000,0.1,-0.0,-0.0,-0.09,0.02,0.03,413.4,365.8,262.7,400,350,250,1375,1367,1363,1351
419,209500,0.1,-0.0,-0.0,-0.09,0.02,0.03,412.8,354.4,248.2,400,350,250,1374,1369,1372,1396
420,210000,0.1,-0.0,-0.0,-0.09,0.02,0.03,397.2,347.5,245.8,400,350,250,1370,1364,1373,1416
421,210500,0.1,-0.0,-0.0,-0.09,0.02,0.03,392.4,338.4,249.4,400,350,250,1383,1382,1381,1382
422,211000,0.1,-0.0,-0.0,-0.09,0.02,0.02,391.4,345.1,243.7,400,350,250,1390,1363,1371,1360
423,211500,0.1,-0.0,-0.0,-0.09,0.02,0.02,396.2,346.5,241.6,400,350,250,1379,1409,1389,1355
424,212000,0.1,-0.0,-0.0,-0.09,0.02,0.02,399.6,353.2,250.7,400,350,250,1377,1388,1376,1355
425,212500,0.1,-0.0,-0.0,-0.09,0.02,0.02,409.9,357.5,258.5,400,350,250,1363,1351,1353,1366
426,213000,0.1,-0.0,-0.0,-0.09,0.02,0.02,405.9,350.2,265.4,400,350,250,1355,1361,1379,1337
427,213500,0.1,-0.0,-0.0,-0.09,0.02,0.02,412.3,354.8,260.5,400,350,250,1365,1376,1374,1372
428,214000,0.1,-0.0,-0.0,-0.09,0.02,0.02,392.8,344.9,250.6,400,350,250,1393,1364,1380,1375
429,214500,0.1,-0.0,-0.0,-0.09,0.02,0.02,394.4,347.0,237.4,400,350,250,1377,1370,1368,1360
430,215000,0.1,-0.0,-0.0,-0.09,0.02,0.02,385.8,335.5,235.4,400,350,250,1410,1398,1373,1384
431,215500,0.0,-0.0,-0.0,-0.09,0.02,0.02,387.3,330.9,234.8,400,350,250,1375,1394,1373,1359
432,216000,0.0,-0.0,-0.0,-0.09,0.02,0.02,397.1,344.7,243.3,400,350,250,1370,1368,1362,1361
433,216500,0.0,-0.0,-0.0,-0.09,0.02,0.02,402.2,357.3,261.9,400,350,250,1371,1406,1350,1378
434,217000,0.0,-0.0,-0.0,-0.09,0.02,0.02,405.6,360.0,261.2,400,350,250,1382,1391,1366,1356
435,217500,0.0,-0.0,-0.0,-0.09,0.02,0.02,407.9,360.3,256.5,400,350,250,1387,1399,1354,1380
436,218000,0.0,-0.0,-0.0,-0.09,0.02,0.02,406.1,345.1,253.5,400,350,250,1371,1354,1394,1378
437,218500,0.0,-0.0,-0.0,-0.09,0.02,0.02,392.4,346.5,247.3,400,350,250,1386,1383,1381,1358
438,219000,0.0,-0.0,-0.0,-0.09,0.02,0.02,387.7,340.3,229.1,400,350,250,1406,1370,1360,1349
439,219500,0.0,-0.0,-0.0,-0.09,0.02,0.02,391.2,340.7,238.4,400,350,250,1369,1363,1365,1374
440,220000,0.0,-0.0,-0.0,-0.09,0.02,0.02,393.8,349.3,246.2,400,350,250,1378,1382,1394,1385
441,220500,0.0,-0.0,-0.0,-0.09,0.02,0.02,405.2,354.0,251.6,400,350,250,1371,1386,1379,1370
442,221000,0.0,-0.0,-0.0,-0.08,0.02,0.02,404.6,354.2,261.5,400,350,250,1391,1382,1356,1373
443,221500,0.0,-0.0,-0.0,-0.08,0.01,0.02,410.6,356.5,261.5,400,350,250,1374,1364,1359,1389
444,222000,0.0,-0.0,-0.0,-0.08,0.01,0.02,405.5,351.0,250.6,400,350,250,1390,1386,1373,1400
445,222500,0.0,-0.0,-0.0,-0.08,0.01,0.02,395.0,342.3,250.7,400,350,250,1374,1382,1378,1363
446,223000,0.0,-0.0,-0.0,-0.08,0.01,0.02,385.5,339.6,246.0,400,350,250,1363,1397,1381,1361
447,223500,0.0,-0.0,-0.0,-0.08,0.01,0.02,390.6,342.0,236.4,400,350,250,1347,1383,1362,1384
448,224000,0.0,-0.0,-0.0,-0.08,0.01,0.02,387.3,344.4,241.9,400,350,250,1356,1375,1381,1370
449,224500,0.0,-0.0,-0.0,-0.07,0.01,0.02,398.2,353.8,246.3,400,350,250,1386,1386,1403,1391
450,225000,0.0,-0.0,-0.0,-0.07,0.01,0.02,410.6,360.4,259.6,400,350,250,1359,1400,1386,1375
451,225500,0.0,-0.0,-0.0,-0.07,0.01,0.02,406.0,366.4,262.8,400,350,250,1362,1389,1407,1379
452,226000,0.0,-0.0,-0.0,-0.07,0.01,0.02,407.4,354.4,253.6,400,350,250,1395,1424,1381,1377
453,226500,0.0,-0.0,-0.0,-0.07,0.01,0.02,401.0,346.8,250.9,400,350,250,1392,1365,1364,1378
454,227000,0.0,-0.0,-0.0,-0.06,0.01,0.01,394.3,342.3,246.1,400,350,250,1360,1387,1371,1381
455,227500,-0.0,-0.0,-0.0,-0.06,0.01,0.01,390.5,335.5,238.5,400,350,250,1363,1384,1368,1373
456,228000,-0.0,-0.0,-0.0,-0.06,0.01,0.01,394.3,340.9,248.0,400,350,250,1371,1393,1385,1365
457,228500,-0.0,-0.0,-0.0,-0.06,0.01,0.01,400.4,348.0,250.0,400,350,250,1377,1407,1375,1404
458,229000,-0.0,-0.0,-0.0,-0.06,0.01,0.01,410.2,353.4,249.6,400,350,250,1391,1352,1391,1396
459,229500,-0.0,-0.0,-0.0,-0.06,0.01,0.01,412.5,360.1,260.0,400,350,250,1385,1377,1373,1376
460,230000,-0.0,-0.0,-0.0,-0.05,0.01,0.01,411.9,354.9,258.9,400,350,250,1365,1371,1362,1379
461,230500,-0.0,-0.0,-0.0,-0.05,0.01,0.01,402.3,350.8,247.8,400,350,250,1391,1377,1387,1386
462,231000,-0.0,-0.0,-0.0,-0.05,0.01,0.01,394.3,332.5,237.2,400,350,250,1393,1381,1415,1379
463,231500,-0.0,-0.0,-0.0,-0.05,0.01,0.01,387.0,344.9,241.3,400,350,250,1410,1390,1379,1393
464,232000,-0.0,-0.0,-0.0,-0.05,0.01,0.01,389.2,340.5,240.1,400,350,250,1379,1394,1376,1387
465,232500,-0.0,-0.0,-0.0,-0.04,0.01,0.01,397.9,353.1,239.1,400,350,250,1380,1385,1367,1398
466,233000,-0.0,-0.0,-0.0,-0.04,0.01,0.01,408.4,362.4,261.2,400,350,250,1393,1381,1368,1380
467,233500,-0.0,-0.0,-0.0,-0.04,0.01,0.01,409.3,361.9,259.3,400,350,250,1428,1360,1401,1377
468,234000,-0.0,-0.0,-0.0,-0.04,0.01,0.01,407.6,362.0,258.5,400,350,250,1366,1390,1381,1354
469,234500,-0.0,-0.0,-0.0,-0.04,0.01,0.01,402.0,347.0,248.3,400,350,250,1391,1388,1380,1416
470,235000,-0.0,-0.0,-0.0,-0.03,0.01,0.01,394.9,340.8,244.2,400,350,250,1383,1353,1362,1364
471,235500,-0.0,-0.0,-0.0,-0.03,0.01,0.01,397.3,338.4,238.1,400,350,250,1377,1399,1385,1409
472,236000,-0.0,-0.0,-0.0,-0.03,0.01,0.01,394.4,347.5,240.8,400,350,250,1390,1379,1383,1360
473,236500,-0.0,-0.0,-0.0,-0.03,0.01,0.01,396.2,344.6,245.8,400,350,250,1403,1389,1403,1398
474,237000,-0.0,-0.0,-0.0,-0.03,0.01,0.01,410.1,360.2,254.1,400,350,250,1397,1381,1378,1403
475,237500,-0.0,-0.0,-0.0,-0.02,0.01,0.01,419.4,357.1,267.6,400,350,250,1398,1374,1390,1391
476,238000,-0.0,-0.0,-0.0,-0.02,0.01,0.01,410.9,357.9,254.4,400,350,250,1387,1399,1397,1396
477,238500,-0.0,-0.0,-0.0,-0.02,0.01,0.01,406.9,348.6,252.3,400,350,250,1391,1401,1389,1394
478,239000,-0.0,-0.0,-0.0,-0.02,0.01,0.01,395.0,352.3,235.9,400,350,250,1386,1422,1390,1360
479,239500,-0.0,-0.0,-0.0,-0.02,0.01,0.01,390.0,333.8,236.7,400,350,250,1390,1412,1394,1397
480,240000,-0.0,-0.0,-0.0,-0.02,0.01,0.01,394.6,341.2,237.2,400,350,250,1386,1392,1383,1378
481,240500,-0.0,-0.0,-0.0,-0.01,0.01,0.01,395.8,341.2,243.1,400,350,250,1386,1382,1388,1408
482,241000,-0.0,0.0,-0.0,-0.01,0.01,0.01,406.7,355.1,250.8,400,350,250,1372,1393,1375,1394
483,241500,-0.0,0.0,-0.0,-0.01,0.01,0.01,406.7,361.1,260.4,400,350,250,1403,1382,1383,1392
484,242000,-0.0,0.0,-0.0,-0.01,0.01,0.01,410.4,366.4,259.0,400,350,250,1381,1384,1395,1392
485,242500,-0.0,0.0,-0.0,-0.01,0.01,0.01,406.5,348.3,263.2,400,350,250,1415,1388,1371,1391
486,243000,-0.0,0.0,-0.0,-0.01,0.01,0.01,397.1,336.7,245.4,400,350,250,1368,1396,1409,1404
487,243500,-0.0,0.0,-0.0,-0.0,0.01,0.01,384.0,344.9,243.1,400,350,250,1384,1396,1411,1384
488,244000,-0.0,0.0,-0.0,-0.0,0.0,0.01,390.0,337.6,244.3,400,350,250,1358,1410,1376,1403
489,244500,-0.0,0.0,-0.0,-0.0,0.0,0.01,389.8,342.2,243.6,400,350,250,1402,1366,1399,1381
490,245000,-0.0,0.0,-0.0,-0.0,0.0,0.01,409.3,353.0,256.2,400,350,250,1388,1416,1385,1390
491,245500,-0.0,0.0,-0.0,0.0,0.0,0.01,418.2,360.5,263.0,400,350,250,1380,1393,1358,1392
492,246000,-0.0,0.0,-0.0,0.0,0.0,0.01,408.2,354.6,255.0,400,350,250,1407,1397,1369,1417
493,246500,-0.0,0.0,-0.0,0.0,0.0,0.01,402.3,353.2,255.7,400,350,250,1375,1368,1380,1408
494,247000,-0.0,0.0,-0.0,0.0,0.0,0.01,400.2,340.1,250.9,400,350,250,1392,1398,1392,1397
495,247500,-0.0,0.0,-0.0,0.01,0.0,0.01,386.3,336.4,237.3,400,350,250,1386,1400,1374,1415
496,248000,-0.0,0.0,-0.0,0.01,0.0,0.01,387.2,337.1,242.1,400,350,250,1398,1387,1376,1377
497,248500,-0.0,0.0,-0.0,0.01,0.0,0.01,389.0,349.2,249.1,400,350,250,1419,1399,1397,1403
498,249000,-0.0,0.0,-0.0,0.01,0.0,0.01,407.2,352.3,254.7,400,350,250,1423,1368,1372,1378
499,249500,-0.0,0.0,-0.0,0.01,0.0,0.01,413.0,364.4,258.6,400,350,250,1402,1392,1397,1385
500,250000,-79.9,-69.9,-50.0,3.93,2.52,0.81,410.0,360.1,265.0,-400,-350,-250,1425,1367,1401,1393
501,250500,-79.7,-69.8,-49.9,7.73,4.95,1.58,406.6,357.8,258.0,-400,-350,-250,1405,1379,1369,1417
502,251000,-79.4,-69.6,-49.9,11.41,7.28,2.32,396.3,339.8,251.0,-400,-350,-250,1403,1358,1406,1379
503,251500,-79.1,-69.4,-49.8,14.97,9.53,3.04,385.6,331.6,235.6,-400,-350,-250,1371,1391,1408,1384
504,252000,-78.6,-69.1,-49.7,18.4,11.68,3.74,368.0,338.3,243.3,-400,-350,-250,1404,1386,1377,1370
505,252500,-78.1,-68.8,-49.6,21.71,13.75,4.4,376.9,336.6,236.0,-400,-350,-250,1394,1390,1391,1402
506,253000,-77.4,-68.4,-49.5,24.9,15.73,5.05,385.0,333.6,250.5,-400,-350,-250,1410,1390,1392,1375
507,253500,-76.7,-67.9,-49.3,27.96,17.63,5.67,381.1,336.6,250.4,-400,-350,-250,1396,1382,1380,1391
508,254000,-76.0,-67.4,-49.2,30.9,19.44,6.27,376.6,334.6,254.9,-400,-350,-250,1374,1367,1421,1389
509,254500,-75.1,-66.9,-49.0,33.72,21.16,6.84,351.7,325.0,248.8,-400,-350,-250,1370,1383,1399,1382
510,255000,-74.2,-66.3,-48.8,36.41,22.81,7.39,343.2,315.0,237.9,-400,-350,-250,1390,1395,1387,1394
511,255500,-73.2,-65.7,-48.6,38.97,24.38,7.92,324.4,296.8,230.8,-400,-350,-250,1434,1388,1401,1408
512,256000,-72.2,-65.1,-48.4,41.42,25.87,8.43,313.5,288.7,221.2,-400,-350,-250,1411,1405,1404,1385
513,256500,-71.1,-64.4,-48.2,43.74,27.28,8.92,307.0,290.4,224.6,-400,-350,-250,1406,1428,1369,1405
514,257000,-70.0,-63.7,-48.0,45.94,28.61,9.39,296.9,283.3,230.4,-400,-350,-250,1405,1398,1380,1376
515,257500,-68.8,-62.9,-47.7,48.02,29.88,9.83,294.7,288.5,233.0,-400,-350,-250,1375,1423,1385,1395
516,258000,-67.5,-62.2,-47.5,49.97,31.07,10.26,284.4,280.6,236.0,-400,-350,-250,1393,1406,1380,1376
517,258500,-66.2,-61.4,-47.2,51.81,32.19,10.67,276.7,270.2,231.8,-400,-350,-250,1415,1406,1398,1375
518,259000,-64.9,-60.5,-46.9,53.53,33.24,11.07,241.3,257.6,220.4,-400,-350,-250,1406,1374,1367,1383
519,259500,-63.5,-59.7,-46.6,55.14,34.22,11.44,221.6,238.4,203.4,-400,-350,-250,1421,1389,1390,1411
520,260000,-62.1,-58.8,-46.3,56.63,35.13,11.8,210.9,223.1,205.2,-400,-350,-250,1426,1381,1395,1383
521,260500,-60.6,-57.9,-46.0,58.01,35.99,12.14,191.7,224.1,205.8,-400,-350,-250,1413,1405,1369,1398
522,261000,-59.2,-57.0,-45.7,59.27,36.77,12.46,190.1,216.2,204.0,-400,-350,-250,1410,1395,1428,1406
523,261500,-57.7,-56.0,-45.4,60.43,37.5,12.77,177.9,222.6,217.6,-400,-350,-250,1400,1382,1425,1380
524,262000,-56.1,-55.1,-45.1,61.48,38.17,13.06,172.2,204.8,207.2,-400,-350,-250,1375,1415,1417,1394
525,262500,-54.6,-54.1,-44.7,62.42,38.78,13.34,147.7,198.3,206.3,-400,-350,-250,1378,1383,1398,1410
526,263000,-53.0,-53.1,-44.4,63.26,39.33,13.6,129.2,182.2,188.3,-400,-350,-250,1364,1405,1387,1398
527,263500,-51.4,-52.1,-44.1,64.0,39.83,13.85,103.6,164.5,178.9,-400,-350,-250,1422,1401,1408,1410
528,264000,-49.8,-51.1,-43.7,64.63,40.27,14.08,90.2,151.4,168.7,-400,-350,-250,1392,1428,1408,1409
529,264500,-48.1,-50.1,-43.3,65.17,40.66,14.3,75.5,140.9,173.2,-400,-350,-250,1392,1418,1406,1427
530,265000,-46.5,-49.1,-43.0,65.61,41.0,14.51,67.4,148.8,182.2,-400,-350,-250,1384,1427,1406,1419
531,265500,-44.8,-48.0,-42.6,65.96,41.29,14.7,57.7,137.7,185.3,-400,-350,-250,1385,1384,1388,1394
532,266000,-43.2,-47.0,-42.2,66.22,41.53,14.89,38.0,131.2,185.1,-400,-350,-250,1432,1429,1401,1415
533,266500,-41.5,-46.0,-41.9,66.39,41.73,15.06,22.2,119.0,176.3,-400,-350,-250,1394,1403,1380,1409
534,267000,-39.9,-44.9,-41.5,66.47,41.88,15.21,-3.0,94.5,163.0,-400,-350,-250,1411,1392,1409,1411
535,267500,-38.2,-43.9,-41.1,66.47,41.99,15.36,-20.3,76.0,152.2,-400,-350,-250,1410,1425,1407,1414
536,268000,-36.5,-42.8,-40.7,66.39,42.06,15.5,-51.9,64.4,152.1,-400,-350,-250,1399,1435,1392,1399
537,268500,-34.9,-41.8,-40.3,66.23,42.09,15.62,-65.4,62.2,146.3,-400,-350,-250,1433,1406,1399,1382
538,269000,-33.2,-40.7,-39.9,65.99,42.08,15.73,-67.7,61.2,152.5,-400,-350,-250,1422,1416,1403,1412
539,269500,-31.6,-39.7,-39.5,65.68,42.03,15.84,-75.1,49.7,160.4,-400,-350,-250,1409,1388,1409,1408
540,270000,-30.0,-38.6,-39.1,65.29,41.94,15.93,-84.9,53.4,140.9,-400,-350,-250,1412,1427,1390,1376
541,270500,-28.3,-37.6,-38.7,64.84,41.82,16.02,-107.4,35.1,146.8,-400,-350,-250,1388,1397,1407,1415
542,271000,-26.7,-36.5,-38.3,64.32,41.67,16.09,-124.1,16.3,130.8,-400,-350,-250,1370,1421,1403,1403
543,271500,-25.1,-35.5,-37.9,63.74,41.48,16.16,-160.8,-0.4,113.9,-400,-350,-250,1406,1407,1409,1424
544,272000,-23.6,-34.5,-37.5,63.1,41.27,16.22,-176.4,-16.6,117.0,-400,-350,-250,1382,1401,1406,1419
545,272500,-22.0,-33.4,-37.1,62.4,41.02,16.26,-191.3,-20.6,114.5,-400,-350,-250,1383,1383,1384,1407
546,273000,-20.5,-32.4,-36.7,61.64,40.75,16.31,-194.6,-22.9,120.4,-400,-350,-250,1397,1422,1418,1413
547,273500,-18.9,-31.4,-36.3,60.83,40.45,16.34,-200.5,-32.8,122.7,-400,-350,-250,1391,1388,1401,1408
548,274000,-17.4,-30.4,-35.9,59.97,40.13,16.36,-214.2,-35.7,116.6,-400,-350,-250,1409,1395,1385,1408
549,274500,-16.0,-29.4,-35.5,59.06,39.78,16.38,-226.4,-49.3,108.8,-400,-350,-250,1427,1432,1402,1403
550,275000,-14.5,-28.4,-35.1,58.11,39.4,16.39,-254.0,-54.0,101.3,-400,-350,-250,1422,1413,1380,1390
551,275500,-13.1,-27.4,-34.7,57.11,39.01,16.4,-282.3,-82.0,88.8,-400,-350,-250,1434,1403,1412,1408
552,276000,-11.7,-26.5,-34.3,56.07,38.59,16.39,-294.3,-87.6,82.0,-400,-350,-250,1429,1427,1398,1418
553,276500,-10.3,-25.5,-33.8,55.0,38.15,16.38,-306.8,-102.6,80.8,-400,-350,-250,1408,1401,1431,1404
554,277000,-9.0,-24.6,-33.4,53.89,37.7,16.37,-307.7,-97.5,86.8,-400,-350,-250,1423,1429,1424,1434
555,277500,-7.6,-23.7,-33.0,52.74,37.23,16.35,-321.1,-97.4,88.6,-400,-350,-250,1382,1399,1387,1408
556,278000,-6.4,-22.7,-32.6,51.56,36.74,16.32,-330.8,-115.0,89.0,-400,-350,-250,1411,1396,1405,1407
557,278500,-5.1,-21.8,-32.2,50.36,36.24,16.29,-340.5,-123.4,79.5,-400,-350,-250,1422,1385,1401,1411
558,279000,-3.9,-20.9,-31.8,49.13,35.72,16.25,-362.9,-142.8,66.3,-400,-350,-250,1412,1428,1406,1405
559,279500,-2.7,-20.1,-31.4,47.87,35.18,16.2,-380.2,-158.6,48.0,-400,-350,-250,1413,1404,1401,1419
560,280000,-1.5,-19.2,-31.0,46.6,34.64,16.16,-396.5,-172.0,39.5,-400,-350,-250,1384,1410,1408,1416
561,280500,-0.4,-18.3,-30.6,45.3,34.08,16.1,-403.7,-176.8,42.5,-400,-350,-250,1393,1408,1393,1421
562,281000,0.7,-17.5,-30.2,43.99,33.52,16.04,-412.6,-182.2,51.1,-400,-350,-250,1383,1434,1395,1409
563,281500,1.8,-16.7,-29.8,42.66,32.94,15.98,-410.7,-178.2,49.1,-400,-350,-250,1382,1423,1426,1443
564,282000,2.8,-15.9,-29.4,41.32,32.36,15.92,-422.4,-177.3,55.6,-400,-350,-250,1423,1403,1421,1424
565,282500,3.8,-15.1,-29.0,39.96,31.76,15.84,-427.6,-185.2,47.6,-400,-350,-250,1434,1400,1436,1370
566,283000,4.8,-14.3,-28.6,38.6,31.16,15.77,-447.9,-210.3,36.0,-400,-350,-250,1427,1422,1413,1437
567,283500,5.7,-13.5,-28.2,37.23,30.55,15.69,-471.5,-226.3,29.8,-400,-350,-250,1416,1380,1416,1394
568,284000,6.6,-12.8,-27.8,35.85,29.94,15.61,-472.1,-229.4,14.2,-400,-350,-250,1431,1399,1425,1420
569,284500,7.5,-12.1,-27.4,34.48,29.32,15.52,-483.6,-243.4,14.9,-400,-350,-250,1378,1403,1384,1430
570,285000,8.3,-11.3,-27.0,33.1,28.7,15.43,-486.8,-246.3,22.9,-400,-350,-250,1418,1405,1444,1424
571,285500,9.1,-10.6,-26.7,31.72,28.08,15.34,-482.3,-237.8,13.3,-400,-350,-250,1420,1427,1404,1391
572,286000,9.9,-9.9,-26.3,30.34,27.45,15.25,-487.0,-245.4,24.6,-400,-350,-250,1424,1435,1417,1416
573,286500,10.6,-9.3,-25.9,28.96,26.82,15.15,-494.7,-243.5,15.9,-400,-350,-250,1395,1401,1394,1400
574,287000,11.3,-8.6,-25.5,27.59,26.19,15.05,-513.5,-262.7,5.6,-400,-350,-250,1414,1408,1420,1427
575,287500,11.9,-8.0,-25.2,26.23,25.55,14.95,-524.9,-272.8,-8.2,-400,-350,-250,1410,1439,1417,1420
576,288000,12.6,-7.4,-24.8,24.87,24.92,14.84,-538.7,-284.4,-15.6,-400,-350,-250,1399,1413,1407,1426
577,288500,13.1,-6.8,-24.4,23.53,24.29,14.73,-541.0,-290.1,-14.8,-400,-350,-250,1419,1405,1431,1393
578,289000,13.7,-6.2,-24.0,22.19,23.66,14.62,-538.1,-290.8,-6.5,-400,-350,-250,1415,1422,1409,1404
579,289500,14.2,-5.6,-23.7,20.87,23.03,14.51,-537.9,-286.8,-6.6,-400,-350,-250,1419,1420,1429,1413
580,290000,14.7,-5.0,-23.3,19.56,22.4,14.39,-538.2,-292.1,-4.6,-400,-350,-250,1420,1444,1418,1441
581,290500,15.2,-4.5,-23.0,18.26,21.77,14.28,-536.2,-301.4,-7.5,-400,-350,-250,1432,1435,1415,1429
582,291000,15.6,-4.0,-22.6,16.98,21.15,14.16,-558.4,-311.4,-24.4,-400,-350,-250,1442,1412,1430,1416
583,291500,16.0,-3.4,-22.3,15.72,20.53,14.04,-571.5,-323.5,-33.6,-400,-350,-250,1405,1425,1405,1403
584,292000,16.3,-2.9,-21.9,14.47,19.92,13.92,-574.4,-333.4,-46.7,-400,-350,-250,1391,1416,1420,1409
585,292500,16.7,-2.5,-21.6,13.25,19.31,13.8,-573.8,-339.4,-40.6,-400,-350,-250,1422,1420,1407,1417
586,293000,17.0,-2.0,-21.2,12.04,18.7,13.67,-568.4,-325.0,-35.7,-400,-350,-250,1420,1406,1429,1434
587,293500,17.2,-1.5,-20.9,10.85,18.1,13.55,-565.4,-323.0,-30.8,-400,-350,-250,1416,1397,1443,1389
588,294000,17.5,-1.1,-20.6,9.69,17.5,13.42,-561.8,-328.6,-28.0,-400,-350,-250,1411,1418,1426,1424
589,294500,17.7,-0.7,-20.2,8.55,16.91,13.29,-571.4,-332.9,-38.6,-400,-350,-250,1432,1410,1417,1411
590,295000,17.9,-0.3,-19.9,7.43,16.33,13.17,-583.4,-347.4,-50.6,-400,-350,-250,1439,1413,1423,1435
591,295500,18.0,0.1,-19.6,6.33,15.75,13.04,-590.2,-360.3,-63.1,-400,-350,-250,1407,1403,1435,1420
592,296000,18.2,0.5,-19.2,5.26,15.18,12.91,-594.0,-371.9,-69.0,-400,-350,-250,1436,1401,1405,1435
593,296500,18.3,0.9,-18.9,4.22,14.61,12.78,-584.6,-360.0,-70.4,-400,-350,-250,1427,1407,1426,1413
594,297000,18.4,1.2,-18.6,3.2,14.06,12.64,-581.4,-355.4,-61.1,-400,-350,-250,1415,1419,1423,1411
595,297500,18.4,1.6,-18.3,2.21,13.51,12.51,-573.9,-353.7,-51.4,-400,-350,-250,1388,1401,1400,1432
596,298000,18.4,1.9,-18.0,1.24,12.96,12.38,-562.9,-356.2,-57.8,-400,-350,-250,1436,1383,1416,1373
597,298500,18.5,2.2,-17.7,0.3,12.43,12.25,-576.7,-366.7,-67.9,-400,-350,-250,1424,1411,1436,1419
598,299000,18.4,2.5,-17.4,-0.62,11.9,12.11,-584.7,-366.6,-79.8,-400,-350,-250,1433,1407,1438,1434
599,299500,18.4,2.8,-17.1,-1.5,11.38,11.98,-593.2,-383.5,-82.5,-400,-350,-250,1440,1420,1419,1436
600,300000,18.3,3.0,-16.8,-2.36,10.87,11.84,-601.1,-394.7,-92.1,-400,-350,-250,1429,1448,1446,1425
601,300500,18.3,3.3,-16.5,-3.19,10.37,11.71,-587.9,-395.2,-92.8,-400,-350,-250,1424,1417,1421,1429
602,301000,18.2,3.6,-16.2,-3.99,9.88,11.58,-583.3,-385.7,-92.9,-400,-350,-250,1438,1405,1395,1432
603,301500,18.0,3.8,-15.9,-4.76,9.4,11.44,-571.4,-374.1,-82.4,-400,-350,-250,1453,1432,1423,1423
604,302000,17.9,4.0,-15.6,-5.51,8.92,11.31,-568.1,-375.1,-74.0,-400,-350,-250,1415,1405,1430,1437
605,302500,17.8,4.2,-15.4,-6.22,8.46,11.17,-576.8,-388.3,-93.8,-400,-350,-250,1430,1429,1411,1405
606,303000,17.6,4.4,-15.1,-6.91,8.0,11.04,-575.6,-404.9,-99.2,-400,-350,-250,1419,1450,1436,1413
607,303500,17.4,4.6,-14.8,-7.57,7.55,10.9,-585.2,-407.4,-115.0,-400,-350,-250,1423,1436,1400,1419
608,304000,17.2,4.8,-14.5,-8.2,7.11,10.77,-577.7,-406.7,-119.6,-400,-350,-250,1410,1410,1399,1439
609,304500,17.0,5.0,-14.3,-8.8,6.69,10.64,-575.7,-408.6,-119.3,-400,-350,-250,1417,1415,1448,1416
610,305000,16.7,5.1,-14.0,-9.37,6.27,10.5,-563.9,-394.0,-104.4,-400,-350,-250,1420,1391,1444,1432
611,305500,16.5,5.3,-13.7,-9.92,5.86,10.37,-556.1,-392.5,-105.9,-400,-350,-250,1410,1401,1430,1431
612,306000,16.2,5.4,-13.5,-10.43,5.46,10.24,-549.9,-389.2,-101.3,-400,-350,-250,1425,1410,1432,1441
613,306500,16.0,5.5,-13.2,-10.92,5.07,10.11,-551.1,-394.4,-113.5,-400,-350,-250,1409,1442,1415,1427
614,307000,15.7,5.6,-13.0,-11.38,4.69,9.97,-560.8,-409.7,-124.6,-400,-350,-250,1416,1398,1452,1427
615,307500,15.4,5.7,-12.7,-11.81,4.31,9.84,-572.0,-421.7,-137.7,-400,-350,-250,1413,1387,1433,1448
616,308000,15.1,5.8,-12.5,-12.22,3.95,9.71,-563.2,-417.1,-134.2,-400,-350,-250,1406,1442,1400,1416
617,308500,14.8,5.9,-12.3,-12.6,3.6,9.58,-554.4,-410.0,-132.5,-400,-350,-250,1423,1413,1426,1425
618,309000,14.4,6.0,-12.0,-12.95,3.26,9.45,-537.5,-400.9,-123.0,-400,-350,-250,1425,1423,1448,1428
619,309500,14.1,6.1,-11.8,-13.28,2.92,9.32,-530.1,-392.9,-115.0,-400,-350,-250,1434,1424,1416,1441
620,310000,13.8,6.2,-11.6,-13.58,2.6,9.19,-527.9,-396.4,-126.0,-400,-350,-250,1427,1431,1428,1429
621,310500,13.4,6.2,-11.3,-13.85,2.28,9.07,-527.5,-411.5,-135.9,-400,-350,-250,1424,1452,1424,1412
622,311000,13.1,6.3,-11.1,-14.1,1.98,8.94,-537.5,-416.9,-138.6,-400,-350,-250,1418,1434,1429,1421
623,311500,12.7,6.3,-10.9,-14.33,1.68,8.81,-541.9,-424.8,-155.1,-400,-350,-250,1434,1400,1443,1437
624,312000,12.3,6.3,-10.7,-14.53,1.39,8.69,-532.4,-418.8,-152.2,-400,-350,-250,1401,1427,1433,1416
625,312500,12.0,6.4,-10.5,-14.71,1.11,8.56,-528.7,-416.6,-148.0,-400,-350,-250,1421,1423,1419,1418
626,313000,11.6,6.4,-10.2,-14.86,0.84,8.44,-511.3,-404.8,-148.9,-400,-350,-250,1422,1451,1432,1429
627,313500,11.2,6.4,-10.0,-14.99,0.58,8.32,-497.5,-406.5,-142.9,-400,-350,-250,1403,1406,1431,1440
628,314000,10.8,6.4,-9.8,-15.1,0.33,8.19,-499.0,-405.7,-139.0,-400,-350,-250,1436,1431,1400,1420
629,314500,10.5,6.4,-9.6,-15.19,0.09,8.07,-510.5,-409.1,-152.9,-400,-350,-250,1418,1450,1447,1435
630,315000,10.1,6.4,-9.4,-15.25,-0.14,7.95,-505.2,-418.9,-163.4,-400,-350,-250,1427,1456,1415,1418
631,315500,9.7,6.4,-9.2,-15.3,-0.37,7.83,-508.0,-422.2,-166.0,-400,-350,-250,1414,1426,1424,1410
632,316000,9.3,6.4,-9.0,-15.32,-0.59,7.72,-503.7,-426.6,-166.8,-400,-350,-250,1435,1417,1430,1423
633,316500,8.9,6.4,-8.9,-15.33,-0.8,7.6,-495.3,-419.0,-160.8,-400,-350,-250,1423,1404,1418,1441
634,317000,8.6,6.3,-8.7,-15.32,-1.0,7.48,-471.1,-411.5,-158.7,-400,-350,-250,1424,1409,1435,1428
635,317500,8.2,6.3,-8.5,-15.29,-1.19,7.37,-468.7,-392.5,-154.3,-400,-350,-250,1441,1441,1420,1421
636,318000,7.8,6.3,-8.3,-15.24,-1.37,7.25,-461.3,-399.4,-155.9,-400,-350,-250,1414,1442,1437,1462
637,318500,7.4,6.2,-8.1,-15.17,-1.55,7.14,-465.5,-406.4,-164.8,-400,-350,-250,1431,1422,1434,1433
638,319000,7.0,6.2,-7.9,-15.09,-1.72,7.02,-474.3,-414.3,-175.9,-400,-350,-250,1422,1442,1453,1418
639,319500,6.7,6.1,-7.8,-14.99,-1.88,6.91,-477.0,-421.4,-182.2,-400,-350,-250,1438,1429,1429,1455
640,320000,6.3,6.1,-7.6,-14.87,-2.03,6.8,-466.3,-426.7,-194.0,-400,-350,-250,1437,1421,1423,1407
641,320500,5.9,6.0,-7.4,-14.74,-2.18,6.69,-460.0,-412.9,-179.9,-400,-350,-250,1444,1466,1452,1448
642,321000,5.6,6.0,-7.3,-14.6,-2.32,6.58,-449.9,-400.1,-170.2,-400,-350,-250,1448,1440,1431,1439
643,321500,5.2,5.9,-7.1,-14.44,-2.45,6.48,-442.5,-394.0,-160.8,-400,-350,-250,1426,1439,1407,1445
644,322000,4.8,5.9,-7.0,-14.27,-2.58,6.37,-435.1,-402.7,-163.8,-400,-350,-250,1433,1406,1412,1444
645,322500,4.5,5.8,-6.8,-14.09,-2.69,6.26,-444.4,-402.1,-186.5,-400,-350,-250,1430,1446,1422,1442
646,323000,4.1,5.7,-6.6,-13.9,-2.81,6.16,-450.5,-413.6,-190.1,-400,-350,-250,1465,1414,1443,1451
647,323500,3.8,5.6,-6.5,-13.69,-2.91,6.06,-454.6,-418.5,-188.4,-400,-350,-250,1448,1389,1429,1407
648,324000,3.5,5.6,-6.3,-13.47,-3.01,5.96,-442.8,-418.0,-198.2,-400,-350,-250,1420,1437,1426,1419
649,324500,3.1,5.5,-6.2,-13.25,-3.1,5.85,-432.9,-404.2,-192.1,-400,-350,-250,1449,1409,1439,1427
650,325000,2.8,5.4,-6.1,-13.01,-3.19,5.75,-413.5,-398.3,-183.7,-400,-350,-250,1414,1462,1442,1417
651,325500,2.5,5.3,-5.9,-12.76,-3.27,5.66,-413.7,-394.7,-172.6,-400,-350,-250,1440,1404,1436,1447
652,326000,2.2,5.3,-5.8,-12.51,-3.34,5.56,-412.7,-391.8,-183.8,-400,-350,-250,1437,1437,1423,1439
653,326500,1.9,5.2,-5.6,-12.25,-3.41,5.46,-417.9,-401.8,-196.3,-400,-350,-250,1419,1438,1446,1399
654,327000,1.6,5.1,-5.5,-11.98,-3.47,5.37,-426.6,-404.4,-200.3,-400,-350,-250,1424,1454,1420,1423
655,327500,1.3,5.0,-5.4,-11.7,-3.53,5.27,-417.6,-414.0,-209.6,-400,-350,-250,1410,1420,1417,1432
656,328000,1.0,4.9,-5.2,-11.42,-3.58,5.18,-425.3,-403.2,-207.3,-400,-350,-250,1426,1425,1446,1457
657,328500,0.7,4.8,-5.1,-11.13,-3.63,5.09,-407.8,-391.0,-191.8,-400,-350,-250,1455,1439,1413,1445
658,329000,0.4,4.7,-5.0,-10.84,-3.67,4.99,-396.4,-387.0,-198.0,-400,-350,-250,1431,1439,1422,1439
659,329500,0.2,4.6,-4.9,-10.54,-3.71,4.9,-382.8,-383.0,-191.6,-400,-350,-250,1470,1404,1422,1441
660,330000,-0.1,4.5,-4.7,-10.24,-3.75,4.82,-393.7,-396.5,-193.8,-400,-350,-250,1448,1424,1457,1443
661,330500,-0.3,4.4,-4.6,-9.94,-3.77,4.73,-393.6,-402.0,-205.4,-400,-350,-250,1459,1465,1455,1436
662,331000,-0.6,4.3,-4.5,-9.63,-3.8,4.64,-403.6,-405.9,-210.6,-400,-350,-250,1426,1438,1406,1414
663,331500,-0.8,4.2,-4.4,-9.32,-3.82,4.56,-397.3,-404.6,-217.5,-400,-350,-250,1404,1436,1467,1415
664,332000,-1.0,4.2,-4.3,-9.0,-3.83,4.47,-406.0,-399.2,-216.3,-400,-350,-250,1434,1418,1417,1419
665,332500,-1.3,4.1,-4.2,-8.69,-3.84,4.39,-382.5,-388.3,-202.6,-400,-350,-250,1421,1446,1430,1438
666,333000,-1.5,4.0,-4.1,-8.37,-3.85,4.31,-371.2,-378.9,-200.1,-400,-350,-250,1413,1438,1449,1428
667,333500,-1.7,3.9,-4.0,-8.05,-3.86,4.22,-371.5,-383.4,-203.4,-400,-350,-250,1443,1456,1433,1413
668,334000,-1.9,3.8,-3.9,-7.74,-3.86,4.14,-376.6,-387.4,-206.1,-400,-350,-250,1466,1442,1435,1453
669,334500,-2.0,3.7,-3.8,-7.42,-3.85,4.06,-384.4,-388.8,-215.0,-400,-350,-250,1445,1416,1448,1451
670,335000,-2.2,3.6,-3.7,-7.1,-3.85,3.99,-397.8,-407.4,-228.0,-400,-350,-250,1460,1439,1448,1446
671,335500,-2.4,3.5,-3.6,-6.78,-3.84,3.91,-384.6,-399.2,-228.7,-400,-350,-250,1444,1447,1447,1443
672,336000,-2.5,3.4,-3.5,-6.47,-3.82,3.83,-382.0,-385.0,-219.1,-400,-350,-250,1454,1401,1454,1403
673,336500,-2.7,3.3,-3.4,-6.15,-3.81,3.76,-367.9,-381.2,-211.6,-400,-350,-250,1432,1434,1442,1444
674,337000,-2.8,3.2,-3.3,-5.84,-3.79,3.68,-363.2,-380.4,-208.8,-400,-350,-250,1447,1427,1446,1434
675,337500,-3.0,3.1,-3.2,-5.53,-3.77,3.61,-362.2,-364.7,-199.9,-400,-350,-250,1438,1439,1454,1420
676,338000,-3.1,3.0,-3.1,-5.22,-3.74,3.54,-367.6,-370.9,-210.8,-400,-350,-250,1432,1428,1445,1419
677,338500,-3.2,2.9,-3.0,-4.91,-3.72,3.47,-374.7,-385.2,-234.8,-400,-350,-250,1449,1451,1456,1419
678,339000,-3.4,2.8,-2.9,-4.61,-3.69,3.4,-383.4,-393.3,-237.7,-400,-350,-250,1471,1426,1436,1443
679,339500,-3.5,2.7,-2.8,-4.31,-3.66,3.33,-374.8,-382.8,-237.2,-400,-350,-250,1454,1443,1423,1443
680,340000,-3.6,2.6,-2.8,-4.01,-3.62,3.26,-373.7,-373.7,-229.0,-400,-350,-250,1456,1460,1432,1427
681,340500,-3.7,2.5,-2.7,-3.72,-3.59,3.2,-356.9,-373.6,-213.5,-400,-350,-250,1444,1430,1431,1452
682,341000,-3.7,2.5,-2.6,-3.43,-3.55,3.13,-356.2,-355.7,-214.9,-400,-350,-250,1438,1427,1465,1453
683,341500,-3.8,2.4,-2.5,-3.15,-3.51,3.07,-345.8,-360.3,-213.5,-400,-350,-250,1467,1451,1448,1450
684,342000,-3.9,2.3,-2.5,-2.87,-3.47,3.0,-355.3,-368.9,-223.3,-400,-350,-250,1418,1472,1422,1410
685,342500,-4.0,2.2,-2.4,-2.59,-3.43,2.94,-370.2,-371.2,-228.3,-400,-350,-250,1433,1446,1442,1412
686,343000,-4.0,2.1,-2.3,-2.32,-3.38,2.88,-373.6,-382.4,-234.7,-400,-350,-250,1424,1408,1419,1447
687,343500,-4.1,2.0,-2.2,-2.06,-3.34,2.82,-369.3,-380.0,-237.3,-400,-350,-250,1437,1422,1449,1448
688,344000,-4.1,1.9,-2.2,-1.8,-3.29,2.76,-358.4,-366.3,-235.1,-400,-350,-250,1408,1416,1475,1429
689,344500,-4.2,1.9,-2.1,-1.54,-3.24,2.7,-349.1,-360.9,-218.3,-400,-350,-250,1491,1435,1440,1434
690,345000,-4.2,1.8,-2.0,-1.29,-3.19,2.64,-344.6,-353.2,-220.9,-400,-350,-250,1463,1460,1450,1442
691,345500,-4.2,1.7,-2.0,-1.05,-3.14,2.58,-349.2,-364.0,-218.0,-400,-350,-250,1429,1436,1458,1430
692,346000,-4.2,1.6,-1.9,-0.81,-3.09,2.53,-359.1,-362.2,-222.8,-400,-350,-250,1433,1460,1434,1450
693,346500,-4.2,1.6,-1.8,-0.58,-3.04,2.47,-364.3,-378.8,-236.1,-400,-350,-250,1471,1445,1448,1426
694,347000,-4.3,1.5,-1.8,-0.36,-2.98,2.42,-363.0,-377.3,-250.0,-400,-350,-250,1456,1422,1434,1412
695,347500,-4.3,1.4,-1.7,-0.14,-2.93,2.36,-360.8,-364.2,-244.2,-400,-350,-250,1435,1436,1436,1453
696,348000,-4.3,1.3,-1.7,0.07,-2.88,2.31,-351.2,-367.0,-231.2,-400,-350,-250,1418,1468,1443,1434
697,348500,-4.2,1.3,-1.6,0.28,-2.82,2.26,-341.9,-353.6,-219.0,-400,-350,-250,1461,1470,1433,1446
698,349000,-4.2,1.2,-1.6,0.48,-2.76,2.21,-343.5,-350.0,-215.7,-400,-350,-250,1434,1460,1466,1416
699,349500,-4.2,1.1,-1.5,0.67,-2.71,2.16,-353.6,-356.8,-229.1,-400,-350,-250,1451,1443,1447,1439
700,350000,-4.2,1.1,-1.4,0.86,-2.65,2.11,-359.9,-360.2,-234.0,-400,-350,-250,1434,1444,1434,1443
701,350500,-4.2,1.0,-1.4,1.04,-2.59,2.06,-374.2,-366.4,-243.5,-400,-350,-250,1444,1436,1439,1436
702,351000,-4.1,0.9,-1.3,1.21,-2.54,2.01,-377.4,-365.4,-236.0,-400,-350,-250,1428,1429,1455,1455
703,351500,-4.1,0.9,-1.3,1.38,-2.48,1.96,-372.4,-373.6,-242.0,-400,-350,-250,1417,1468,1439,1448
704,352000,-4.1,0.8,-1.3,1.54,-2.42,1.92,-356.7,-357.7,-235.4,-400,-350,-250,1442,1465,1445,1446
705,352500,-4.0,0.8,-1.2,1.7,-2.36,1.87,-351.0,-349.2,-230.0,-400,-350,-250,1447,1474,1464,1450
706,353000,-4.0,0.7,-1.2,1.84,-2.31,1.83,-341.2,-340.5,-225.2,-400,-350,-250,1445,1431,1451,1442
707,353500,-3.9,0.6,-1.1,1.98,-2.25,1.79,-360.9,-355.3,-224.9,-400,-350,-250,1451,1455,1450,1440
708,354000,-3.9,0.6,-1.1,2.12,-2.19,1.74,-363.2,-355.4,-244.4,-400,-350,-250,1455,1463,1440,1450
709,354500,-3.8,0.5,-1.0,2.25,-2.13,1.7,-376.3,-364.4,-252.7,-400,-350,-250,1465,1436,1473,1443
710,355000,-3.8,0.5,-1.0,2.37,-2.07,1.66,-377.8,-370.4,-249.5,-400,-350,-250,1435,1475,1467,1456
711,355500,-3.7,0.4,-0.9,2.48,-2.02,1.62,-373.8,-359.5,-248.6,-400,-350,-250,1421,1455,1481,1440
712,356000,-3.6,0.4,-0.9,2.59,-1.96,1.58,-355.4,-343.7,-239.8,-400,-350,-250,1443,1453,1456,1431
713,356500,-3.6,0.3,-0.9,2.69,-1.9,1.54,-351.5,-341.7,-225.5,-400,-350,-250,1425,1440,1441,1444
714,357000,-3.5,0.3,-0.8,2.79,-1.85,1.5,-350.6,-343.8,-219.2,-400,-350,-250,1438,1462,1464,1464
715,357500,-3.4,0.2,-0.8,2.88,-1.79,1.46,-362.6,-351.8,-239.1,-400,-350,-250,1459,1451,1458,1458
716,358000,-3.4,0.2,-0.8,2.96,-1.73,1.43,-376.2,-361.9,-242.8,-400,-350,-250,1442,1426,1477,1437
717,358500,-3.3,0.2,-0.7,3.04,-1.68,1.39,-383.4,-360.1,-259.7,-400,-350,-250,1437,1466,1437,1487
718,359000,-3.2,0.1,-0.7,3.11,-1.62,1.35,-378.6,-351.4,-253.6,-400,-350,-250,1451,1440,1447,1443
719,359500,-3.1,0.1,-0.7,3.17,-1.57,1.32,-371.6,-350.4,-251.2,-400,-350,-250,1436,1419,1473,1449
720,360000,-3.0,0.0,-0.6,3.23,-1.52,1.28,-362.4,-343.4,-232.5,-400,-350,-250,1455,1463,1448,1449
721,360500,-3.0,0.0,-0.6,3.29,-1.46,1.25,-357.9,-344.7,-227.0,-400,-350,-250,1427,1436,1461,1452
722,361000,-2.9,-0.0,-0.6,3.34,-1.41,1.22,-357.8,-332.6,-226.6,-400,-350,-250,1472,1448,1482,1438
723,361500,-2.8,-0.1,-0.5,3.38,-1.36,1.19,-371.0,-343.9,-244.1,-400,-350,-250,1449,1446,1472,1414
724,362000,-2.7,-0.1,-0.5,3.42,-1.31,1.15,-376.2,-353.1,-253.6,-400,-350,-250,1460,1437,1468,1497
725,362500,-2.6,-0.1,-0.5,3.45,-1.26,1.12,-390.4,-356.0,-258.4,-400,-350,-250,1447,1444,1449,1433
726,363000,-2.5,-0.2,-0.4,3.47,-1.21,1.09,-389.6,-351.2,-255.0,-400,-350,-250,1460,1457,1459,1429
727,363500,-2.4,-0.2,-0.4,3.5,-1.16,1.06,-379.5,-345.7,-241.9,-400,-350,-250,1435,1444,1436,1462
728,364000,-2.4,-0.2,-0.4,3.51,-1.11,1.03,-365.8,-338.4,-239.3,-400,-350,-250,1458,1453,1441,1457
729,364500,-2.3,-0.2,-0.4,3.53,-1.06,1.0,-367.1,-330.8,-230.9,-400,-350,-250,1442,1461,1454,1442
730,365000,-2.2,-0.3,-0.3,3.53,-1.01,0.98,-373.4,-345.5,-242.6,-400,-350,-250,1458,1471,1443,1455
731,365500,-2.1,-0.3,-0.3,3.54,-0.97,0.95,-379.0,-345.2,-246.3,-400,-350,-250,1472,1465,1442,1459
732,366000,-2.0,-0.3,-0.3,3.53,-0.92,0.92,-399.6,-357.8,-257.2,-400,-350,-250,1462,1449,1466,1473
733,366500,-1.9,-0.3,-0.3,3.53,-0.88,0.89,-397.1,-361.6,-259.0,-400,-350,-250,1461,1456,1466,1436
734,367000,-1.8,-0.4,-0.3,3.52,-0.83,0.87,-386.1,-349.1,-250.4,-400,-350,-250,1460,1450,1460,1453
735,367500,-1.7,-0.4,-0.2,3.5,-0.79,0.84,-386.3,-346.0,-245.2,-400,-350,-250,1446,1440,1451,1449
736,368000,-1.6,-0.4,-0.2,3.49,-0.75,0.82,-372.2,-335.2,-236.1,-400,-350,-250,1469,1456,1460,1436
737,368500,-1.6,-0.4,-0.2,3.46,-0.71,0.79,-383.6,-334.9,-232.8,-400,-350,-250,1449,1445,1436,1468
738,369000,-1.5,-0.4,-0.2,3.44,-0.67,0.77,-381.1,-338.5,-237.5,-400,-350,-250,1463,1488,1453,1469
739,369500,-1.4,-0.4,-0.2,3.41,-0.63,0.75,-387.3,-352.2,-252.3,-400,-350,-250,1447,1440,1460,1443
740,370000,-1.3,-0.5,-0.1,3.38,-0.59,0.72,-392.0,-360.1,-262.6,-400,-350,-250,1457,1447,1456,1446
741,370500,-1.2,-0.5,-0.1,3.34,-0.55,0.7,-405.6,-367.0,-266.1,-400,-350,-250,1478,1462,1458,1449
742,371000,-1.1,-0.5,-0.1,3.3,-0.51,0.68,-394.1,-348.8,-259.4,-400,-350,-250,1444,1442,1475,1440
743,371500,-1.1,-0.5,-0.1,3.26,-0.48,0.66,-379.3,-341.5,-232.8,-400,-350,-250,1455,1456,1476,1469
744,372000,-1.0,-0.5,-0.1,3.22,-0.44,0.64,-374.1,-336.8,-232.4,-400,-350,-250,1481,1455,1449,1440
745,372500,-0.9,-0.5,-0.1,3.17,-0.41,0.62,-375.4,-332.0,-237.8,-400,-350,-250,1438,1481,1470,1456
746,373000,-0.8,-0.5,-0.0,3.12,-0.37,0.6,-382.3,-344.9,-242.5,-400,-350,-250,1442,1478,1453,1475
747,373500,-0.7,-0.5,-0.0,3.07,-0.34,0.58,-400.9,-349.7,-251.9,-400,-350,-250,1443,1458,1444,1470
748,374000,-0.7,-0.5,-0.0,3.02,-0.31,0.56,-408.5,-358.8,-263.4,-400,-350,-250,1475,1442,1457,1452
749,374500,-0.6,-0.6,0.0,2.96,-0.28,0.54,-407.1,-358.4,-261.5,-400,-350,-250,1460,1434,1461,1440
750,375000,-0.5,-0.6,0.0,2.9,-0.25,0.52,-396.8,-337.3,-256.1,-400,-350,-250,1457,1454,1472,1451
751,375500,-0.5,-0.6,0.0,2.84,-0.22,0.5,-394.7,-342.8,-241.6,-400,-350,-250,1462,1474,1450,1468
752,376000,-0.4,-0.6,0.0,2.78,-0.19,0.49,-387.4,-326.1,-237.6,-400,-350,-250,1448,1461,1484,1445
753,376500,-0.3,-0.6,0.0,2.72,-0.16,0.47,-391.9,-338.4,-245.2,-400,-350,-250,1458,1464,1456,1461
754,377000,-0.2,-0.6,0.1,2.66,-0.14,0.45,-392.2,-344.8,-255.1,-400,-350,-250,1424,1462,1448,1455
755,377500,-0.2,-0.6,0.1,2.59,-0.11,0.43,-405.7,-351.5,-266.1,-400,-350,-250,1444,1460,1457,1476
756,378000,-0.1,-0.6,0.1,2.52,-0.09,0.42,-413.9,-365.5,-259.3,-400,-350,-250,1434,1444,1465,1443
757,378500,-0.1,-0.6,0.1,2.45,-0.06,0.4,-398.3,-352.0,-257.6,-400,-350,-250,1453,1493,1467,1449
758,379000,0.0,-0.6,0.1,2.38,-0.04,0.39,-394.0,-349.9,-252.4,-400,-350,-250,1464,1462,1445,1483
759,379500,0.1,-0.6,0.1,2.31,-0.02,0.37,-384.5,-337.6,-239.4,-400,-350,-250,1450,1453,1475,1462
760,380000,0.1,-0.6,0.1,2.24,0.01,0.36,-388.5,-330.7,-242.9,-400,-350,-250,1478,1449,1480,1453
761,380500,0.2,-0.6,0.1,2.17,0.03,0.34,-395.9,-330.5,-242.9,-400,-350,-250,1451,1452,1469,1488
762,381000,0.2,-0.6,0.1,2.1,0.05,0.33,-402.3,-348.3,-258.4,-400,-350,-250,1450,1459,1464,1451
763,381500,0.3,-0.6,0.1,2.03,0.07,0.32,-408.8,-359.2,-265.5,-400,-350,-250,1468,1468,1455,1475
764,382000,0.3,-0.6,0.2,1.95,0.08,0.3,-421.6,-350.4,-255.5,-400,-350,-250,1490,1463,1490,1462
765,382500,0.4,-0.6,0.2,1.88,0.1,0.29,-404.7,-351.3,-257.1,-400,-350,-250,1469,1435,1458,1487
766,383000,0.4,-0.6,0.2,1.81,0.12,0.28,-411.7,-338.6,-243.9,-400,-350,-250,1466,1464,1482,1466
767,383500,0.5,-0.6,0.2,1.73,0.14,0.27,-400.2,-336.1,-241.0,-400,-350,-250,1464,1455,1460,1487
768,384000,0.5,-0.6,0.2,1.66,0.15,0.26,-404.4,-327.4,-235.8,-400,-350,-250,1471,1462,1463,1467
769,384500,0.5,-0.6,0.2,1.59,0.17,0.24,-399.6,-342.4,-243.9,-400,-350,-250,1450,1461,1457,1445
770,385000,0.6,-0.6,0.2,1.51,0.18,0.23,-409.0,-350.3,-262.2,-400,-350,-250,1461,1442,1484,1470
771,385500,0.6,-0.6,0.2,1.44,0.19,0.22,-410.8,-359.3,-261.8,-400,-350,-250,1448,1450,1461,1469
772,386000,0.6,-0.6,0.2,1.37,0.21,0.21,-414.4,-357.1,-259.2,-400,-350,-250,1477,1450,1460,1449
773,386500,0.7,-0.5,0.2,1.3,0.22,0.2,-403.2,-350.0,-251.8,-400,-350,-250,1477,1459,1456,1468
774,387000,0.7,-0.5,0.2,1.23,0.23,0.19,-403.0,-342.5,-248.8,-400,-350,-250,1468,1466,1490,1436
775,387500,0.7,-0.5,0.2,1.16,0.24,0.18,-392.3,-336.2,-234.5,-400,-350,-250,1474,1465,1485,1458
776,388000,0.8,-0.5,0.2,1.09,0.25,0.17,-399.1,-338.2,-244.1,-400,-350,-250,1465,1474,1483,1460
777,388500,0.8,-0.5,0.2,1.02,0.26,0.16,-409.2,-344.5,-252.4,-400,-350,-250,1457,1458,1451,1463
778,389000,0.8,-0.5,0.2,0.95,0.27,0.15,-418.7,-354.1,-266.3,-400,-350,-250,1466,1473,1474,1456
779,389500,0.8,-0.5,0.2,0.88,0.28,0.14,-426.2,-363.4,-270.2,-400,-350,-250,1455,1460,1438,1474
780,390000,0.9,-0.5,0.2,0.81,0.29,0.13,-424.3,-357.4,-264.8,-400,-350,-250,1477,1492,1459,1460
781,390500,0.9,-0.5,0.2,0.75,0.3,0.13,-410.2,-345.8,-253.0,-400,-350,-250,1501,1449,1463,1453
782,391000,0.9,-0.5,0.2,0.68,0.3,0.12,-397.7,-337.4,-240.4,-400,-350,-250,1449,1496,1468,1439
783,391500,0.9,-0.5,0.2,0.62,0.31,0.11,-393.0,-333.8,-243.8,-400,-350,-250,1472,1458,1476,1457
784,392000,0.9,-0.5,0.2,0.56,0.32,0.1,-397.3,-336.4,-242.7,-400,-350,-250,1468,1460,1460,1472
785,392500,0.9,-0.5,0.3,0.49,0.32,0.1,-408.4,-348.9,-245.5,-400,-350,-250,1491,1449,1482,1465
786,393000,0.9,-0.5,0.3,0.43,0.33,0.09,-419.4,-359.5,-256.9,-400,-350,-250,1454,1465,1455,1495
787,393500,1.0,-0.4,0.3,0.37,0.33,0.08,-417.6,-363.8,-267.4,-400,-350,-250,1472,1460,1461,1450
788,394000,1.0,-0.4,0.3,0.32,0.34,0.07,-415.6,-356.9,-256.2,-400,-350,-250,1502,1462,1491,1472
789,394500,1.0,-0.4,0.3,0.26,0.34,0.07,-408.7,-343.5,-252.8,-400,-350,-250,1468,1477,1480,1462
790,395000,1.0,-0.4,0.3,0.21,0.34,0.06,-402.6,-334.3,-234.2,-400,-350,-250,1471,1466,1436,1460
791,395500,1.0,-0.4,0.3,0.15,0.34,0.05,-395.0,-337.0,-234.7,-400,-350,-250,1459,1454,1458,1466
792,396000,1.0,-0.4,0.3,0.1,0.35,0.05,-400.5,-342.8,-254.3,-400,-350,-250,1466,1475,1490,1451
793,396500,1.0,-0.4,0.3,0.05,0.35,0.04,-409.3,-348.7,-256.1,-400,-350,-250,1456,1455,1453,1481
794,397000,1.0,-0.4,0.3,-0.0,0.35,0.04,-421.5,-354.5,-258.1,-400,-350,-250,1468,1467,1496,1448
795,397500,1.0,-0.4,0.3,-0.05,0.35,0.03,-423.5,-359.6,-266.0,-400,-350,-250,1470,1456,1485,1448
796,398000,1.0,-0.4,0.3,-0.1,0.35,0.03,-416.7,-356.6,-261.8,-400,-350,-250,1477,1477,1465,1481
797,398500,1.0,-0.4,0.3,-0.14,0.35,0.02,-400.4,-341.8,-245.9,-400,-350,-250,1474,1498,1462,1474
798,399000,1.0,-0.3,0.3,-0.18,0.35,0.02,-394.4,-328.6,-237.9,-400,-350,-250,1484,1453,1465,1440
799,399500,1.0,-0.3,0.3,-0.23,0.35,0.01,-398.8,-326.4,-240.7,-400,-350,-250,1470,1473,1471,1449
800,400000,1.0,-0.3,0.3,-0.27,0.35,0.01,-410.4,-345.5,-250.1,-400,-350,-250,1456,1467,1458,1450
801,400500,0.9,-0.3,0.3,-0.31,0.35,0.0,-420.5,-358.4,-257.8,-400,-350,-250,1489,1478,1466,1461
802,401000,0.9,-0.3,0.3,-0.34,0.35,-0.0,-429.0,-362.3,-259.9,-400,-350,-250,1487,1473,1466,1470
803,401500,0.9,-0.3,0.3,-0.38,0.35,-0.01,-417.5,-356.8,-260.8,-400,-350,-250,1458,1470,1465,1486
804,402000,0.9,-0.3,0.3,-0.41,0.35,-0.01,-414.1,-342.0,-253.0,-400,-350,-250,1463,1470,1472,1467
805,402500,0.9,-0.3,0.3,-0.45,0.35,-0.01,-397.6,-339.6,-249.4,-400,-350,-250,1480,1470,1495,1476
806,403000,0.9,-0.3,0.3,-0.48,0.34,-0.02,-403.4,-328.9,-241.9,-400,-350,-250,1479,1503,1486,1454
807,403500,0.9,-0.3,0.3,-0.51,0.34,-0.02,-400.7,-345.1,-241.5,-400,-350,-250,1479,1456,1477,1484
808,404000,0.9,-0.3,0.3,-0.54,0.34,-0.03,-407.4,-351.8,-257.2,-400,-350,-250,1455,1452,1476,1471
809,404500,0.9,-0.3,0.3,-0.56,0.34,-0.03,-414.5,-357.4,-264.9,-400,-350,-250,1450,1494,1473,1471
810,405000,0.8,-0.2,0.3,-0.59,0.33,-0.03,-425.6,-364.8,-263.3,-400,-350,-250,1457,1480,1481,1466
811,405500,0.8,-0.2,0.3,-0.61,0.33,-0.03,-421.5,-352.9,-254.0,-400,-350,-250,1459,1453,1488,1474
812,406000,0.8,-0.2,0.3,-0.64,0.33,-0.04,-406.8,-339.2,-250.0,-400,-350,-250,1478,1466,1461,1475
813,406500,0.8,-0.2,0.3,-0.66,0.32,-0.04,-399.2,-342.7,-242.6,-400,-350,-250,1490,1488,1504,1487
814,407000,0.8,-0.2,0.3,-0.68,0.32,-0.04,-388.8,-334.2,-241.6,-400,-350,-250,1479,1458,1483,1466
815,407500,0.8,-0.2,0.3,-0.69,0.32,-0.05,-401.4,-346.1,-247.8,-400,-350,-250,1487,1469,1462,1477
816,408000,0.7,-0.2,0.3,-0.71,0.31,-0.05,-409.6,-354.3,-262.7,-400,-350,-250,1450,1453,1488,1471
817,408500,0.7,-0.2,0.3,-0.73,0.31,-0.05,-418.2,-356.7,-264.2,-400,-350,-250,1480,1466,1449,1482
818,409000,0.7,-0.2,0.3,-0.74,0.3,-0.05,-419.3,-357.8,-268.6,-400,-350,-250,1471,1503,1461,1474
819,409500,0.7,-0.2,0.3,-0.75,0.3,-0.06,-405.1,-352.5,-255.4,-400,-350,-250,1442,1485,1467,1492
820,410000,0.7,-0.2,0.3,-0.77,0.29,-0.06,-399.7,-342.4,-243.5,-400,-350,-250,1470,1466,1496,1488
821,410500,0.6,-0.2,0.2,-0.78,0.29,-0.06,-392.7,-331.9,-235.9,-400,-350,-250,1482,1475,1475,1480
822,411000,0.6,-0.2,0.2,-0.79,0.28,-0.06,-393.2,-336.2,-243.8,-400,-350,-250,1473,1481,1460,1474
823,411500,0.6,-0.1,0.2,-0.79,0.28,-0.06,-401.7,-346.5,-252.1,-400,-350,-250,1474,1467,1489,1469
824,412000,0.6,-0.1,0.2,-0.8,0.28,-0.07,-421.3,-362.1,-260.2,-400,-350,-250,1478,1467,1456,1472
825,412500,0.6,-0.1,0.2,-0.8,0.27,-0.07,-422.4,-364.8,-265.9,-400,-350,-250,1463,1479,1464,1468
826,413000,0.5,-0.1,0.2,-0.81,0.27,-0.07,-415.9,-352.6,-255.8,-400,-350,-250,1489,1464,1475,1488
827,413500,0.5,-0.1,0.2,-0.81,0.26,-0.07,-401.6,-354.6,-252.0,-400,-350,-250,1464,1486,1484,1467
828,414000,0.5,-0.1,0.2,-0.81,0.26,-0.07,-386.3,-339.5,-232.5,-400,-350,-250,1473,1474,1503,1467
829,414500,0.5,-0.1,0.2,-0.82,0.25,-0.07,-393.1,-329.7,-238.9,-400,-350,-250,1482,1458,1502,1490
830,415000,0.5,-0.1,0.2,-0.82,0.24,-0.07,-395.3,-338.2,-246.3,-400,-350,-250,1469,1453,1481,1494
831,415500,0.4,-0.1,0.2,-0.81,0.24,-0.08,-403.7,-348.1,-252.2,-400,-350,-250,1462,1457,1485,1478
832,416000,0.4,-0.1,0.2,-0.81,0.23,-0.08,-412.0,-361.7,-267.3,-400,-350,-250,1483,1468,1453,1467
833,416500,0.4,-0.1,0.2,-0.81,0.23,-0.08,-420.5,-366.7,-267.5,-400,-350,-250,1490,1510,1502,1471
834,417000,0.4,-0.1,0.2,-0.81,0.22,-0.08,-405.7,-355.7,-257.0,-400,-350,-250,1467,1475,1453,1503
835,417500,0.4,-0.1,0.2,-0.8,0.22,-0.08,-401.9,-342.4,-249.8,-400,-350,-250,1481,1460,1471,1490
836,418000,0.3,-0.1,0.2,-0.8,0.21,-0.08,-388.6,-344.1,-236.3,-400,-350,-250,1458,1481,1485,1468
837,418500,0.3,-0.1,0.2,-0.79,0.21,-0.08,-392.0,-337.9,-238.1,-400,-350,-250,1491,1497,1482,1506
838,419000,0.3,-0.1,0.2,-0.78,0.2,-0.08,-402.4,-338.2,-248.8,-400,-350,-250,1489,1476,1479,1464
839,419500,0.3,-0.1,0.2,-0.77,0.2,-0.08,-407.8,-348.1,-258.0,-400,-350,-250,1477,1478,1488,1475
840,420000,0.3,-0.0,0.2,-0.76,0.19,-0.08,-415.9,-361.9,-260.3,-400,-350,-250,1492,1462,1469,1478
841,420500,0.3,-0.0,0.2,-0.76,0.19,-0.08,-410.7,-357.3,-264.3,-400,-350,-250,1509,1476,1499,1499
842,421000,0.2,-0.0,0.2,-0.75,0.18,-0.08,-398.4,-351.2,-252.2,-400,-350,-250,1457,1452,1470,1489
843,421500,0.2,-0.0,0.2,-0.74,0.18,-0.09,-389.7,-341.8,-239.8,-400,-350,-250,1487,1500,1455,1467
844,422000,0.2,-0.0,0.2,-0.72,0.17,-0.09,-392.1,-340.0,-232.0,-400,-350,-250,1466,1466,1473,1492
845,422500,0.2,-0.0,0.2,-0.71,0.17,-0.09,-393.2,-336.6,-239.6,-400,-350,-250,1469,1445,1465,1461
846,423000,0.2,-0.0,0.2,-0.7,0.16,-0.09,-394.9,-352.2,-255.9,-400,-350,-250,1485,1480,1466,1495
847,423500,0.1,-0.0,0.2,-0.69,0.16,-0.09,-407.8,-358.6,-264.7,-400,-350,-250,1466,1450,1485,1485
848,424000,0.1,-0.0,0.2,-0.67,0.15,-0.09,-418.6,-363.4,-252.8,-400,-350,-250,1464,1454,1488,1473
849,424500,0.1,-0.0,0.2,-0.66,0.15,-0.09,-411.6,-356.2,-261.1,-400,-350,-250,1494,1487,1497,1482
850,425000,0.1,-0.0,0.2,-0.65,0.14,-0.09,-407.5,-342.9,-256.7,-400,-350,-250,1495,1484,1460,1481
851,425500,0.1,-0.0,0.2,-0.63,0.14,-0.09,-386.1,-342.7,-240.4,-400,-350,-250,1469,1466,1471,1498
852,426000,0.1,0.0,0.2,-0.62,0.13,-0.09,-384.5,-336.7,-238.8,-400,-350,-250,1482,1485,1483,1455
853,426500,0.0,0.0,0.2,-0.6,0.13,-0.09,-390.0,-346.5,-254.8,-400,-350,-250,1491,1464,1478,1479
854,427000,0.0,0.0,0.2,-0.59,0.12,-0.09,-406.6,-352.0,-256.9,-400,-350,-250,1477,1467,1477,1466
855,427500,0.0,0.0,0.2,-0.57,0.12,-0.09,-412.4,-357.3,-260.3,-400,-350,-250,1487,1462,1496,1494
856,428000,0.0,0.0,0.2,-0.56,0.11,-0.09,-404.8,-371.5,-264.5,-400,-350,-250,1477,1497,1466,1476
857,428500,-0.0,0.0,0.2,-0.54,0.11,-0.09,-396.0,-351.3,-264.3,-400,-350,-250,1482,1501,1472,1490
858,429000,-0.0,0.0,0.2,-0.52,0.1,-0.09,-393.4,-349.7,-248.2,-400,-350,-250,1498,1499,1473,1498
859,429500,-0.0,0.0,0.2,-0.51,0.1,-0.09,-389.1,-336.0,-238.6,-400,-350,-250,1463,1487,1476,1443
860,430000,-0.0,0.0,0.2,-0.49,0.09,-0.09,-390.9,-341.6,-243.1,-400,-350,-250,1468,1472,1447,1495
861,430500,-0.1,0.0,0.2,-0.47,0.09,-0.09,-396.2,-346.4,-249.8,-400,-350,-250,1483,1479,1466,1461
862,431000,-0.1,0.0,0.2,-0.46,0.09,-0.09,-406.9,-354.3,-258.7,-400,-350,-250,1506,1462,1479,1473
863,431500,-0.1,0.0,0.2,-0.44,0.08,-0.09,-408.1,-357.3,-267.3,-400,-350,-250,1493,1479,1468,1481
864,432000,-0.1,0.0,0.2,-0.42,0.08,-0.09,-413.8,-355.0,-259.9,-400,-350,-250,1500,1488,1448,1495
865,432500,-0.1,0.0,0.2,-0.41,0.07,-0.09,-399.3,-360.4,-251.9,-400,-350,-250,1498,1508,1468,1494
866,433000,-0.1,0.0,0.2,-0.39,0.07,-0.09,-387.9,-341.3,-243.0,-400,-350,-250,1491,1492,1493,1477
867,433500,-0.1,0.0,0.2,-0.37,0.07,-0.08,-390.0,-331.4,-232.8,-400,-350,-250,1475,1483,1495,1458
868,434000,-0.1,0.0,0.2,-0.35,0.06,-0.08,-387.7,-332.1,-241.4,-400,-350,-250,1474,1514,1484,1487
869,434500,-0.1,0.0,0.2,-0.34,0.06,-0.08,-401.8,-351.2,-259.9,-400,-350,-250,1465,1463,1497,1483
870,435000,-0.1,0.0,0.1,-0.32,0.06,-0.08,-405.2,-369.4,-265.0,-400,-350,-250,1505,1472,1457,1473
871,435500,-0.2,0.0,0.1,-0.3,0.05,-0.08,-413.4,-364.1,-260.1,-400,-350,-250,1504,1507,1493,1477
872,436000,-0.2,0.0,0.1,-0.29,0.05,-0.08,-407.6,-363.4,-253.7,-400,-350,-250,1503,1486,1472,1494
873,436500,-0.2,0.0,0.1,-0.27,0.05,-0.08,-392.7,-346.1,-252.1,-400,-350,-250,1488,1477,1496,1493
874,437000,-0.2,0.0,0.1,-0.26,0.04,-0.08,-384.1,-339.7,-233.1,-400,-350,-250,1496,1504,1497,1495
875,437500,-0.2,0.0,0.1,-0.24,0.04,-0.08,-383.7,-341.7,-245.4,-400,-350,-250,1471,1494,1499,1488
876,438000,-0.2,0.0,0.1,-0.22,0.04,-0.08,-392.6,-338.2,-247.7,-400,-350,-250,1460,1463,1481,1496
877,438500,-0.2,0.0,0.1,-0.21,0.03,-0.08,-401.2,-357.3,-254.1,-400,-350,-250,1485,1475,1480,1496
878,439000,-0.2,0.1,0.1,-0.19,0.03,-0.08,-407.6,-368.1,-268.5,-400,-350,-250,1488,1517,1469,1467
879,439500,-0.2,0.1,0.1,-0.18,0.03,-0.08,-408.4,-360.5,-265.7,-400,-350,-250,1486,1493,1460,1486
880,440000,-0.2,0.1,0.1,-0.16,0.02,-0.08,-398.6,-350.0,-249.8,-400,-350,-250,1485,1465,1505,1497
881,440500,-0.2,0.1,0.1,-0.15,0.02,-0.08,-392.4,-338.5,-239.4,-400,-350,-250,1484,1452,1479,1475
882,441000,-0.2,0.1,0.1,-0.13,0.02,-0.08,-387.4,-337.0,-241.7,-400,-350,-250,1492,1514,1469,1502
883,441500,-0.2,0.1,0.1,-0.12,0.02,-0.08,-389.2,-337.7,-241.0,-400,-350,-250,1506,1477,1498,1476
884,442000,-0.2,0.1,0.1,-0.1,0.01,-0.08,-396.2,-349.8,-246.2,-400,-350,-250,1464,1467,1507,1493
885,442500,-0.2,0.1,0.1,-0.09,0.01,-0.08,-401.0,-364.3,-260.1,-400,-350,-250,1496,1513,1486,1481
886,443000,-0.2,0.1,0.1,-0.08,0.01,-0.07,-408.9,-364.9,-268.0,-400,-350,-250,1498,1459,1473,1507
887,443500,-0.2,0.1,0.1,-0.06,0.01,-0.07,-408.8,-360.9,-258.8,-400,-350,-250,1504,1495,1473,1479
888,444000,-0.2,0.1,0.1,-0.05,0.0,-0.07,-392.0,-349.4,-252.0,-400,-350,-250,1500,1505,1519,1472
889,444500,-0.2,0.1,0.1,-0.04,0.0,-0.07,-389.2,-342.0,-238.5,-400,-350,-250,1481,1504,1449,1502
890,445000,-0.2,0.1,0.1,-0.03,0.0,-0.07,-386.6,-337.9,-235.2,-400,-350,-250,1491,1473,1510,1497
891,445500,-0.2,0.1,0.1,-0.01,-0.0,-0.07,-392.4,-342.5,-248.1,-400,-350,-250,1470,1484,1494,1490
892,446000,-0.2,0.1,0.1,-0.0,-0.0,-0.07,-404.7,-359.8,-261.6,-400,-350,-250,1512,1494,1477,1506
893,446500,-0.2,0.1,0.1,0.01,-0.01,-0.07,-408.2,-364.7,-265.9,-400,-350,-250,1505,1493,1513,1494
894,447000,-0.2,0.1,0.1,0.02,-0.01,-0.07,-413.1,-365.9,-266.8,-400,-350,-250,1493,1493,1498,1496
895,447500,-0.2,0.1,0.1,0.03,-0.01,-0.07,-406.9,-356.4,-259.7,-400,-350,-250,1496,1470,1481,1477
896,448000,-0.2,0.1,0.1,0.04,-0.01,-0.07,-394.0,-345.4,-238.9,-400,-350,-250,1486,1468,1485,1500
897,448500,-0.2,0.1,0.1,0.05,-0.01,-0.07,-382.2,-336.2,-229.9,-400,-350,-250,1506,1491,1507,1470
898,449000,-0.2,0.1,0.1,0.06,-0.01,-0.07,-386.4,-341.8,-238.3,-400,-350,-250,1513,1483,1513,1475
899,449500,-0.2,0.1,0.1,0.07,-0.01,-0.07,-389.5,-354.3,-251.4,-400,-350,-250,1505,1489,1492,1490
900,450000,-0.2,0.1,0.1,0.08,-0.02,-0.07,-405.3,-359.4,-263.0,-400,-350,-250,1486,1492,1477,1497
901,450500,-0.2,0.1,0.1,0.08,-0.02,-0.06,-405.0,-370.8,-266.9,-400,-350,-250,1486,1491,1492,1480
902,451000,-0.2,0.1,0.1,0.09,-0.02,-0.06,-408.6,-361.1,-261.8,-400,-350,-250,1513,1492,1469,1468
903,451500,-0.2,0.1,0.1,0.1,-0.02,-0.06,-396.0,-352.2,-253.7,-400,-350,-250,1471,1486,1489,1481
904,452000,-0.2,0.0,0.1,0.11,-0.02,-0.06,-389.2,-337.0,-237.7,-400,-350,-250,1499,1488,1471,1502
905,452500,-0.2,0.0,0.1,0.12,-0.02,-0.06,-378.2,-331.5,-232.4,-400,-350,-250,1495,1497,1491,1509
906,453000,-0.2,0.0,0.1,0.12,-0.02,-0.06,-390.1,-333.4,-238.9,-400,-350,-250,1487,1491,1468,1481
907,453500,-0.2,0.0,0.1,0.13,-0.02,-0.06,-401.2,-343.0,-256.0,-400,-350,-250,1505,1493,1487,1501
908,454000,-0.2,0.0,0.1,0.13,-0.02,-0.06,-417.4,-358.5,-254.9,-400,-350,-250,1496,1491,1494,1501
909,454500,-0.2,0.0,0.1,0.14,-0.03,-0.06,-413.7,-363.7,-262.6,-400,-350,-250,1487,1498,1497,1502
910,455000,-0.2,0.0,0.1,0.15,-0.03,-0.06,-408.8,-359.4,-259.3,-400,-350,-250,1509,1496,1468,1474
911,455500,-0.2,0.0,0.1,0.15,-0.03,-0.06,-386.3,-344.7,-251.3,-400,-350,-250,1479,1494,1513,1516
912,456000,-0.2,0.0,0.1,0.15,-0.03,-0.06,-386.8,-338.7,-230.4,-400,-350,-250,1478,1515,1497,1494
913,456500,-0.2,0.0,0.1,0.16,-0.03,-0.06,-380.4,-335.6,-241.0,-400,-350,-250,1471,1493,1500,1512
914,457000,-0.2,0.0,0.1,0.16,-0.03,-0.06,-403.8,-340.7,-243.7,-400,-350,-250,1515,1505,1496,1499
915,457500,-0.2,0.0,0.1,0.17,-0.03,-0.05,-403.5,-359.6,-257.9,-400,-350,-250,1495,1487,1472,1472
916,458000,-0.2,0.0,0.1,0.17,-0.03,-0.05,-410.1,-362.1,-264.0,-400,-350,-250,1476,1506,1488,1463
917,458500,-0.2,0.0,0.1,0.17,-0.03,-0.05,-404.2,-368.0,-253.8,-400,-350,-250,1501,1487,1459,1483
918,459000,-0.2,0.0,0.1,0.18,-0.03,-0.05,-394.9,-347.4,-251.9,-400,-350,-250,1469,1488,1490,1500
919,459500,-0.2,0.0,0.1,0.18,-0.03,-0.05,-390.2,-340.3,-248.1,-400,-350,-250,1485,1515,1473,1507
920,460000,-0.1,0.0,0.1,0.18,-0.03,-0.05,-375.5,-333.8,-241.9,-400,-350,-250,1512,1467,1499,1488
921,460500,-0.1,0.0,0.1,0.18,-0.03,-0.05,-383.6,-335.6,-239.7,-400,-350,-250,1520,1508,1487,1480
922,461000,-0.1,0.0,0.1,0.18,-0.03,-0.05,-389.3,-352.2,-249.3,-400,-350,-250,1493,1488,1471,1492
923,461500,-0.1,0.0,0.1,0.19,-0.03,-0.05,-409.7,-357.2,-263.2,-400,-350,-250,1472,1479,1494,1498
924,462000,-0.1,0.0,0.1,0.19,-0.03,-0.05,-410.0,-365.9,-262.6,-400,-350,-250,1497,1519,1494,1497
925,462500,-0.1,0.0,0.1,0.19,-0.03,-0.05,-404.9,-354.0,-262.5,-400,-350,-250,1488,1491,1464,1514
926,463000,-0.1,0.0,0.1,0.19,-0.03,-0.05,-391.8,-347.5,-234.7,-400,-350,-250,1514,1525,1518,1508
927,463500,-0.1,0.0,0.1,0.19,-0.03,-0.05,-392.2,-332.2,-236.8,-400,-350,-250,1478,1496,1506,1510
928,464000,-0.1,0.0,0.1,0.19,-0.03,-0.05,-384.6,-338.7,-234.0,-400,-350,-250,1485,1495,1507,1475
929,464500,-0.1,0.0,0.1,0.19,-0.03,-0.04,-391.3,-351.7,-247.9,-400,-350,-250,1478,1495,1506,1495
930,465000,-0.1,0.0,0.1,0.19,-0.03,-0.04,-400.7,-355.2,-256.6,-400,-350,-250,1503,1493,1498,1511
931,465500,-0.1,0.0,0.1,0.19,-0.03,-0.04,-414.5,-359.1,-268.1,-400,-350,-250,1493,1471,1488,1519
932,466000,-0.1,0.0,0.1,0.19,-0.03,-0.04,-410.4,-358.1,-268.9,-400,-350,-250,1482,1503,1508,1509
933,466500,-0.1,0.0,0.0,0.18,-0.03,-0.04,-409.4,-352.1,-254.6,-400,-350,-250,1498,1503,1493,1472
934,467000,-0.1,0.0,0.0,0.18,-0.03,-0.04,-395.8,-348.3,-248.1,-400,-350,-250,1495,1516,1486,1486
935,467500,-0.1,0.0,0.0,0.18,-0.03,-0.04,-389.7,-343.0,-236.2,-400,-350,-250,1490,1493,1483,1504
936,468000,-0.1,0.0,0.0,0.18,-0.03,-0.04,-392.6,-336.8,-241.7,-400,-350,-250,1509,1484,1504,1504
937,468500,-0.1,0.0,0.0,0.18,-0.03,-0.04,-398.3,-342.6,-248.5,-400,-350,-250,1484,1507,1485,1490
938,469000,-0.1,0.0,0.0,0.18,-0.03,-0.04,-408.9,-359.1,-253.4,-400,-350,-250,1472,1494,1514,1495
939,469500,-0.1,0.0,0.0,0.17,-0.03,-0.04,-412.4,-358.5,-269.4,-400,-350,-250,1498,1509,1489,1472
940,470000,-0.1,0.0,0.0,0.17,-0.03,-0.04,-413.0,-359.1,-259.3,-400,-350,-250,1525,1517,1476,1513
941,470500,-0.1,0.0,0.0,0.17,-0.03,-0.04,-394.7,-342.6,-249.7,-400,-350,-250,1490,1500,1521,1507
942,471000,-0.0,0.0,0.0,0.17,-0.03,-0.04,-381.6,-335.8,-241.4,-400,-350,-250,1484,1525,1476,1493
943,471500,-0.0,0.0,0.0,0.17,-0.03,-0.04,-386.8,-339.7,-238.6,-400,-350,-250,1499,1533,1498,1491
944,472000,-0.0,0.0,0.0,0.16,-0.03,-0.04,-391.6,-339.0,-246.0,-400,-350,-250,1493,1473,1509,1509
945,472500,-0.0,0.0,0.0,0.16,-0.03,-0.03,-397.7,-358.7,-245.8,-400,-350,-250,1512,1495,1493,1494
946,473000,-0.0,0.0,0.0,0.16,-0.03,-0.03,-417.2,-359.9,-265.5,-400,-350,-250,1489,1507,1501,1491
947,473500,-0.0,0.0,0.0,0.15,-0.03,-0.03,-414.0,-365.4,-258.5,-400,-350,-250,1514,1489,1499,1519
948,474000,-0.0,0.0,0.0,0.15,-0.03,-0.03,-406.1,-348.5,-253.9,-400,-350,-250,1509,1469,1512,1504
949,474500,-0.0,0.0,0.0,0.15,-0.03,-0.03,-391.3,-342.0,-242.0,-400,-350,-250,1492,1513,1501,1484
950,475000,-0.0,0.0,0.0,0.14,-0.03,-0.03,-390.1,-335.8,-235.3,-400,-350,-250,1468,1470,1515,1500
951,475500,-0.0,0.0,0.0,0.14,-0.03,-0.03,-376.6,-343.9,-239.1,-400,-350,-250,1491,1508,1521,1523
952,476000,-0.0,0.0,0.0,0.14,-0.03,-0.03,-401.1,-342.6,-252.4,-400,-350,-250,1505,1503,1509,1488
953,476500,-0.0,0.0,0.0,0.13,-0.03,-0.03,-403.3,-358.9,-258.9,-400,-350,-250,1496,1485,1511,1505
954,477000,-0.0,0.0,0.0,0.13,-0.03,-0.03,-412.4,-357.1,-267.9,-400,-350,-250,1496,1501,1513,1498
955,477500,0.0,0.0,0.0,0.13,-0.02,-0.03,-407.0,-359.0,-267.8,-400,-350,-250,1491,1471,1497,1495
956,478000,0.0,0.0,0.0,0.12,-0.02,-0.03,-397.8,-349.5,-250.6,-400,-350,-250,1519,1510,1483,1491
957,478500,0.0,0.0,0.0,0.12,-0.02,-0.03,-388.3,-332.9,-240.5,-400,-350,-250,1499,1505,1513,1500
958,479000,0.0,0.0,0.0,0.11,-0.02,-0.03,-384.7,-337.5,-238.1,-400,-350,-250,1490,1511,1493,1509
959,479500,0.0,0.0,0.0,0.11,-0.02,-0.03,-389.8,-337.6,-252.0,-400,-350,-250,1487,1484,1499,1513
960,480000,0.0,0.0,0.0,0.11,-0.02,-0.03,-392.8,-346.6,-247.5,-400,-350,-250,1507,1496,1509,1470
961,480500,0.0,0.0,0.0,0.1,-0.02,-0.03,-408.7,-362.2,-260.0,-400,-350,-250,1487,1486,1492,1501
962,481000,0.0,0.0,0.0,0.1,-0.02,-0.03,-412.7,-365.3,-262.7,-400,-350,-250,1512,1485,1501,1479
963,481500,0.0,0.0,0.0,0.09,-0.02,-0.03,-408.8,-353.0,-259.5,-400,-350,-250,1529,1510,1515,1504
964,482000,0.0,0.0,0.0,0.09,-0.02,-0.03,-391.7,-340.7,-244.7,-400,-350,-250,1495,1494,1531,1500
965,482500,0.0,0.0,0.0,0.09,-0.02,-0.02,-388.7,-339.5,-243.4,-400,-350,-250,1495,1507,1495,1491
966,483000,0.0,0.0,0.0,0.08,-0.02,-0.02,-385.8,-335.4,-239.0,-400,-350,-250,1507,1488,1515,1488
967,483500,0.0,0.0,0.0,0.08,-0.02,-0.02,-397.6,-345.5,-247.9,-400,-350,-250,1486,1534,1525,1477
968,484000,0.0,0.0,0.0,0.08,-0.02,-0.02,-407.4,-362.5,-256.5,-400,-350,-250,1484,1512,1511,1528
969,484500,0.0,0.0,0.0,0.07,-0.02,-0.02,-409.8,-366.0,-260.7,-400,-350,-250,1497,1502,1496,1478
970,485000,0.0,0.0,0.0,0.07,-0.02,-0.02,-409.5,-369.5,-262.6,-400,-350,-250,1511,1505,1480,1494
971,485500,0.0,0.0,0.0,0.06,-0.02,-0.02,-399.1,-347.1,-245.3,-400,-350,-250,1477,1510,1497,1515
972,486000,0.0,0.0,0.0,0.06,-0.02,-0.02,-397.3,-340.9,-237.7,-400,-350,-250,1494,1499,1490,1520
973,486500,0.0,0.0,0.0,0.06,-0.02,-0.02,-391.2,-339.2,-237.1,-400,-350,-250,1499,1535,1508,1492
974,487000,0.0,0.0,0.0,0.05,-0.02,-0.02,-388.5,-339.0,-239.4,-400,-350,-250,1503,1511,1487,1487
975,487500,0.0,0.0,0.0,0.05,-0.02,-0.02,-403.5,-355.7,-248.8,-400,-350,-250,1533,1522,1511,1509
976,488000,0.0,0.0,0.0,0.05,-0.01,-0.02,-414.7,-366.6,-259.6,-400,-350,-250,1483,1509,1502,1516
977,488500,0.0,0.0,0.0,0.04,-0.01,-0.02,-414.4,-363.8,-266.6,-400,-350,-250,1479,1500,1515,1520
978,489000,0.0,0.0,0.0,0.04,-0.01,-0.02,-402.6,-361.4,-261.4,-400,-350,-250,1515,1498,1542,1510
979,489500,0.0,0.0,0.0,0.04,-0.01,-0.02,-402.3,-348.1,-240.0,-400,-350,-250,1478,1507,1485,1528
980,490000,0.0,0.0,0.0,0.03,-0.01,-0.02,-389.2,-341.0,-243.8,-400,-350,-250,1495,1468,1498,1537
981,490500,0.0,0.0,0.0,0.03,-0.01,-0.02,-386.7,-337.6,-241.2,-400,-350,-250,1510,1499,1493,1526
982,491000,0.0,-0.0,0.0,0.03,-0.01,-0.02,-393.7,-348.4,-239.3,-400,-350,-250,1505,1513,1508,1523
983,491500,0.1,-0.0,0.0,0.02,-0.01,-0.02,-404.7,-358.0,-253.9,-400,-350,-250,1500,1508,1530,1490
984,492000,0.1,-0.0,0.0,0.02,-0.01,-0.02,-418.5,-365.5,-266.1,-400,-350,-250,1525,1483,1539,1529
985,492500,0.1,-0.0,0.0,0.02,-0.01,-0.02,-414.5,-361.5,-263.7,-400,-350,-250,1516,1516,1517,1517
986,493000,0.1,-0.0,0.0,0.01,-0.01,-0.02,-395.4,-353.1,-249.8,-400,-350,-250,1504,1507,1510,1506
987,493500,0.1,-0.0,0.0,0.01,-0.01,-0.02,-390.2,-344.4,-241.8,-400,-350,-250,1498,1489,1496,1499
988,494000,0.1,-0.0,0.0,0.01,-0.01,-0.02,-386.7,-341.6,-236.7,-400,-350,-250,1490,1495,1509,1523
989,494500,0.1,-0.0,0.0,0.0,-0.01,-0.02,-388.9,-341.4,-241.3,-400,-350,-250,1527,1483,1524,1485
990,495000,0.1,-0.0,0.0,0.0,-0.01,-0.01,-403.3,-350.1,-251.3,-400,-350,-250,1531,1514,1506,1521
991,495500,0.1,-0.0,0.0,-0.0,-0.01,-0.01,-411.3,-364.1,-256.7,-400,-350,-250,1529,1526,1490,1535
992,496000,0.1,-0.0,0.0,-0.0,-0.01,-0.01,-416.6,-361.4,-259.9,-400,-350,-250,1542,1484,1492,1525
993,496500,0.1,-0.0,0.0,-0.01,-0.01,-0.01,-407.0,-359.6,-270.0,-400,-350,-250,1514,1505,1469,1547
994,497000,0.1,-0.0,0.0,-0.01,-0.01,-0.01,-407.3,-349.1,-247.1,-400,-350,-250,1511,1519,1504,1495
995,497500,0.1,-0.0,0.0,-0.01,-0.01,-0.01,-389.4,-345.6,-241.9,-400,-350,-250,1537,1498,1507,1536
996,498000,0.1,-0.0,0.0,-0.01,-0.01,-0.01,-382.5,-335.6,-233.4,-400,-350,-250,1504,1495,1523,1510
997,498500,0.1,-0.0,0.0,-0.01,-0.01,-0.01,-388.2,-344.9,-245.5,-400,-350,-250,1513,1505,1504,1495
998,499000,0.1,-0.0,0.0,-0.02,-0.01,-0.01,-405.2,-354.4,-248.6,-400,-350,-250,1508,1483,1515,1542
999,499500,0.0,-0.0,0.0,-0.02,-0.01,-0.01,-416.0,-366.8,-264.5,-400,-350,-250,1467,1504,1506,1486
1000,500000,80.0,69.9,50.0,-3.94,-2.53,-0.81,-410.0,-365.5,-269.9,400,350,250,1498,1518,1537,1527
1001,500500,79.8,69.8,49.9,-7.74,-4.95,-1.58,-400.3,-353.5,-253.9,400,350,250,1523,1501,1515,1523
1002,501000,79.5,69.6,49.9,-11.42,-7.29,-2.33,-390.1,-340.4,-239.0,400,350,250,1509,1507,1501,1508
1003,501500,79.1,69.4,49.8,-14.98,-9.53,-3.05,-369.3,-324.1,-240.0,400,350,250,1510,1511,1510,1489
1004,502000,78.6,69.1,49.7,-18.42,-11.69,-3.74,-375.7,-329.2,-238.7,400,350,250,1514,1474,1487,1511
1005,502500,78.1,68.8,49.6,-21.73,-13.75,-4.41,-378.7,-337.5,-247.2,400,350,250,1512,1526,1523,1508
1006,503000,77.5,68.4,49.5,-24.92,-15.73,-5.05,-386.9,-339.8,-253.0,400,350,250,1523,1506,1497,1513
1007,503500,76.8,67.9,49.3,-27.98,-17.63,-5.67,-384.7,-339.2,-254.6,400,350,250,1478,1520,1530,1525
1008,504000,76.0,67.4,49.2,-30.92,-19.44,-6.27,-371.1,-337.0,-247.3,400,350,250,1525,1511,1493,1488
1009,504500,75.2,66.9,49.0,-33.73,-21.17,-6.84,-348.4,-320.2,-240.7,400,350,250,1517,1526,1480,1500
1010,505000,74.2,66.3,48.8,-36.42,-22.81,-7.4,-325.2,-301.4,-227.5,400,350,250,1520,1494,1493,1511
1011,505500,73.3,65.7,48.6,-38.99,-24.38,-7.93,-312.4,-289.1,-222.2,400,350,250,1526,1505,1493,1486
1012,506000,72.2,65.1,48.4,-41.44,-25.87,-8.43,-314.3,-290.3,-225.8,400,350,250,1510,1505,1527,1510
1013,506500,71.1,64.4,48.2,-43.76,-27.28,-8.92,-321.9,-293.4,-239.4,400,350,250,1517,1511,1527,1515
1014,507000,70.0,63.7,48.0,-45.96,-28.62,-9.39,-308.6,-299.5,-244.9,400,350,250,1504,1521,1499,1525
1015,507500,68.8,62.9,47.7,-48.03,-29.88,-9.84,-302.1,-296.2,-243.8,400,350,250,1509,1537,1523,1512
1016,508000,67.5,62.2,47.5,-49.99,-31.07,-10.27,-283.3,-268.4,-230.0,400,350,250,1511,1505,1531,1514
1017,508500,66.2,61.4,47.2,-51.83,-32.19,-10.68,-256.8,-255.4,-218.4,400,350,250,1496,1509,1469,1529
1018,509000,64.9,60.5,46.9,-53.56,-33.24,-11.07,-226.9,-245.2,-205.4,400,350,250,1489,1514,1515,1523
1019,509500,63.5,59.7,46.6,-55.16,-34.22,-11.44,-228.7,-237.2,-207.0,400,350,250,1508,1546,1509,1511
1020,510000,62.1,58.8,46.3,-56.65,-35.13,-11.8,-221.5,-233.2,-201.7,400,350,250,1529,1535,1496,1528
1021,510500,60.7,57.9,46.0,-58.03,-35.99,-12.14,-216.2,-233.7,-215.9,400,350,250,1522,1488,1514,1505
1022,511000,59.2,57.0,45.7,-59.3,-36.77,-12.46,-204.7,-234.2,-217.7,400,350,250,1489,1502,1511,1517
1023,511500,57.7,56.0,45.4,-60.45,-37.5,-12.77,-188.2,-220.4,-213.7,400,350,250,1528,1511,1516,1486
1024,512000,56.1,55.1,45.1,-61.5,-38.17,-13.06,-170.3,-205.2,-198.1,400,350,250,1479,1519,1511,1513
1025,512499,54.6,54.1,44.7,-62.44,-38.78,-13.34,-136.9,-181.0,-182.5,400,350,250,1518,1513,1506,1516
1026,513000,53.0,53.1,44.4,-63.28,-39.33,-13.6,-110.7,-166.9,-181.0,400,350,250,1496,1515,1500,1492
1027,513499,51.4,52.1,44.1,-64.02,-39.83,-13.85,-102.7,-166.0,-190.8,400,350,250,1503,1540,1512,1494
1028,514000,49.8,51.1,43.7,-64.65,-40.27,-14.09,-106.1,-162.5,-189.5,400,350,250,1517,1511,1521,1536
1029,514499,48.1,50.1,43.3,-65.19,-40.66,-14.31,-92.7,-164.9,-202.1,400,350,250,1520,1537,1523,1495
1030,515000,46.5,49.1,43.0,-65.63,-41.0,-14.51,-77.9,-149.3,-196.0,400,350,250,1521,1532,1538,1490
1031,515499,44.8,48.0,42.6,-65.98,-41.29,-14.71,-60.5,-134.1,-178.5,400,350,250,1509,1514,1508,1532
1032,516000,43.2,47.0,42.2,-66.24,-41.53,-14.89,-33.9,-112.3,-170.7,400,350,250,1504,1492,1501,1514
1033,516499,41.5,46.0,41.9,-66.41,-41.73,-15.06,-1.0,-88.4,-155.3,400,350,250,1519,1520,1518,1536
1034,517000,39.9,44.9,41.5,-66.49,-41.88,-15.22,14.2,-86.2,-152.9,400,350,250,1515,1514,1529,1515
1035,517499,38.2,43.9,41.1,-66.49,-41.99,-15.36,20.6,-86.5,-155.6,400,350,250,1508,1529,1506,1525
1036,518000,36.5,42.8,40.7,-66.41,-42.06,-15.5,32.9,-86.4,-166.6,400,350,250,1497,1526,1515,1528
1037,518499,34.9,41.8,40.3,-66.25,-42.09,-15.62,33.8,-80.3,-160.8,400,350,250,1521,1510,1496,1515
1038,519000,33.2,40.7,39.9,-66.01,-42.08,-15.74,59.6,-65.4,-164.3,400,350,250,1500,1501,1500,1511
1039,519499,31.6,39.7,39.5,-65.7,-42.03,-15.84,85.5,-38.6,-144.1,400,350,250,1537,1491,1538,1527
1040,520000,30.0,38.6,39.1,-65.31,-41.94,-15.93,113.3,-21.6,-127.7,400,350,250,1544,1527,1490,1490
1041,520499,28.3,37.6,38.7,-64.86,-41.82,-16.02,137.5,-11.4,-117.5,400,350,250,1511,1506,1511,1520
1042,521000,26.7,36.5,38.3,-64.34,-41.67,-16.09,141.8,-9.3,-122.8,400,350,250,1525,1502,1499,1487
1043,521499,25.1,35.5,37.9,-63.76,-41.48,-16.16,144.0,-8.2,-135.4,400,350,250,1507,1514,1516,1524
1044,522000,23.6,34.5,37.5,-63.12,-41.27,-16.22,154.8,-5.7,-133.7,400,350,250,1502,1525,1522,1501
1045,522499,22.0,33.4,37.1,-62.42,-41.02,-16.27,163.3,3.4,-134.9,400,350,250,1498,1508,1539,1529
1046,523000,20.5,32.4,36.7,-61.66,-40.75,-16.31,189.8,25.3,-126.6,400,350,250,1514,1531,1511,1500
1047,523499,18.9,31.4,36.3,-60.85,-40.45,-16.34,219.0,48.4,-116.9,400,350,250,1519,1498,1512,1496
1048,524000,17.4,30.4,35.9,-59.99,-40.12,-16.37,249.9,57.4,-94.7,400,350,250,1506,1502,1510,1520
1049,524500,16.0,29.4,35.5,-59.08,-39.77,-16.38,260.1,69.9,-85.8,400,350,250,1501,1518,1510,1494
1050,525000,14.5,28.4,35.1,-58.13,-39.4,-16.39,272.8,68.0,-96.6,400,350,250,1506,1509,1502,1532
1051,525500,13.1,27.4,34.7,-57.13,-39.01,-16.4,259.0,66.4,-104.5,400,350,250,1499,1521,1515,1524
1052,526000,11.7,26.5,34.3,-56.09,-38.59,-16.39,267.0,70.7,-105.2,400,350,250,1532,1507,1532,1503
1053,526500,10.3,25.5,33.8,-55.01,-38.15,-16.39,285.1,84.1,-99.0,400,350,250,1481,1503,1515,1531
1054,527000,9.0,24.6,33.4,-53.9,-37.7,-16.37,307.4,109.9,-91.7,400,350,250,1519,1526,1518,1522
1055,527500,7.6,23.7,33.0,-52.75,-37.23,-16.35,338.1,121.1,-67.1,400,350,250,1534,1514,1484,1500
1056,528000,6.3,22.7,32.6,-51.58,-36.74,-16.32,347.9,133.2,-59.7,400,350,250,1506,1555,1526,1499
1057,528500,5.1,21.8,32.2,-50.37,-36.23,-16.29,357.0,146.8,-60.4,400,350,250,1503,1534,1511,1551
1058,529000,3.9,20.9,31.8,-49.14,-35.72,-16.25,356.6,140.4,-68.4,400,350,250,1512,1516,1536,1526
1059,529500,2.7,20.1,31.4,-47.89,-35.18,-16.21,360.5,138.6,-69.6,400,350,250,1532,1526,1523,1495
1060,530000,1.5,19.2,31.0,-46.61,-34.64,-16.16,371.3,141.9,-71.3,400,350,250,1510,1525,1503,1532
1061,530500,0.4,18.3,30.6,-45.31,-34.08,-16.1,386.9,159.9,-60.2,400,350,250,1514,1519,1535,1545
1062,531000,-0.7,17.5,30.2,-44.0,-33.52,-16.05,405.6,176.8,-43.8,400,350,250,1533,1512,1520,1516
1063,531500,-1.8,16.7,29.8,-42.67,-32.94,-15.98,440.9,196.3,-38.7,400,350,250,1496,1500,1538,1513
1064,532000,-2.8,15.9,29.4,-41.33,-32.35,-15.92,449.3,207.1,-29.2,400,350,250,1529,1531,1533,1505
1065,532500,-3.8,15.1,29.0,-39.97,-31.76,-15.85,440.0,201.0,-35.7,400,350,250,1516,1501,1509,1546
1066,533000,-4.8,14.3,28.6,-38.61,-31.16,-15.77,448.3,195.6,-42.5,400,350,250,1519,1507,1530,1519
1067,533500,-5.7,13.5,28.2,-37.24,-30.55,-15.69,449.2,201.8,-48.0,400,350,250,1481,1518,1532,1509
1068,534000,-6.6,12.8,27.8,-35.86,-29.94,-15.61,458.1,213.2,-46.8,400,350,250,1517,1525,1531,1522
1069,534500,-7.5,12.1,27.4,-34.48,-29.32,-15.52,473.8,227.1,-26.5,400,350,250,1520,1504,1530,1515
1070,535000,-8.3,11.3,27.0,-33.1,-28.7,-15.44,495.5,245.0,-8.5,400,350,250,1522,1533,1527,1534
1071,535500,-9.1,10.6,26.7,-31.72,-28.07,-15.34,505.3,258.3,-2.8,400,350,250,1502,1519,1536,1532
1072,536000,-9.9,9.9,26.3,-30.34,-27.45,-15.25,505.0,261.4,-0.2,400,350,250,1500,1526,1525,1532
1073,536500,-10.6,9.3,25.9,-28.97,-26.82,-15.15,505.0,248.5,-18.9,400,350,250,1550,1515,1540,1539
1074,537000,-11.3,8.6,25.5,-27.6,-26.19,-15.05,500.9,247.1,-12.1,400,350,250,1520,1529,1528,1535
1075,537500,-11.9,8.0,25.2,-26.23,-25.55,-14.95,508.8,250.1,-21.6,400,350,250,1523,1521,1532,1519
1076,538000,-12.6,7.4,24.8,-24.88,-24.92,-14.84,517.6,277.2,0.4,400,350,250,1538,1536,1509,1520
1077,538500,-13.1,6.8,24.4,-23.53,-24.29,-14.73,536.0,282.9,7.2,400,350,250,1524,1503,1529,1528
1078,539000,-13.7,6.2,24.0,-22.19,-23.66,-14.62,549.8,300.7,25.6,400,350,250,1529,1527,1503,1497
1079,539500,-14.2,5.6,23.7,-20.87,-23.03,-14.51,563.9,305.2,25.3,400,350,250,1495,1510,1511,1533
1080,540000,-14.7,5.0,23.3,-19.56,-22.4,-14.4,541.3,298.8,19.7,400,350,250,1514,1510,1515,1498
1081,540500,-15.2,4.5,23.0,-18.26,-21.77,-14.28,545.3,302.5,13.5,400,350,250,1514,1541,1529,1507
1082,541000,-15.6,4.0,22.6,-16.98,-21.15,-14.16,539.1,293.5,9.1,400,350,250,1540,1512,1520,1524
1083,541500,-16.0,3.4,22.3,-15.72,-20.53,-14.04,543.0,301.6,17.6,400,350,250,1539,1495,1533,1518
1084,542000,-16.3,2.9,21.9,-14.47,-19.92,-13.92,566.9,321.3,36.9,400,350,250,1527,1516,1510,1501
1085,542500,-16.7,2.5,21.6,-13.25,-19.3,-13.8,578.8,337.3,47.4,400,350,250,1528,1500,1516,1519
1086,543000,-17.0,2.0,21.2,-12.04,-18.7,-13.67,585.4,348.1,58.3,400,350,250,1527,1492,1508,1491
1087,543500,-17.3,1.5,20.9,-10.86,-18.1,-13.55,579.8,340.1,52.3,400,350,250,1519,1539,1539,1516
1088,544000,-17.5,1.1,20.6,-9.69,-17.5,-13.42,577.5,337.9,45.1,400,350,250,1543,1506,1522,1546
1089,544500,-17.7,0.7,20.2,-8.55,-16.91,-13.29,562.2,332.2,36.5,400,350,250,1517,1504,1513,1509
1090,545000,-17.9,0.3,19.9,-7.43,-16.33,-13.17,568.5,333.6,39.1,400,350,250,1506,1531,1525,1539
1091,545500,-18.1,-0.1,19.6,-6.33,-15.75,-13.04,569.8,346.5,51.8,400,350,250,1550,1510,1507,1502
1092,546000,-18.2,-0.5,19.2,-5.26,-15.18,-12.91,589.7,361.5,63.0,400,350,250,1511,1542,1547,1523
1093,546500,-18.3,-0.9,18.9,-4.22,-14.61,-12.78,595.8,376.8,76.2,400,350,250,1544,1518,1529,1519
1094,547000,-18.4,-1.2,18.6,-3.2,-14.05,-12.64,595.4,375.0,76.7,400,350,250,1531,1519,1525,1512
1095,547500,-18.4,-1.6,18.3,-2.2,-13.5,-12.51,584.7,376.5,68.5,400,350,250,1551,1538,1490,1515
1096,548000,-18.5,-1.9,18.0,-1.24,-12.96,-12.38,576.1,362.1,62.6,400,350,250,1515,1543,1522,1538
1097,548500,-18.5,-2.2,17.7,-0.3,-12.43,-12.25,567.5,354.7,64.0,400,350,250,1520,1508,1522,1540
1098,549000,-18.4,-2.5,17.4,0.62,-11.9,-12.11,571.2,359.5,66.1,400,350,250,1539,1521,1520,1519
1099,549500,-18.4,-2.8,17.1,1.5,-11.38,-11.98,592.2,374.6,83.6,400,350,250,1522,1531,1494,1527
1100,550000,-18.4,-3.0,16.8,2.36,-10.87,-11.84,593.0,388.6,89.9,400,350,250,1505,1503,1527,1515
1101,550500,-18.3,-3.3,16.5,3.19,-10.37,-11.71,597.3,397.3,98.1,400,350,250,1514,1552,1509,1517
1102,551000,-18.2,-3.6,16.2,3.99,-9.88,-11.58,591.4,391.8,95.0,400,350,250,1538,1539,1527,1573
1103,551500,-18.1,-3.8,15.9,4.77,-9.4,-11.44,583.3,392.3,87.2,400,350,250,1541,1550,1520,1552
1104,552000,-17.9,-4.0,15.6,5.51,-8.92,-11.31,564.5,374.3,82.1,400,350,250,1513,1535,1509,1527
1105,552500,-17.8,-4.2,15.4,6.23,-8.46,-11.17,555.0,377.2,85.7,400,350,250,1522,1530,1542,1509
1106,553000,-17.6,-4.4,15.1,6.91,-8.0,-11.04,562.3,386.0,91.8,400,350,250,1522,1511,1543,1508
1107,553500,-17.4,-4.6,14.8,7.57,-7.55,-10.9,576.3,399.4,108.2,400,350,250,1519,1514,1556,1513
1108,554000,-17.2,-4.8,14.5,8.2,-7.11,-10.77,588.2,410.4,115.9,400,350,250,1525,1522,1530,1488
1109,554500,-17.0,-5.0,14.3,8.8,-6.69,-10.64,583.9,414.1,117.8,400,350,250,1520,1560,1553,1535
1110,555000,-16.7,-5.1,14.0,9.38,-6.27,-10.5,574.3,406.0,121.5,400,350,250,1520,1514,1536,1512
1111,555500,-16.5,-5.3,13.7,9.92,-5.86,-10.37,555.6,402.2,100.1,400,350,250,1525,1528,1530,1505
1112,556000,-16.2,-5.4,13.5,10.44,-5.46,-10.24,547.1,388.3,108.4,400,350,250,1541,1515,1539,1536
1113,556500,-16.0,-5.5,13.2,10.92,-5.07,-10.11,546.0,391.2,103.5,400,350,250,1504,1517,1540,1548
1114,557000,-15.7,-5.6,13.0,11.39,-4.68,-9.97,560.8,401.7,119.3,400,350,250,1491,1523,1508,1539
1115,557500,-15.4,-5.7,12.7,11.82,-4.31,-9.84,556.0,412.1,127.0,400,350,250,1533,1539,1513,1553
1116,558000,-15.1,-5.8,12.5,12.22,-3.95,-9.71,566.3,420.2,141.4,400,350,250,1527,1539,1532,1559
1117,558500,-14.8,-5.9,12.3,12.6,-3.6,-9.58,563.5,418.2,141.9,400,350,250,1538,1512,1516,1515
1118,559000,-14.4,-6.0,12.0,12.96,-3.25,-9.45,534.9,413.0,129.2,400,350,250,1545,1519,1528,1538
1119,559500,-14.1,-6.1,11.8,13.28,-2.92,-9.32,533.8,401.2,117.1,400,350,250,1560,1540,1548,1551
1120,560000,-13.8,-6.2,11.6,13.58,-2.6,-9.19,528.1,398.1,121.2,400,350,250,1537,1505,1539,1513
1121,560500,-13.4,-6.2,11.3,13.86,-2.28,-9.07,526.5,398.9,130.2,400,350,250,1521,1564,1531,1535
1122,561000,-13.1,-6.3,11.1,14.11,-1.98,-8.94,529.7,414.1,141.3,400,350,250,1524,1521,1515,1539
1123,561500,-12.7,-6.3,10.9,14.33,-1.68,-8.81,538.3,422.6,155.3,400,350,250,1516,1525,1520,1514
1124,562000,-12.3,-6.3,10.7,14.53,-1.39,-8.69,537.1,424.7,152.9,400,350,250,1533,1524,1507,1522
1125,562500,-12.0,-6.4,10.5,14.71,-1.11,-8.56,527.2,422.2,153.7,400,350,250,1532,1537,1521,1517
1126,563000,-11.6,-6.4,10.2,14.86,-0.84,-8.44,513.0,406.8,142.1,400,350,250,1538,1542,1546,1518
1127,563500,-11.2,-6.4,10.0,15.0,-0.58,-8.32,496.7,402.1,129.9,400,350,250,1510,1537,1520,1515
1128,564000,-10.8,-6.4,9.8,15.1,-0.33,-8.19,498.2,402.7,141.8,400,350,250,1524,1524,1524,1533
1129,564500,-10.5,-6.4,9.6,15.19,-0.09,-8.07,492.7,407.4,152.4,400,350,250,1517,1528,1531,1536
1130,565000,-10.1,-6.4,9.4,15.26,0.14,-7.95,507.1,417.8,173.6,400,350,250,1518,1554,1503,1531
1131,565500,-9.7,-6.4,9.2,15.3,0.37,-7.83,511.2,436.4,180.5,400,350,250,1544,1514,1517,1518
1132,566000,-9.3,-6.4,9.0,15.33,0.59,-7.71,503.1,426.8,168.4,400,350,250,1526,1551,1550,1502
1133,566500,-8.9,-6.4,8.9,15.34,0.8,-7.6,486.8,413.4,167.6,400,350,250,1525,1557,1535,1550
1134,567000,-8.6,-6.3,8.7,15.32,1.0,-7.48,471.8,401.8,157.0,400,350,250,1538,1502,1525,1532
1135,567500,-8.2,-6.3,8.5,15.29,1.19,-7.37,469.0,395.5,156.8,400,350,250,1532,1551,1536,1531
1136,568000,-7.8,-6.3,8.3,15.24,1.37,-7.25,466.7,398.3,160.5,400,350,250,1541,1544,1524,1515
1137,568500,-7.4,-6.2,8.1,15.17,1.55,-7.14,474.4,413.0,170.5,400,350,250,1545,1517,1523,1540
1138,569000,-7.0,-6.2,7.9,15.09,1.72,-7.02,486.3,432.9,185.0,400,350,250,1518,1515,1519,1531
1139,569500,-6.7,-6.1,7.8,14.99,1.88,-6.91,482.4,426.1,184.7,400,350,250,1528,1529,1539,1531
1140,570000,-6.3,-6.1,7.6,14.88,2.03,-6.8,467.3,414.0,187.4,400,350,250,1529,1528,1530,1547
1141,570500,-5.9,-6.0,7.4,14.75,2.18,-6.69,453.3,406.5,170.1,400,350,250,1539,1516,1534,1545
1142,571000,-5.6,-6.0,7.3,14.61,2.32,-6.58,446.4,398.4,164.6,400,350,250,1553,1541,1551,1513
1143,571500,-5.2,-5.9,7.1,14.45,2.45,-6.48,433.7,398.5,163.9,400,350,250,1524,1517,1553,1513
1144,572000,-4.8,-5.9,7.0,14.28,2.58,-6.37,443.9,398.3,174.9,400,350,250,1563,1567,1524,1516
1145,572500,-4.5,-5.8,6.8,14.09,2.69,-6.26,458.5,412.0,182.5,400,350,250,1536,1515,1510,1547
1146,573000,-4.1,-5.7,6.6,13.9,2.81,-6.16,453.3,417.9,199.1,400,350,250,1528,1548,1532,1555
1147,573500,-3.8,-5.6,6.5,13.69,2.91,-6.06,454.9,426.1,202.0,400,350,250,1532,1539,1532,1509
1148,574000,-3.5,-5.6,6.3,13.48,3.01,-5.95,432.1,410.7,179.4,400,350,250,1519,1513,1530,1516
1149,574500,-3.1,-5.5,6.2,13.25,3.1,-5.85,422.5,394.5,176.5,400,350,250,1519,1499,1533,1513
1150,575000,-2.8,-5.4,6.1,13.01,3.19,-5.75,411.7,390.4,178.5,400,350,250,1542,1554,1511,1542
1151,575500,-2.5,-5.3,5.9,12.77,3.27,-5.66,420.2,394.3,175.9,400,350,250,1538,1524,1522,1547
1152,576000,-2.2,-5.3,5.8,12.51,3.34,-5.56,421.9,399.0,190.5,400,350,250,1560,1520,1542,1535
1153,576500,-1.9,-5.2,5.6,12.25,3.41,-5.46,434.9,412.4,201.8,400,350,250,1523,1517,1570,1535
1154,577000,-1.6,-5.1,5.5,11.98,3.47,-5.37,429.5,420.7,212.7,400,350,250,1529,1541,1536,1549
1155,577500,-1.3,-5.0,5.4,11.71,3.53,-5.27,427.5,407.2,204.6,400,350,250,1530,1550,1538,1544
1156,578000,-1.0,-4.9,5.2,11.43,3.58,-5.18,409.7,392.8,194.4,400,350,250,1552,1546,1544,1528
1157,578500,-0.7,-4.8,5.1,11.14,3.63,-5.09,392.2,381.4,184.4,400,350,250,1532,1512,1550,1521
1158,579000,-0.4,-4.7,5.0,10.84,3.67,-4.99,391.0,385.2,183.7,400,350,250,1506,1547,1539,1529
1159,579500,-0.2,-4.6,4.9,10.55,3.71,-4.9,400.2,394.0,191.8,400,350,250,1532,1507,1529,1553
1160,580000,0.1,-4.5,4.7,10.24,3.75,-4.82,402.4,405.0,203.2,400,350,250,1529,1547,1558,1540
1161,580500,0.3,-4.4,4.6,9.94,3.77,-4.73,414.1,415.7,208.9,400,350,250,1508,1560,1569,1542
1162,581000,0.6,-4.3,4.5,9.63,3.8,-4.64,407.7,407.6,218.2,400,350,250,1524,1533,1531,1543
1163,581500,0.8,-4.2,4.4,9.32,3.82,-4.56,397.6,399.5,211.4,400,350,250,1519,1553,1494,1535
1164,582000,1.0,-4.2,4.3,9.01,3.83,-4.47,382.0,380.5,205.5,400,350,250,1518,1517,1526,1540
1165,582500,1.3,-4.1,4.2,8.69,3.84,-4.39,375.4,375.9,195.7,400,350,250,1523,1525,1536,1514
1166,583000,1.5,-4.0,4.1,8.37,3.85,-4.3,374.8,376.7,200.6,400,350,250,1519,1526,1525,1529
1167,583500,1.7,-3.9,4.0,8.06,3.86,-4.22,379.3,387.5,205.0,400,350,250,1542,1544,1534,1531
1168,584000,1.9,-3.8,3.9,7.74,3.86,-4.14,389.2,395.1,221.8,400,350,250,1521,1517,1536,1534
1169,584500,2.0,-3.7,3.8,7.42,3.85,-4.06,393.2,398.8,227.5,400,350,250,1524,1528,1537,1544
1170,585000,2.2,-3.6,3.7,7.1,3.85,-3.99,390.1,392.7,227.5,400,350,250,1517,1532,1553,1569
1171,585500,2.4,-3.5,3.6,6.78,3.84,-3.91,373.9,380.8,210.3,400,350,250,1517,1532,1528,1523
1172,586000,2.6,-3.4,3.5,6.47,3.82,-3.83,366.3,367.9,209.1,400,350,250,1547,1544,1526,1527
1173,586500,2.7,-3.3,3.4,6.15,3.81,-3.76,350.5,369.3,200.5,400,350,250,1540,1525,1542,1513
1174,587000,2.9,-3.2,3.3,5.84,3.79,-3.68,356.2,376.9,214.6,400,350,250,1489,1554,1530,1533
1175,587500,3.0,-3.1,3.2,5.53,3.77,-3.61,369.7,382.6,226.4,400,350,250,1524,1534,1533,1564
1176,588000,3.1,-3.0,3.1,5.22,3.74,-3.54,386.6,389.2,231.5,400,350,250,1518,1515,1525,1551
1177,588500,3.2,-2.9,3.0,4.91,3.72,-3.47,381.5,395.5,233.1,400,350,250,1529,1536,1534,1563
1178,589000,3.4,-2.8,2.9,4.61,3.69,-3.4,377.6,383.9,227.3,400,350,250,1506,1534,1570,1524
1179,589500,3.5,-2.7,2.8,4.31,3.66,-3.33,360.5,374.0,212.0,400,350,250,1532,1529,1547,1536
1180,590000,3.6,-2.6,2.8,4.01,3.62,-3.26,355.2,365.9,207.3,400,350,250,1573,1531,1527,1532
1181,590500,3.7,-2.5,2.7,3.72,3.59,-3.2,347.8,361.7,210.7,400,350,250,1549,1513,1515,1524
1182,591000,3.7,-2.5,2.6,3.43,3.55,-3.13,360.1,375.0,219.6,400,350,250,1558,1528,1533,1537
1183,591500,3.8,-2.4,2.5,3.15,3.51,-3.07,376.7,385.3,235.2,400,350,250,1528,1538,1542,1531
1184,592000,3.9,-2.3,2.5,2.87,3.47,-3.0,376.4,381.1,238.8,400,350,250,1553,1557,1535,1505
1185,592500,4.0,-2.2,2.4,2.59,3.43,-2.94,377.8,381.7,246.4,400,350,250,1530,1551,1527,1556
1186,593000,4.0,-2.1,2.3,2.32,3.38,-2.88,362.9,365.5,230.5,400,350,250,1578,1533,1519,1540
1187,593500,4.1,-2.0,2.2,2.06,3.34,-2.82,345.5,352.3,211.3,400,350,250,1540,1514,1552,1543
1188,594000,4.1,-1.9,2.2,1.8,3.29,-2.76,343.2,359.9,209.7,400,350,250,1546,1517,1532,1546
1189,594500,4.2,-1.9,2.1,1.54,3.24,-2.7,348.4,360.3,223.5,400,350,250,1559,1555,1543,1533
1190,595000,4.2,-1.8,2.0,1.29,3.19,-2.64,356.9,378.8,241.2,400,350,250,1505,1549,1536,1547
1191,595500,4.2,-1.7,2.0,1.05,3.14,-2.58,372.9,380.2,244.1,400,350,250,1536,1554,1533,1529
1192,596000,4.2,-1.6,1.9,0.81,3.09,-2.53,374.5,383.1,246.9,400,350,250,1541,1558,1553,1540
1193,596500,4.2,-1.6,1.8,0.58,3.04,-2.47,362.2,373.6,229.7,400,350,250,1530,1527,1540,1531
1194,597000,4.3,-1.5,1.8,0.36,2.98,-2.42,360.0,360.7,226.8,400,350,250,1570,1537,1532,1555
1195,597500,4.3,-1.4,1.7,0.14,2.93,-2.36,345.8,352.9,222.6,400,350,250,1532,1528,1527,1539
1196,598000,4.3,-1.3,1.7,-0.07,2.88,-2.31,348.3,346.3,218.3,400,350,250,1518,1566,1549,1541
1197,598500,4.2,-1.3,1.6,-0.28,2.82,-2.26,350.1,356.0,228.7,400,350,250,1538,1519,1534,1555
1198,599000,4.2,-1.2,1.6,-0.48,2.76,-2.21,367.1,371.7,235.8,400,350,250,1534,1536,1527,1518
1199,599500,4.2,-1.1,1.5,-0.67,2.71,-2.16,372.8,372.7,248.2,400,350,250,1515,1536,1551,1525
1200,600000,4.2,-1.1,1.4,-0.86,2.65,-2.11,370.6,366.0,249.1,400,350,250,1546,1532,1551,1525
1201,600500,4.2,-1.0,1.4,-1.04,2.59,-2.06,358.3,366.4,235.8,400,350,250,1522,1555,1546,1534
1202,601000,4.1,-0.9,1.3,-1.22,2.54,-2.01,340.2,340.6,219.3,400,350,250,1560,1542,1526,1555
1203,601500,4.1,-0.9,1.3,-1.38,2.48,-1.96,349.3,340.2,223.6,400,350,250,1515,1544,1564,1517
1204,602000,4.1,-0.8,1.3,-1.54,2.42,-1.92,350.4,346.5,228.0,400,350,250,1540,1542,1551,1546
1205,602500,4.0,-0.8,1.2,-1.7,2.36,-1.87,366.8,364.4,245.2,400,350,250,1529,1544,1533,1526
1206,603000,4.0,-0.7,1.2,-1.84,2.31,-1.83,380.9,371.2,251.8,400,350,250,1508,1535,1550,1536
1207,603500,3.9,-0.6,1.1,-1.99,2.25,-1.78,373.4,376.9,252.4,400,350,250,1534,1537,1535,1554
1208,604000,3.9,-0.6,1.1,-2.12,2.19,-1.74,370.2,362.4,244.7,400,350,250,1535,1563,1534,1548
1209,604500,3.8,-0.5,1.0,-2.25,2.13,-1.7,350.0,350.9,236.8,400,350,250,1557,1543,1547,1544
1210,605000,3.8,-0.5,1.0,-2.37,2.07,-1.66,352.1,348.4,226.6,400,350,250,1527,1548,1537,1548
1211,605500,3.7,-0.4,0.9,-2.48,2.02,-1.62,352.3,341.1,225.1,400,350,250,1544,1521,1543,1526
1212,606000,3.6,-0.4,0.9,-2.59,1.96,-1.58,361.2,350.1,236.0,400,350,250,1522,1540,1529,1537
1213,606500,3.6,-0.3,0.9,-2.69,1.9,-1.54,375.2,365.2,244.5,400,350,250,1553,1559,1556,1543
1214,607000,3.5,-0.3,0.8,-2.79,1.85,-1.5,379.9,374.8,255.7,400,350,250,1517,1541,1544,1525
1215,607500,3.4,-0.2,0.8,-2.88,1.79,-1.46,373.3,372.3,254.8,400,350,250,1551,1531,1518,1537
1216,608000,3.4,-0.2,0.8,-2.96,1.73,-1.43,373.1,350.8,237.0,400,350,250,1537,1536,1540,1525
1217,608500,3.3,-0.2,0.7,-3.04,1.68,-1.39,355.6,339.1,235.8,400,350,250,1542,1552,1539,1508
1218,609000,3.2,-0.1,0.7,-3.11,1.62,-1.35,345.1,337.8,231.1,400,350,250,1553,1539,1514,1533
1219,609500,3.1,-0.1,0.7,-3.18,1.57,-1.32,360.0,345.6,231.7,400,350,250,1532,1529,1555,1553
1220,610000,3.0,-0.0,0.6,-3.23,1.52,-1.28,364.0,356.5,241.6,400,350,250,1518,1517,1529,1573
1221,610500,3.0,-0.0,0.6,-3.29,1.46,-1.25,392.7,357.6,253.7,400,350,250,1543,1546,1533,1517
1222,611000,2.9,0.0,0.6,-3.34,1.41,-1.22,384.9,362.2,252.8,400,350,250,1542,1519,1515,1562
1223,611500,2.8,0.1,0.5,-3.38,1.36,-1.19,384.0,363.2,253.4,400,350,250,1535,1539,1521,1551
1224,612000,2.7,0.1,0.5,-3.42,1.31,-1.15,370.0,343.7,233.8,400,350,250,1539,1564,1562,1553
1225,612500,2.6,0.1,0.5,-3.45,1.26,-1.12,358.7,335.5,233.6,400,350,250,1544,1556,1531,1507
1226,613000,2.5,0.2,0.4,-3.48,1.21,-1.09,351.0,330.3,225.8,400,350,250,1550,1556,1541,1549
1227,613500,2.4,0.2,0.4,-3.5,1.16,-1.06,370.1,343.0,238.2,400,350,250,1535,1558,1537,1540
1228,614000,2.4,0.2,0.4,-3.51,1.11,-1.03,387.8,358.3,251.3,400,350,250,1545,1527,1543,1546
1229,614500,2.3,0.2,0.4,-3.53,1.06,-1.0,392.1,363.0,262.5,400,350,250,1505,1529,1542,1534
1230,615000,2.2,0.3,0.3,-3.53,1.01,-0.98,387.9,359.7,266.0,400,350,250,1538,1532,1534,1524
1231,615500,2.1,0.3,0.3,-3.54,0.97,-0.95,384.2,346.5,253.5,400,350,250,1554,1550,1556,1540
1232,616000,2.0,0.3,0.3,-3.53,0.92,-0.92,364.3,337.5,240.4,400,350,250,1519,1524,1557,1548
1233,616500,1.9,0.3,0.3,-3.53,0.88,-0.89,370.8,333.8,232.1,400,350,250,1548,1554,1541,1538
1234,617000,1.8,0.4,0.3,-3.52,0.83,-0.87,371.3,333.5,245.0,400,350,250,1530,1520,1523,1557
1235,617500,1.7,0.4,0.2,-3.5,0.79,-0.84,380.6,346.4,246.4,400,350,250,1546,1520,1543,1533
1236,618000,1.6,0.4,0.2,-3.49,0.75,-0.82,398.8,359.6,254.2,400,350,250,1528,1550,1559,1553
1237,618500,1.6,0.4,0.2,-3.47,0.71,-0.79,399.2,365.6,254.3,400,350,250,1534,1528,1527,1550
1238,619000,1.5,0.4,0.2,-3.44,0.67,-0.77,396.1,356.6,257.6,400,350,250,1551,1553,1534,1556
1239,619500,1.4,0.4,0.2,-3.41,0.63,-0.75,380.2,350.1,241.1,400,350,250,1538,1526,1543,1561
1240,620000,1.3,0.5,0.1,-3.38,0.59,-0.72,371.2,339.5,241.3,400,350,250,1548,1534,1555,1501
1241,620500,1.2,0.5,0.1,-3.34,0.55,-0.7,369.7,333.9,233.6,400,350,250,1578,1532,1523,1539
1242,621000,1.1,0.5,0.1,-3.31,0.51,-0.68,383.3,344.3,234.7,400,350,250,1545,1561,1532,1536
1243,621500,1.1,0.5,0.1,-3.26,0.48,-0.66,389.6,352.9,257.3,400,350,250,1551,1546,1557,1541
1244,622000,1.0,0.5,0.1,-3.22,0.44,-0.64,407.2,362.3,268.5,400,350,250,1550,1544,1553,1520
1245,622500,0.9,0.5,0.1,-3.17,0.41,-0.62,398.3,365.3,264.2,400,350,250,1528,1534,1541,1544
1246,623000,0.8,0.5,0.0,-3.12,0.37,-0.6,393.9,353.7,248.1,400,350,250,1584,1527,1567,1553
1247,623500,0.7,0.5,0.0,-3.07,0.34,-0.58,378.6,332.5,242.6,400,350,250,1547,1537,1543,1545
1248,624000,0.7,0.5,0.0,-3.02,0.31,-0.56,373.9,329.7,243.7,400,350,250,1533,1528,1553,1563
1249,624500,0.6,0.6,-0.0,-2.96,0.28,-0.54,385.2,329.1,236.7,400,350,250,1546,1540,1549,1559
1250,625000,0.5,0.6,-0.0,-2.9,0.25,-0.52,394.5,341.9,246.9,400,350,250,1570,1525,1573,1554
1251,625500,0.5,0.6,-0.0,-2.85,0.22,-0.5,405.5,351.1,267.1,400,350,250,1561,1557,1574,1517
1252,626000,0.4,0.6,-0.0,-2.78,0.19,-0.48,412.1,358.6,263.1,400,350,250,1544,1551,1551,1542
1253,626500,0.3,0.6,-0.1,-2.72,0.16,-0.47,403.0,357.8,264.2,400,350,250,1575,1557,1544,1527
1254,627000,0.2,0.6,-0.1,-2.66,0.14,-0.45,408.1,341.3,251.2,400,350,250,1555,1551,1563,1529
1255,627500,0.2,0.6,-0.1,-2.59,0.11,-0.43,383.9,333.3,234.3,400,350,250,1535,1564,1548,1542
1256,628000,0.1,0.6,-0.1,-2.52,0.09,-0.42,381.1,328.9,235.3,400,350,250,1528,1556,1525,1563
1257,628500,0.1,0.6,-0.1,-2.45,0.06,-0.4,388.7,325.9,235.5,400,350,250,1548,1531,1571,1564
1258,629000,-0.0,0.6,-0.1,-2.39,0.04,-0.39,411.2,350.5,259.2,400,350,250,1535,1563,1537,1543
1259,629500,-0.1,0.6,-0.1,-2.32,0.02,-0.37,408.4,357.6,265.9,400,350,250,1543,1528,1558,1558
1260,630000,-0.1,0.6,-0.1,-2.24,-0.01,-0.36,415.9,362.2,270.2,400,350,250,1530,1544,1517,1529
1261,630500,-0.2,0.6,-0.1,-2.17,-0.03,-0.34,410.5,347.8,260.0,400,350,250,1550,1514,1537,1567
1262,631000,-0.2,0.6,-0.1,-2.1,-0.05,-0.33,396.9,339.3,243.3,400,350,250,1521,1521,1587,1542
1263,631500,-0.3,0.6,-0.1,-2.03,-0.07,-0.32,384.9,330.3,229.4,400,350,250,1565,1570,1533,1549
1264,632000,-0.3,0.6,-0.2,-1.95,-0.08,-0.3,385.6,333.5,234.1,400,350,250,1542,1564,1552,1540
1265,632500,-0.4,0.6,-0.2,-1.88,-0.1,-0.29,393.0,333.2,251.7,400,350,250,1553,1546,1564,1547
1266,633000,-0.4,0.6,-0.2,-1.81,-0.12,-0.28,409.1,351.6,259.1,400,350,250,1545,1582,1553,1549
1267,633500,-0.5,0.6,-0.2,-1.73,-0.14,-0.27,418.8,356.8,263.0,400,350,250,1517,1538,1522,1517
1268,634000,-0.5,0.6,-0.2,-1.66,-0.15,-0.25,414.1,349.0,270.2,400,350,250,1564,1531,1576,1555
1269,634500,-0.5,0.6,-0.2,-1.59,-0.17,-0.24,397.5,346.6,250.0,400,350,250,1519,1541,1562,1552
1270,635000,-0.6,0.6,-0.2,-1.51,-0.18,-0.23,390.1,331.8,239.0,400,350,250,1562,1544,1530,1532
1271,635500,-0.6,0.6,-0.2,-1.44,-0.19,-0.22,382.7,325.5,240.0,400,350,250,1517,1548,1544,1557
1272,636000,-0.6,0.6,-0.2,-1.37,-0.21,-0.21,390.7,337.0,247.1,400,350,250,1580,1521,1545,1542
1273,636500,-0.7,0.5,-0.2,-1.3,-0.22,-0.2,407.7,341.1,255.9,400,350,250,1581,1568,1531,1537
1274,637000,-0.7,0.5,-0.2,-1.23,-0.23,-0.19,421.8,356.9,260.9,400,350,250,1564,1553,1561,1543
1275,637500,-0.7,0.5,-0.2,-1.16,-0.24,-0.18,428.0,358.3,263.2,400,350,250,1546,1525,1565,1557
1276,638000,-0.8,0.5,-0.2,-1.09,-0.25,-0.17,410.2,354.7,264.9,400,350,250,1540,1552,1537,1545
1277,638500,-0.8,0.5,-0.2,-1.02,-0.26,-0.16,404.6,343.8,245.4,400,350,250,1529,1551,1538,1554
1278,639000,-0.8,0.5,-0.2,-0.95,-0.27,-0.15,392.9,326.3,242.0,400,350,250,1550,1557,1541,1541
1279,639500,-0.8,0.5,-0.2,-0.88,-0.28,-0.14,398.4,323.1,244.3,400,350,250,1554,1545,1547,1555
1280,640000,-0.9,0.5,-0.2,-0.81,-0.29,-0.13,398.4,339.0,241.5,400,350,250,1518,1549,1548,1556
1281,640500,-0.9,0.5,-0.2,-0.75,-0.3,-0.13,416.4,353.4,261.0,400,350,250,1530,1564,1587,1538
1282,641000,-0.9,0.5,-0.2,-0.68,-0.3,-0.12,418.3,362.4,270.6,400,350,250,1561,1569,1525,1552
1283,641500,-0.9,0.5,-0.2,-0.62,-0.31,-0.11,425.1,364.4,263.0,400,350,250,1547,1541,1544,1544
1284,642000,-0.9,0.5,-0.2,-0.56,-0.32,-0.1,413.4,342.9,257.1,400,350,250,1547,1541,1493,1536
1285,642500,-0.9,0.5,-0.3,-0.49,-0.32,-0.1,399.0,334.2,251.2,400,350,250,1561,1544,1556,1596
1286,643000,-0.9,0.5,-0.3,-0.43,-0.33,-0.09,390.3,332.1,234.9,400,350,250,1569,1563,1545,1556
1287,643500,-1.0,0.4,-0.3,-0.37,-0.33,-0.08,393.4,326.3,243.0,400,350,250,1571,1542,1539,1520
1288,644000,-1.0,0.4,-0.3,-0.32,-0.34,-0.07,416.0,338.6,246.4,400,350,250,1544,1565,1548,1547
1289,644500,-1.0,0.4,-0.3,-0.26,-0.34,-0.07,419.6,359.0,262.3,400,350,250,1549,1546,1530,1567
1290,645000,-1.0,0.4,-0.3,-0.21,-0.34,-0.06,422.6,356.1,266.5,400,350,250,1547,1559,1525,1528
1291,645500,-1.0,0.4,-0.3,-0.15,-0.34,-0.05,421.8,358.8,259.5,400,350,250,1530,1550,1545,1523
1292,646000,-1.0,0.4,-0.3,-0.1,-0.35,-0.05,406.1,351.7,248.2,400,350,250,1563,1524,1570,1571
1293,646500,-1.0,0.4,-0.3,-0.05,-0.35,-0.04,395.6,331.7,243.5,400,350,250,1529,1556,1566,1551
1294,647000,-1.0,0.4,-0.3,0.0,-0.35,-0.04,395.5,329.9,241.1,400,350,250,1535,1571,1547,1542
1295,647500,-1.0,0.4,-0.3,0.05,-0.35,-0.03,393.7,335.0,244.1,400,350,250,1566,1523,1546,1537
1296,648000,-1.0,0.4,-0.3,0.1,-0.35,-0.03,407.7,349.0,252.3,400,350,250,1561,1507,1559,1519
1297,648500,-1.0,0.4,-0.3,0.14,-0.35,-0.02,415.1,361.7,264.5,400,350,250,1550,1533,1532,1536
1298,649000,-1.0,0.3,-0.3,0.18,-0.35,-0.02,424.6,358.3,266.2,400,350,250,1535,1551,1531,1516
1299,649500,-1.0,0.3,-0.3,0.23,-0.35,-0.01,406.5,354.0,260.5,400,350,250,1562,1537,1531,1525
1300,650000,-1.0,0.3,-0.3,0.27,-0.35,-0.01,407.5,339.1,251.6,400,350,250,1547,1544,1520,1538
1301,650500,-0.9,0.3,-0.3,0.31,-0.35,-0.0,398.3,330.0,241.1,400,350,250,1523,1563,1590,1565
1302,651000,-0.9,0.3,-0.3,0.34,-0.35,0.0,396.3,327.5,236.2,400,350,250,1538,1551,1518,1535
1303,651500,-0.9,0.3,-0.3,0.38,-0.35,0.01,407.3,342.3,250.4,400,350,250,1561,1531,1528,1555
1304,652000,-0.9,0.3,-0.3,0.41,-0.35,0.01,416.7,354.7,256.7,400,350,250,1564,1556,1565,1543
1305,652500,-0.9,0.3,-0.3,0.45,-0.35,0.01,427.0,362.0,264.0,400,350,250,1547,1523,1546,1551
1306,653000,-0.9,0.3,-0.3,0.48,-0.34,0.02,425.0,356.2,260.6,400,350,250,1537,1517,1539,1588
1307,653500,-0.9,0.3,-0.3,0.51,-0.34,0.02,412.3,347.1,252.8,400,350,250,1575,1531,1547,1547
1308,654000,-0.9,0.3,-0.3,0.54,-0.34,0.03,396.4,335.1,236.5,400,350,250,1536,1568,1570,1544
1309,654500,-0.9,0.3,-0.3,0.56,-0.34,0.03,395.8,333.7,237.5,400,350,250,1547,1567,1557,1545
1310,655000,-0.8,0.2,-0.3,0.59,-0.33,0.03,395.7,339.5,238.4,400,350,250,1538,1545,1541,1568
1311,655500,-0.8,0.2,-0.3,0.61,-0.33,0.03,409.2,346.8,250.0,400,350,250,1570,1555,1580,1562
1312,656000,-0.8,0.2,-0.3,0.64,-0.33,0.04,418.4,356.7,262.7,400,350,250,1552,1561,1556,1572
1313,656500,-0.8,0.2,-0.3,0.66,-0.32,0.04,417.5,363.6,262.6,400,350,250,1533,1540,1539,1534
1314,657000,-0.8,0.2,-0.3,0.68,-0.32,0.04,411.8,362.6,261.4,400,350,250,1564,1532,1514,1540
1315,657500,-0.8,0.2,-0.3,0.7,-0.32,0.05,409.2,343.8,252.3,400,350,250,1533,1570,1556,1565
1316,658000,-0.7,0.2,-0.3,0.71,-0.31,0.05,393.6,340.4,240.1,400,350,250,1542,1540,1550,1535
1317,658500,-0.7,0.2,-0.3,0.73,-0.31,0.05,387.1,333.2,240.0,400,350,250,1545,1562,1573,1530
1318,659000,-0.7,0.2,-0.3,0.74,-0.3,0.05,399.9,336.1,241.7,400,350,250,1552,1514,1558,1562
1319,659500,-0.7,0.2,-0.3,0.75,-0.3,0.06,413.3,355.1,264.0,400,350,250,1544,1566,1571,1557
1320,660000,-0.7,0.2,-0.3,0.77,-0.29,0.06,413.5,361.7,265.3,400,350,250,1525,1549,1561,1546
1321,660500,-0.6,0.2,-0.2,0.78,-0.29,0.06,420.5,369.1,264.8,400,350,250,1535,1550,1566,1558
1322,661000,-0.6,0.2,-0.2,0.79,-0.28,0.06,412.7,352.7,263.6,400,350,250,1563,1524,1555,1513
1323,661500,-0.6,0.1,-0.2,0.79,-0.28,0.06,405.7,344.6,243.5,400,350,250,1530,1545,1523,1558
1324,662000,-0.6,0.1,-0.2,0.8,-0.28,0.07,389.0,326.6,237.5,400,350,250,1568,1531,1544,1577
1325,662500,-0.6,0.1,-0.2,0.81,-0.27,0.07,392.6,332.6,239.3,400,350,250,1562,1535,1548,1525
1326,663000,-0.5,0.1,-0.2,0.81,-0.27,0.07,395.2,338.6,251.8,400,350,250,1555,1561,1568,1551
1327,663500,-0.5,0.1,-0.2,0.81,-0.26,0.07,414.7,358.9,262.7,400,350,250,1534,1546,1548,1551
1328,664000,-0.5,0.1,-0.2,0.81,-0.26,0.07,417.5,363.8,269.0,400,350,250,1553,1559,1562,1558
1329,664500,-0.5,0.1,-0.2,0.82,-0.25,0.07,421.4,364.9,270.6,400,350,250,1560,1541,1585,1567
1330,665000,-0.5,0.1,-0.2,0.82,-0.24,0.07,411.4,353.6,254.3,400,350,250,1533,1557,1545,1544
1331,665500,-0.4,0.1,-0.2,0.81,-0.24,0.08,385.6,345.0,237.4,400,350,250,1534,1557,1559,1538
1332,666000,-0.4,0.1,-0.2,0.81,-0.23,0.08,388.5,334.4,237.2,400,350,250,1558,1562,1545,1526
1333,666500,-0.4,0.1,-0.2,0.81,-0.23,0.08,401.6,336.5,237.2,400,350,250,1562,1559,1541,1586
1334,667000,-0.4,0.1,-0.2,0.81,-0.22,0.08,395.0,354.9,252.7,400,350,250,1555,1555,1547,1555
1335,667500,-0.4,0.1,-0.2,0.8,-0.22,0.08,410.3,359.6,271.5,400,350,250,1512,1569,1517,1538
1336,668000,-0.3,0.1,-0.2,0.8,-0.21,0.08,422.7,363.4,265.6,400,350,250,1528,1549,1548,1541
1337,668500,-0.3,0.1,-0.2,0.79,-0.21,0.08,406.5,359.5,263.3,400,350,250,1568,1559,1574,1569
1338,669000,-0.3,0.1,-0.2,0.78,-0.2,0.08,389.0,353.3,249.0,400,350,250,1535,1557,1565,1528
1339,669500,-0.3,0.1,-0.2,0.77,-0.2,0.08,384.7,339.0,236.7,400,350,250,1573,1554,1543,1531
1340,670000,-0.3,0.0,-0.2,0.77,-0.19,0.08,389.8,327.4,231.6,400,350,250,1531,1577,1577,1548
1341,670500,-0.3,0.0,-0.2,0.76,-0.19,0.08,393.4,344.8,249.5,400,350,250,1539,1584,1548,1568
1342,671000,-0.2,0.0,-0.2,0.75,-0.18,0.08,397.8,354.3,254.2,400,350,250,1581,1548,1532,1581
1343,671500,-0.2,0.0,-0.2,0.74,-0.18,0.09,413.7,364.0,261.4,400,350,250,1561,1554,1547,1545
1344,672000,-0.2,0.0,-0.2,0.72,-0.17,0.09,414.3,361.4,261.0,400,350,250,1569,1565,1530,1534
1345,672500,-0.2,0.0,-0.2,0.71,-0.17,0.09,409.0,364.5,256.8,400,350,250,1547,1548,1555,1549
1346,673000,-0.2,0.0,-0.2,0.7,-0.16,0.09,399.0,346.8,247.3,400,350,250,1575,1548,1543,1596
1347,673500,-0.1,0.0,-0.2,0.69,-0.16,0.09,378.6,328.5,227.4,400,350,250,1557,1535,1567,1520
1348,674000,-0.1,0.0,-0.2,0.67,-0.15,0.09,387.1,334.7,234.0,400,350,250,1568,1546,1558,1544
1349,674500,-0.1,0.0,-0.2,0.66,-0.15,0.09,398.2,344.6,248.7,400,350,250,1550,1541,1558,1549
1350,675000,-0.1,0.0,-0.2,0.65,-0.14,0.09,405.9,354.6,262.5,400,350,250,1572,1532,1545,1559
1351,675500,-0.1,0.0,-0.2,0.63,-0.14,0.09,420.5,368.4,262.7,400,350,250,1552,1565,1555,1548
1352,676000,-0.1,-0.0,-0.2,0.62,-0.13,0.09,408.3,363.1,264.1,400,350,250,1552,1574,1570,1540
1353,676500,-0.0,-0.0,-0.2,0.6,-0.13,0.09,402.8,350.2,253.7,400,350,250,1577,1566,1553,1542
1354,677000,-0.0,-0.0,-0.2,0.59,-0.12,0.09,389.1,341.0,239.3,400,350,250,1569,1552,1534,1583
1355,677500,-0.0,-0.0,-0.2,0.57,-0.12,0.09,372.7,333.2,235.5,400,350,250,1567,1569,1574,1576
1356,678000,-0.0,-0.0,-0.2,0.56,-0.11,0.09,390.3,339.5,244.8,400,350,250,1552,1533,1545,1562
1357,678500,0.0,-0.0,-0.2,0.54,-0.11,0.09,403.1,346.4,257.3,400,350,250,1557,1530,1559,1567
1358,679000,0.0,-0.0,-0.2,0.52,-0.1,0.09,413.9,360.9,260.5,400,350,250,1569,1556,1552,1546
1359,679500,0.0,-0.0,-0.2,0.51,-0.1,0.09,411.2,358.4,266.0,400,350,250,1569,1564,1542,1575
1360,680000,0.0,-0.0,-0.2,0.49,-0.09,0.09,408.1,355.6,265.1,400,350,250,1573,1547,1534,1551
1361,680500,0.1,-0.0,-0.2,0.47,-0.09,0.09,386.9,347.7,255.0,400,350,250,1557,1541,1563,1545
1362,681000,0.1,-0.0,-0.2,0.46,-0.09,0.09,391.1,335.6,246.6,400,350,250,1547,1555,1538,1533
1363,681500,0.1,-0.0,-0.2,0.44,-0.08,0.09,385.2,336.4,232.4,400,350,250,1561,1546,1544,1552
1364,682000,0.1,-0.0,-0.2,0.42,-0.08,0.09,392.9,345.5,248.9,400,350,250,1558,1542,1542,1558
1365,682500,0.1,-0.0,-0.2,0.41,-0.07,0.09,399.0,354.4,254.8,400,350,250,1551,1555,1568,1577
1366,683000,0.1,-0.0,-0.2,0.39,-0.07,0.09,416.7,368.7,261.6,400,350,250,1568,1572,1532,1591
1367,683500,0.1,-0.0,-0.2,0.37,-0.07,0.08,411.2,355.5,273.4,400,350,250,1554,1541,1544,1569
1368,684000,0.1,-0.0,-0.2,0.35,-0.06,0.08,405.6,354.8,262.0,400,350,250,1539,1540,1544,1542
1369,684500,0.1,-0.0,-0.2,0.34,-0.06,0.08,394.7,342.8,240.6,400,350,250,1546,1523,1556,1555
1370,685000,0.1,-0.0,-0.1,0.32,-0.06,0.08,386.0,334.4,238.1,400,350,250,1539,1553,1555,1535
1371,685500,0.2,-0.0,-0.1,0.3,-0.05,0.08,386.9,337.1,237.8,400,350,250,1546,1583,1553,1542
1372,686000,0.2,-0.0,-0.1,0.29,-0.05,0.08,391.0,348.8,246.6,400,350,250,1541,1542,1567,1554
1373,686500,0.2,-0.0,-0.1,0.27,-0.05,0.08,411.0,358.8,255.1,400,350,250,1566,1558,1543,1549
1374,687000,0.2,-0.0,-0.1,0.26,-0.04,0.08,409.9,369.3,265.3,400,350,250,1560,1557,1549,1559
1375,687500,0.2,-0.0,-0.1,0.24,-0.04,0.08,410.0,358.6,262.6,400,350,250,1536,1565,1563,1545
1376,688000,0.2,-0.0,-0.1,0.22,-0.04,0.08,402.7,353.5,257.3,400,350,250,1539,1554,1539,1543
1377,688500,0.2,-0.0,-0.1,0.21,-0.03,0.08,393.5,332.4,237.6,400,350,250,1561,1565,1542,1523
1378,689000,0.2,-0.1,-0.1,0.19,-0.03,0.08,375.4,336.2,240.0,400,350,250,1567,1543,1574,1551
1379,689500,0.2,-0.1,-0.1,0.18,-0.03,0.08,388.9,338.1,246.1,400,350,250,1546,1521,1549,1556
1380,690000,0.2,-0.1,-0.1,0.16,-0.02,0.08,399.0,347.6,250.3,400,350,250,1537,1550,1555,1557
1381,690500,0.2,-0.1,-0.1,0.15,-0.02,0.08,416.0,354.0,264.8,400,350,250,1560,1536,1555,1554
1382,691000,0.2,-0.1,-0.1,0.13,-0.02,0.08,409.7,369.2,274.7,400,350,250,1564,1565,1570,1552
1383,691500,0.2,-0.1,-0.1,0.12,-0.02,0.08,411.9,357.5,262.1,400,350,250,1564,1573,1550,1549
1384,692000,0.2,-0.1,-0.1,0.1,-0.01,0.08,397.9,348.4,249.9,400,350,250,1566,1542,1567,1560
1385,692500,0.2,-0.1,-0.1,0.09,-0.01,0.08,384.0,332.8,236.0,400,350,250,1553,1568,1525,1565
1386,693000,0.2,-0.1,-0.1,0.08,-0.01,0.07,383.0,330.4,239.0,400,350,250,1560,1561,1539,1537
1387,693500,0.2,-0.1,-0.1,0.06,-0.01,0.07,392.7,347.5,243.9,400,350,250,1551,1547,1528,1569
1388,694000,0.2,-0.1,-0.1,0.05,-0.0,0.07,401.1,359.1,252.0,400,350,250,1570,1544,1563,1575
1389,694500,0.2,-0.1,-0.1,0.04,-0.0,0.07,408.7,367.9,264.8,400,350,250,1540,1557,1564,1544
1390,695000,0.2,-0.1,-0.1,0.03,-0.0,0.07,411.8,363.4,263.2,400,350,250,1551,1567,1547,1573
1391,695500,0.2,-0.1,-0.1,0.01,0.0,0.07,403.3,354.9,262.4,400,350,250,1575,1545,1563,1537
1392,696000,0.2,-0.1,-0.1,0.0,0.0,0.07,390.6,343.6,248.4,400,350,250,1536,1547,1544,1556
1393,696500,0.2,-0.1,-0.1,-0.01,0.01,0.07,378.3,330.6,247.7,400,350,250,1558,1532,1567,1535
1394,697000,0.2,-0.1,-0.1,-0.02,0.01,0.07,375.7,342.6,241.5,400,350,250,1542,1538,1562,1585
1395,697500,0.2,-0.1,-0.1,-0.03,0.01,0.07,394.8,347.8,240.9,400,350,250,1528,1560,1570,1557
1396,698000,0.2,-0.1,-0.1,-0.04,0.01,0.07,404.9,363.2,254.8,400,350,250,1571,1567,1545,1556
1397,698500,0.2,-0.1,-0.1,-0.05,0.01,0.07,413.4,368.0,262.3,400,350,250,1551,1556,1555,1555
1398,699000,0.2,-0.1,-0.1,-0.06,0.01,0.07,412.5,363.5,262.7,400,350,250,1570,1545,1550,1542
1399,699500,0.2,-0.1,-0.1,-0.07,0.01,0.07,396.9,355.9,254.4,400,350,250,1553,1561,1552,1565
1400,700000,0.2,-0.1,-0.1,-0.08,0.02,0.07,396.2,343.2,241.2,400,350,250,1579,1565,1530,1575
1401,700500,0.2,-0.1,-0.1,-0.08,0.02,0.06,383.0,338.2,230.7,400,350,250,1542,1545,1563,1538
1402,701000,0.2,-0.1,-0.1,-0.09,0.02,0.06,382.3,341.5,235.6,400,350,250,1557,1542,1530,1554
1403,701500,0.2,-0.1,-0.1,-0.1,0.02,0.06,395.5,343.0,252.8,400,350,250,1567,1568,1547,1538
1404,702000,0.2,-0.0,-0.1,-0.11,0.02,0.06,407.7,361.3,260.3,400,350,250,1546,1540,1544,1554
1405,702500,0.2,-0.0,-0.1,-0.12,0.02,0.06,411.9,372.9,265.6,400,350,250,1562,1548,1552,1541
1406,703000,0.2,-0.0,-0.1,-0.12,0.02,0.06,407.7,356.2,254.3,400,350,250,1575,1540,1562,1553
1407,703500,0.2,-0.0,-0.1,-0.13,0.02,0.06,395.9,353.5,248.8,400,350,250,1562,1550,1569,1569
1408,704000,0.2,-0.0,-0.1,-0.13,0.02,0.06,386.9,343.4,241.4,400,350,250,1578,1553,1533,1558
1409,704500,0.2,-0.0,-0.1,-0.14,0.03,0.06,383.1,333.2,234.1,400,350,250,1551,1537,1581,1544
1410,705000,0.2,-0.0,-0.1,-0.15,0.03,0.06,383.5,333.8,237.1,400,350,250,1555,1577,1564,1545
1411,705500,0.2,-0.0,-0.1,-0.15,0.03,0.06,394.8,347.6,252.0,400,350,250,1568,1548,1579,1584
1412,706000,0.2,-0.0,-0.1,-0.15,0.03,0.06,411.3,354.5,267.6,400,350,250,1554,1565,1570,1541
1413,706500,0.2,-0.0,-0.1,-0.16,0.03,0.06,414.2,366.8,263.5,400,350,250,1566,1554,1550,1583
1414,707000,0.2,-0.0,-0.1,-0.16,0.03,0.06,408.0,365.9,259.2,400,350,250,1571,1544,1558,1571
1415,707500,0.2,-0.0,-0.1,-0.17,0.03,0.05,386.6,349.3,246.4,400,350,250,1572,1558,1554,1537
1416,708000,0.2,-0.0,-0.1,-0.17,0.03,0.05,396.4,334.0,235.9,400,350,250,1545,1551,1559,1536
1417,708500,0.2,-0.0,-0.1,-0.17,0.03,0.05,387.1,334.0,237.6,400,350,250,1525,1548,1551,1550
1418,709000,0.2,-0.0,-0.1,-0.18,0.03,0.05,388.1,343.9,244.6,400,350,250,1541,1527,1566,1551
1419,709500,0.2,-0.0,-0.1,-0.18,0.03,0.05,407.4,358.6,255.0,400,350,250,1535,1550,1545,1574
1420,710000,0.1,-0.0,-0.1,-0.18,0.03,0.05,406.2,368.2,258.9,400,350,250,1547,1535,1546,1549
1421,710500,0.1,-0.0,-0.1,-0.18,0.03,0.05,414.9,363.0,268.2,400,350,250,1581,1558,1539,1553
1422,711000,0.1,-0.0,-0.1,-0.18,0.03,0.05,404.5,355.2,261.3,400,350,250,1573,1585,1564,1517
1423,711500,0.1,-0.0,-0.1,-0.19,0.03,0.05,391.9,346.7,241.2,400,350,250,1547,1569,1558,1539
1424,712000,0.1,-0.0,-0.1,-0.19,0.03,0.05,381.5,323.4,235.6,400,350,250,1538,1555,1539,1542
1425,712500,0.1,-0.0,-0.1,-0.19,0.03,0.05,382.5,346.9,231.6,400,350,250,1539,1548,1572,1568
1426,713000,0.1,-0.0,-0.1,-0.19,0.03,0.05,396.7,344.3,246.3,400,350,250,1545,1553,1544,1535
1427,713500,0.1,-0.0,-0.1,-0.19,0.03,0.05,402.7,365.5,259.8,400,350,250,1545,1555,1549,1574
1428,714000,0.1,-0.0,-0.1,-0.19,0.03,0.05,414.2,363.2,268.6,400,350,250,1561,1546,1545,1558
1429,714500,0.1,-0.0,-0.1,-0.19,0.03,0.04,406.1,360.2,268.0,400,350,250,1569,1573,1550,1547
1430,715000,0.1,-0.0,-0.1,-0.19,0.03,0.04,401.2,351.7,258.8,400,350,250,1553,1576,1546,1562
1431,715500,0.1,-0.0,-0.1,-0.19,0.03,0.04,396.4,338.4,238.9,400,350,250,1547,1533,1552,1547
1432,716000,0.1,-0.0,-0.1,-0.19,0.03,0.04,391.9,332.7,226.4,400,350,250,1570,1570,1556,1560
1433,716500,0.1,-0.0,-0.0,-0.19,0.03,0.04,389.3,335.4,238.0,400,350,250,1558,1581,1577,1559
1434,717000,0.1,-0.0,-0.0,-0.18,0.03,0.04,392.1,351.9,248.4,400,350,250,1574,1557,1559,1566
1435,717500,0.1,-0.0,-0.0,-0.18,0.03,0.04,406.6,357.9,269.6,400,350,250,1544,1570,1566,1568
1436,718000,0.1,-0.0,-0.0,-0.18,0.03,0.04,420.4,360.9,270.0,400,350,250,1526,1557,1561,1571
1437,718500,0.1,-0.0,-0.0,-0.18,0.03,0.04,415.3,358.3,261.1,400,350,250,1554,1546,1545,1547
1438,719000,0.1,-0.0,-0.0,-0.18,0.03,0.04,404.1,355.9,253.6,400,350,250,1581,1558,1541,1547
1439,719500,0.1,-0.0,-0.0,-0.18,0.03,0.04,388.9,342.9,243.9,400,350,250,1543,1571,1549,1565
1440,720000,0.1,-0.0,-0.0,-0.17,0.03,0.04,387.1,340.1,232.4,400,350,250,1560,1563,1551,1558
1441,720500,0.1,-0.0,-0.0,-0.17,0.03,0.04,391.1,333.1,237.2,400,350,250,1590,1563,1548,1530
1442,721000,0.0,-0.0,-0.0,-0.17,0.03,0.04,396.9,353.3,254.1,400,350,250,1563,1565,1548,1580
1443,721500,0.0,-0.0,-0.0,-0.17,0.03,0.04,407.4,364.4,261.6,400,350,250,1532,1570,1553,1567
1444,722000,0.0,-0.0,-0.0,-0.16,0.03,0.04,420.3,366.7,263.6,400,350,250,1554,1556,1578,1569
1445,722500,0.0,-0.0,-0.0,-0.16,0.03,0.03,415.5,362.7,257.0,400,350,250,1570,1571,1555,1564
1446,723000,0.0,-0.0,-0.0,-0.16,0.03,0.03,395.9,342.7,247.5,400,350,250,1568,1552,1524,1545
1447,723500,0.0,-0.0,-0.0,-0.15,0.03,0.03,390.9,337.9,241.7,400,350,250,1546,1551,1542,1546
1448,724000,0.0,-0.0,-0.0,-0.15,0.03,0.03,386.1,335.1,232.8,400,350,250,1561,1538,1551,1535
1449,724500,0.0,-0.0,-0.0,-0.15,0.03,0.03,385.4,336.3,237.5,400,350,250,1580,1577,1575,1549
1450,725000,0.0,-0.0,-0.0,-0.14,0.03,0.03,406.0,349.5,252.0,400,350,250,1561,1534,1560,1566
1451,725500,0.0,-0.0,-0.0,-0.14,0.03,0.03,405.6,354.4,263.1,400,350,250,1555,1559,1540,1566
1452,726000,0.0,-0.0,-0.0,-0.14,0.03,0.03,415.6,362.5,271.9,400,350,250,1561,1568,1585,1550
1453,726500,0.0,-0.0,-0.0,-0.13,0.03,0.03,406.4,350.7,256.8,400,350,250,1563,1594,1565,1560
1454,727000,0.0,-0.0,-0.0,-0.13,0.03,0.03,389.9,341.7,237.9,400,350,250,1537,1559,1562,1544
1455,727500,-0.0,-0.0,-0.0,-0.13,0.02,0.03,384.7,332.5,238.3,400,350,250,1566,1549,1550,1539
1456,728000,-0.0,-0.0,-0.0,-0.12,0.02,0.03,383.3,343.9,235.3,400,350,250,1570,1566,1579,1552
1457,728500,-0.0,-0.0,-0.0,-0.12,0.02,0.03,390.3,347.9,247.7,400,350,250,1548,1574,1557,1557
1458,729000,-0.0,-0.0,-0.0,-0.11,0.02,0.03,413.5,358.5,257.7,400,350,250,1553,1560,1573,1564
1459,729500,-0.0,-0.0,-0.0,-0.11,0.02,0.03,412.1,366.7,264.7,400,350,250,1562,1555,1525,1534
1460,730000,-0.0,-0.0,-0.0,-0.11,0.02,0.03,413.0,355.8,258.7,400,350,250,1588,1567,1551,1562
1461,730500,-0.0,-0.0,-0.0,-0.1,0.02,0.03,396.3,356.0,259.2,400,350,250,1560,1538,1571,1550
1462,731000,-0.0,-0.0,-0.0,-0.1,0.02,0.03,390.5,343.4,241.6,400,350,250,1588,1555,1589,1564
1463,731500,-0.0,-0.0,-0.0,-0.09,0.02,0.03,380.0,334.7,235.1,400,350,250,1578,1577,1595,1548
1464,732000,-0.0,-0.0,-0.0,-0.09,0.02,0.03,384.7,345.5,232.9,400,350,250,1563,1581,1543,1552
1465,732500,-0.0,-0.0,-0.0,-0.09,0.02,0.02,393.5,348.2,248.0,400,350,250,1557,1567,1546,1552
1466,733000,-0.0,-0.0,-0.0,-0.08,0.02,0.02,410.5,366.5,258.5,400,350,250,1559,1577,1559,1577
1467,733500,-0.0,-0.0,-0.0,-0.08,0.02,0.02,416.9,370.1,266.6,400,350,250,1544,1545,1564,1586
1468,734000,-0.0,-0.0,-0.0,-0.08,0.02,0.02,420.7,362.0,273.1,400,350,250,1541,1545,1572,1535
1469,734500,-0.0,-0.0,-0.0,-0.07,0.02,0.02,406.7,354.2,255.4,400,350,250,1540,1564,1571,1557
1470,735000,-0.0,-0.0,-0.0,-0.07,0.02,0.02,394.9,340.7,242.1,400,350,250,1553,1538,1556,1565
1471,735500,-0.0,-0.0,-0.0,-0.06,0.02,0.02,381.6,326.5,228.2,400,350,250,1577,1555,1546,1576
1472,736000,-0.0,-0.0,-0.0,-0.06,0.02,0.02,387.1,331.5,235.9,400,350,250,1545,1555,1544,1559
1473,736500,-0.0,-0.0,-0.0,-0.06,0.02,0.02,400.7,346.1,247.8,400,350,250,1555,1570,1547,1569
1474,737000,-0.0,-0.0,-0.0,-0.05,0.02,0.02,415.6,359.6,256.7,400,350,250,1553,1532,1550,1540
1475,737500,-0.0,-0.0,-0.0,-0.05,0.02,0.02,415.7,364.4,268.2,400,350,250,1560,1564,1557,1562
1476,738000,-0.0,-0.0,-0.0,-0.05,0.01,0.02,407.8,364.5,267.0,400,350,250,1575,1538,1564,1534
1477,738500,-0.0,-0.0,-0.0,-0.04,0.01,0.02,404.0,349.6,248.8,400,350,250,1547,1555,1558,1544
1478,739000,-0.0,-0.0,-0.0,-0.04,0.01,0.02,389.5,339.9,241.0,400,350,250,1557,1558,1593,1573
1479,739500,-0.0,-0.0,-0.0,-0.04,0.01,0.02,385.8,328.5,236.7,400,350,250,1566,1518,1556,1564
1480,740000,-0.0,-0.0,-0.0,-0.03,0.01,0.02,389.5,339.3,238.4,400,350,250,1579,1564,1554,1555
1481,740500,-0.0,-0.0,-0.0,-0.03,0.01,0.02,409.4,347.1,248.6,400,350,250,1563,1560,1562,1579
1482,741000,-0.0,0.0,-0.0,-0.03,0.01,0.02,416.8,363.5,262.1,400,350,250,1557,1555,1573,1539
1483,741500,-0.1,0.0,-0.0,-0.02,0.01,0.02,412.3,364.1,262.2,400,350,250,1547,1576,1525,1567
1484,742000,-0.1,0.0,-0.0,-0.02,0.01,0.02,405.6,359.3,258.1,400,350,250,1543,1536,1559,1514
1485,742500,-0.1,0.0,-0.0,-0.02,0.01,0.02,390.5,346.8,253.0,400,350,250,1586,1554,1546,1554
1486,743000,-0.1,0.0,-0.0,-0.01,0.01,0.02,389.8,341.2,233.8,400,350,250,1565,1558,1576,1552
1487,743500,-0.1,0.0,-0.0,-0.01,0.01,0.02,383.9,330.7,229.0,400,350,250,1562,1569,1575,1562
1488,744000,-0.1,0.0,-0.0,-0.01,0.01,0.02,389.1,336.8,236.0,400,350,250,1548,1563,1560,1524
1489,744500,-0.1,0.0,-0.0,-0.0,0.01,0.02,402.7,351.3,248.5,400,350,250,1558,1566,1543,1538
1490,745000,-0.1,0.0,-0.0,-0.0,0.01,0.01,412.3,364.1,262.1,400,350,250,1582,1560,1543,1570
1491,745500,-0.1,0.0,-0.0,0.0,0.01,0.01,413.6,368.3,266.2,400,350,250,1577,1544,1569,1565
1492,746000,-0.1,0.0,-0.0,0.0,0.01,0.01,405.7,361.6,267.8,400,350,250,1564,1547,1556,1578
1493,746500,-0.1,0.0,-0.0,0.01,0.01,0.01,398.1,352.3,244.0,400,350,250,1578,1535,1556,1554
1494,747000,-0.1,0.0,-0.0,0.01,0.01,0.01,385.0,341.3,234.1,400,350,250,1564,1586,1571,1552
1495,747500,-0.1,0.0,-0.0,0.01,0.01,0.01,382.1,326.5,236.1,400,350,250,1572,1575,1562,1591
1496,748000,-0.1,0.0,-0.0,0.01,0.01,0.01,395.5,332.7,238.6,400,350,250,1571,1553,1571,1597
1497,748500,-0.1,0.0,-0.0,0.01,0.01,0.01,401.8,363.0,254.1,400,350,250,1537,1560,1572,1550
1498,749000,-0.1,0.0,-0.0,0.02,0.01,0.01,420.8,360.5,263.3,400,350,250,1572,1555,1550,1558
1499,749500,-0.0,0.0,-0.0,0.02,0.01,0.01,418.4,372.1,270.8,400,350,250,1586,1558,1534,1558
1500,750000,-80.0,-69.9,-50.0,3.94,2.53,0.81,405.1,352.6,255.1,-400,-350,-250,1558,1559,1572,1545
1501,750500,-79.8,-69.8,-49.9,7.74,4.95,1.58,397.0,343.1,247.3,-400,-350,-250,1577,1540,1582,1548
1502,751000,-79.5,-69.6,-49.9,11.42,7.29,2.33,381.9,336.2,238.1,-400,-350,-250,1535,1561,1576,1557
1503,751500,-79.1,-69.4,-49.8,14.98,9.53,3.05,375.7,329.2,239.7,-400,-350,-250,1551,1545,1542,1551
1504,752000,-78.6,-69.1,-49.7,18.42,11.69,3.74,378.9,335.8,240.3,-400,-350,-250,1533,1535,1569,1570
1505,752500,-78.1,-68.8,-49.6,21.73,13.75,4.41,381.4,347.1,242.2,-400,-350,-250,1593,1568,1534,1566
1506,753000,-77.5,-68.4,-49.5,24.92,15.73,5.05,389.3,346.5,258.1,-400,-350,-250,1555,1557,1545,1550
1507,753500,-76.8,-67.9,-49.3,27.98,17.63,5.67,384.7,346.0,252.8,-400,-350,-250,1551,1582,1570,1584
1508,754000,-76.0,-67.4,-49.2,30.92,19.44,6.27,360.4,326.0,239.0,-400,-350,-250,1530,1553,1543,1543
1509,754500,-75.2,-66.9,-49.0,33.73,21.17,6.84,342.2,311.7,236.9,-400,-350,-250,1567,1532,1581,1554
1510,755000,-74.2,-66.3,-48.8,36.42,22.81,7.4,323.4,298.2,221.7,-400,-350,-250,1538,1582,1550,1550
1511,755500,-73.3,-65.7,-48.6,38.99,24.38,7.93,320.4,299.5,223.8,-400,-350,-250,1545,1566,1576,1565
1512,756000,-72.2,-65.1,-48.4,41.44,25.87,8.43,319.8,293.7,228.8,-400,-350,-250,1534,1548,1542,1559
1513,756500,-71.1,-64.4,-48.2,43.76,27.28,8.92,324.6,292.2,233.9,-400,-350,-250,1545,1558,1576,1547
1514,757000,-70.0,-63.7,-48.0,45.96,28.62,9.39,312.0,306.9,246.4,-400,-350,-250,1567,1571,1548,1562
1515,757500,-68.8,-62.9,-47.7,48.03,29.88,9.84,299.4,290.5,241.8,-400,-350,-250,1566,1540,1547,1568
1516,758000,-67.5,-62.2,-47.5,49.99,31.07,10.27,280.6,278.7,227.8,-400,-350,-250,1547,1571,1568,1516
1517,758500,-66.2,-61.4,-47.2,51.83,32.19,10.68,258.1,252.7,216.8,-400,-350,-250,1583,1555,1544,1563
1518,759000,-64.9,-60.5,-46.9,53.56,33.24,11.07,234.0,242.1,198.1,-400,-350,-250,1563,1572,1570,1568
1519,759500,-63.5,-59.7,-46.6,55.16,34.22,11.44,226.3,229.5,207.4,-400,-350,-250,1562,1544,1555,1563
1520,760000,-62.1,-58.8,-46.3,56.65,35.13,11.8,218.5,239.4,210.2,-400,-350,-250,1551,1592,1554,1547
1521,760500,-60.7,-57.9,-46.0,58.03,35.99,12.14,218.7,235.5,215.5,-400,-350,-250,1543,1577,1543,1561
1522,761000,-59.2,-57.0,-45.7,59.3,36.77,12.46,205.5,234.5,219.5,-400,-350,-250,1561,1568,1575,1554
1523,761500,-57.7,-56.0,-45.4,60.45,37.5,12.77,185.5,217.8,217.5,-400,-350,-250,1522,1579,1560,1561
1524,762000,-56.1,-55.1,-45.1,61.5,38.17,13.06,159.0,201.5,201.1,-400,-350,-250,1569,1553,1568,1567
1525,762500,-54.6,-54.1,-44.7,62.44,38.78,13.34,129.1,181.3,193.7,-400,-350,-250,1551,1561,1557,1541
1526,763000,-53.0,-53.1,-44.4,63.28,39.33,13.6,122.9,165.0,180.9,-400,-350,-250,1553,1580,1577,1577
1527,763500,-51.4,-52.1,-44.1,64.02,39.83,13.85,104.5,160.9,182.9,-400,-350,-250,1565,1561,1571,1546
1528,764000,-49.8,-51.1,-43.7,64.65,40.27,14.09,84.7,161.7,184.8,-400,-350,-250,1549,1555,1545,1547
1529,764500,-48.1,-50.1,-43.3,65.19,40.66,14.31,91.4,160.8,196.1,-400,-350,-250,1558,1569,1569,1549
1530,765000,-46.5,-49.1,-43.0,65.63,41.0,14.51,74.0,153.9,194.6,-400,-350,-250,1551,1592,1549,1566
1531,765500,-44.8,-48.0,-42.6,65.98,41.29,14.71,58.4,146.1,184.0,-400,-350,-250,1574,1562,1553,1541
1532,766000,-43.2,-47.0,-42.2,66.24,41.53,14.89,40.9,120.1,180.5,-400,-350,-250,1523,1541,1587,1586
1533,766500,-41.5,-46.0,-41.9,66.41,41.73,15.06,5.8,104.0,161.5,-400,-350,-250,1554,1561,1542,1539
1534,767000,-39.9,-44.9,-41.5,66.49,41.88,15.22,-16.7,86.3,149.6,-400,-350,-250,1541,1572,1561,1571
1535,767500,-38.2,-43.9,-41.1,66.49,41.99,15.36,-31.7,75.0,152.6,-400,-350,-250,1580,1541,1543,1574
1536,768000,-36.5,-42.8,-40.7,66.41,42.06,15.5,-34.9,76.6,151.3,-400,-350,-250,1575,1562,1563,1565
1537,768500,-34.9,-41.8,-40.3,66.25,42.09,15.62,-43.1,79.2,163.8,-400,-350,-250,1570,1565,1540,1549
1538,769000,-33.2,-40.7,-39.9,66.01,42.08,15.74,-52.8,77.7,162.6,-400,-350,-250,1576,1576,1573,1593
1539,769500,-31.6,-39.7,-39.5,65.7,42.03,15.84,-71.6,60.3,162.6,-400,-350,-250,1565,1574,1557,1581
1540,770000,-30.0,-38.6,-39.1,65.31,41.94,15.93,-97.5,30.0,147.2,-400,-350,-250,1557,1546,1555,1555
1541,770500,-28.3,-37.6,-38.7,64.86,41.82,16.02,-122.2,16.7,126.8,-400,-350,-250,1559,1546,1550,1553
1542,771000,-26.7,-36.5,-38.3,64.34,41.67,16.09,-149.5,-5.3,115.8,-400,-350,-250,1575,1566,1560,1565
1543,771500,-25.1,-35.5,-37.9,63.76,41.48,16.16,-161.6,-12.0,120.7,-400,-350,-250,1593,1567,1570,1596
1544,772000,-23.6,-34.5,-37.5,63.12,41.27,16.22,-170.3,-4.4,122.7,-400,-350,-250,1555,1534,1558,1565
1545,772500,-22.0,-33.4,-37.1,62.42,41.02,16.27,-175.7,-6.0,129.8,-400,-350,-250,1544,1569,1584,1566
1546,773000,-20.5,-32.4,-36.7,61.66,40.75,16.31,-175.3,-6.8,132.8,-400,-350,-250,1568,1579,1553,1557
1547,773500,-18.9,-31.4,-36.3,60.85,40.45,16.34,-204.1,-31.5,121.7,-400,-350,-250,1573,1565,1563,1579
1548,774000,-17.4,-30.4,-35.9,59.99,40.12,16.37,-231.9,-39.6,110.1,-400,-350,-250,1571,1580,1548,1546
1549,774500,-16.0,-29.4,-35.5,59.08,39.77,16.38,-249.5,-67.0,91.8,-400,-350,-250,1558,1549,1561,1554
1550,775000,-14.5,-28.4,-35.1,58.13,39.4,16.39,-264.0,-85.9,87.1,-400,-350,-250,1561,1583,1545,1552
1551,775500,-13.1,-27.4,-34.7,57.13,39.01,16.4,-274.0,-89.9,83.4,-400,-350,-250,1554,1545,1578,1582
1552,776000,-11.7,-26.5,-34.3,56.09,38.59,16.39,-284.4,-88.7,86.5,-400,-350,-250,1570,1551,1568,1523
1553,776500,-10.3,-25.5,-33.8,55.01,38.15,16.39,-287.6,-81.3,101.1,-400,-350,-250,1516,1564,1561,1559
1554,777000,-9.0,-24.6,-33.4,53.9,37.7,16.37,-295.8,-89.9,100.9,-400,-350,-250,1567,1512,1560,1573
1555,777500,-7.6,-23.7,-33.0,52.75,37.23,16.35,-312.8,-97.0,88.2,-400,-350,-250,1588,1574,1553,1601
1556,778000,-6.3,-22.7,-32.6,51.58,36.74,16.32,-330.4,-116.0,71.7,-400,-350,-250,1558,1567,1575,1561
1557,778500,-5.1,-21.8,-32.2,50.37,36.23,16.29,-365.3,-137.9,60.4,-400,-350,-250,1566,1555,1558,1539
1558,779000,-3.9,-20.9,-31.8,49.14,35.72,16.25,-374.7,-159.1,44.9,-400,-350,-250,1566,1559,1574,1572
1559,779500,-2.7,-20.1,-31.4,47.89,35.18,16.21,-389.6,-161.6,52.6,-400,-350,-250,1561,1544,1561,1574
1560,780000,-1.5,-19.2,-31.0,46.61,34.64,16.16,-380.2,-152.4,62.8,-400,-350,-250,1522,1555,1552,1516
1561,780500,-0.4,-18.3,-30.6,45.31,34.08,16.1,-379.0,-151.7,67.1,-400,-350,-250,1565,1567,1556,1580
1562,781000,0.7,-17.5,-30.2,44.0,33.52,16.05,-384.0,-155.7,65.7,-400,-350,-250,1563,1574,1570,1549
1563,781500,1.8,-16.7,-29.8,42.67,32.94,15.98,-402.8,-168.9,61.6,-400,-350,-250,1553,1559,1531,1559
1564,782000,2.8,-15.9,-29.4,41.33,32.35,15.92,-430.0,-192.4,42.9,-400,-350,-250,1555,1561,1561,1550
1565,782500,3.8,-15.1,-29.0,39.97,31.76,15.85,-450.1,-210.9,30.7,-400,-350,-250,1566,1554,1547,1535
1566,783000,4.8,-14.3,-28.6,38.61,31.16,15.77,-469.0,-221.4,16.3,-400,-350,-250,1584,1557,1554,1557
1567,783500,5.7,-13.5,-28.2,37.24,30.55,15.69,-470.7,-228.5,21.1,-400,-350,-250,1538,1562,1558,1546
1568,784000,6.6,-12.8,-27.8,35.86,29.94,15.61,-462.1,-220.7,32.5,-400,-350,-250,1550,1541,1542,1536
1569,784500,7.5,-12.1,-27.4,34.48,29.32,15.52,-471.0,-211.9,33.8,-400,-350,-250,1562,1552,1557,1583
1570,785000,8.3,-11.3,-27.0,33.1,28.7,15.44,-474.1,-224.5,37.0,-400,-350,-250,1546,1570,1579,1573
1571,785500,9.1,-10.6,-26.7,31.72,28.07,15.34,-476.8,-233.0,31.9,-400,-350,-250,1547,1542,1556,1556
1572,786000,9.9,-9.9,-26.3,30.34,27.45,15.25,-493.8,-254.4,17.4,-400,-350,-250,1548,1540,1535,1559
1573,786500,10.6,-9.3,-25.9,28.97,26.82,15.15,-522.9,-267.7,-2.1,-400,-350,-250,1553,1531,1552,1566
1574,787000,11.3,-8.6,-25.5,27.6,26.19,15.05,-536.0,-277.0,-10.7,-400,-350,-250,1552,1563,1569,1559
1575,787500,11.9,-8.0,-25.2,26.23,25.55,14.95,-533.7,-278.4,-12.5,-400,-350,-250,1565,1574,1579,1583
1576,788000,12.6,-7.4,-24.8,24.88,24.92,14.84,-521.5,-275.9,-3.0,-400,-350,-250,1562,1567,1604,1569
1577,788500,13.1,-6.8,-24.4,23.53,24.29,14.73,-523.4,-265.1,-0.9,-400,-350,-250,1575,1541,1543,1552
1578,789000,13.7,-6.2,-24.0,22.19,23.66,14.62,-522.2,-277.7,9.0,-400,-350,-250,1558,1580,1545,1532
1579,789500,14.2,-5.6,-23.7,20.87,23.03,14.51,-528.1,-283.7,2.1,-400,-350,-250,1524,1541,1561,1589
1580,790000,14.7,-5.0,-23.3,19.56,22.4,14.4,-551.9,-307.1,-18.4,-400,-350,-250,1581,1583,1539,1550
1581,790500,15.2,-4.5,-23.0,18.26,21.77,14.28,-570.1,-319.8,-35.3,-400,-350,-250,1566,1576,1595,1554
1582,791000,15.6,-4.0,-22.6,16.98,21.15,14.16,-568.6,-325.6,-39.4,-400,-350,-250,1588,1570,1583,1564
1583,791500,16.0,-3.4,-22.3,15.72,20.53,14.04,-567.9,-325.1,-39.2,-400,-350,-250,1549,1554,1560,1554
1584,792000,16.3,-2.9,-21.9,14.47,19.92,13.92,-565.1,-323.7,-27.7,-400,-350,-250,1556,1558,1556,1579
1585,792500,16.7,-2.5,-21.6,13.25,19.3,13.8,-557.8,-308.7,-26.6,-400,-350,-250,1582,1569,1552,1566
1586,793000,17.0,-2.0,-21.2,12.04,18.7,13.67,-549.2,-317.9,-22.6,-400,-350,-250,1564,1556,1555,1560
1587,793500,17.3,-1.5,-20.9,10.86,18.1,13.55,-559.7,-319.9,-23.6,-400,-350,-250,1555,1603,1555,1586
1588,794000,17.5,-1.1,-20.6,9.69,17.5,13.42,-575.0,-344.3,-45.7,-400,-350,-250,1554,1576,1530,1550
1589,794500,17.7,-0.7,-20.2,8.55,16.91,13.29,-588.5,-351.5,-57.1,-400,-350,-250,1572,1557,1556,1577
1590,795000,17.9,-0.3,-19.9,7.43,16.33,13.17,-588.0,-361.8,-66.4,-400,-350,-250,1547,1591,1565,1569
1591,795500,18.1,0.1,-19.6,6.33,15.75,13.04,-598.6,-360.6,-56.5,-400,-350,-250,1557,1556,1582,1557
1592,796000,18.2,0.5,-19.2,5.26,15.18,12.91,-579.2,-348.1,-62.9,-400,-350,-250,1547,1570,1561,1560
1593,796500,18.3,0.9,-18.9,4.22,14.61,12.78,-572.8,-347.4,-48.6,-400,-350,-250,1552,1555,1563,1543
1594,797000,18.4,1.2,-18.6,3.2,14.05,12.64,-565.9,-354.9,-45.4,-400,-350,-250,1558,1542,1579,1542
1595,797500,18.4,1.6,-18.3,2.2,13.5,12.51,-564.1,-356.5,-50.3,-400,-350,-250,1558,1583,1556,1575
1596,798000,18.5,1.9,-18.0,1.24,12.96,12.38,-584.8,-375.2,-67.6,-400,-350,-250,1567,1565,1584,1548
1597,798500,18.5,2.2,-17.7,0.3,12.43,12.25,-600.8,-381.4,-86.4,-400,-350,-250,1558,1559,1547,1576
1598,799000,18.4,2.5,-17.4,-0.62,11.9,12.11,-600.9,-383.8,-91.2,-400,-350,-250,1575,1555,1550,1552
1599,799500,18.4,2.8,-17.1,-1.5,11.38,11.98,-599.7,-388.1,-90.8,-400,-350,-250,1543,1537,1547,1532
1600,800000,18.4,3.0,-16.8,-2.36,10.87,11.84,-588.4,-387.8,-80.7,-400,-350,-250,1542,1551,1558,1560
1601,800500,18.3,3.3,-16.5,-3.19,10.37,11.71,-570.8,-369.8,-72.3,-400,-350,-250,1554,1578,1565,1549
1602,801000,18.2,3.6,-16.2,-3.99,9.88,11.58,-559.8,-374.3,-70.2,-400,-350,-250,1578,1561,1565,1561
1603,801500,18.1,3.8,-15.9,-4.77,9.4,11.44,-565.4,-374.6,-78.4,-400,-350,-250,1570,1531,1563,1555
1604,802000,17.9,4.0,-15.6,-5.51,8.92,11.31,-569.6,-387.2,-94.5,-400,-350,-250,1569,1554,1542,1555
1605,802500,17.8,4.2,-15.4,-6.23,8.46,11.17,-585.5,-397.4,-102.2,-400,-350,-250,1563,1557,1562,1577
1606,803000,17.6,4.4,-15.1,-6.91,8.0,11.04,-592.2,-405.5,-118.3,-400,-350,-250,1559,1571,1570,1562
1607,803500,17.4,4.6,-14.8,-7.57,7.55,10.9,-588.7,-415.9,-116.4,-400,-350,-250,1547,1553,1583,1548
1608,804000,17.2,4.8,-14.5,-8.2,7.11,10.77,-570.8,-400.2,-111.3,-400,-350,-250,1561,1571,1542,1542
1609,804500,17.0,5.0,-14.3,-8.8,6.69,10.64,-561.7,-387.2,-100.2,-400,-350,-250,1566,1566,1560,1566
1610,805000,16.7,5.1,-14.0,-9.38,6.27,10.5,-546.5,-386.1,-92.9,-400,-350,-250,1543,1549,1558,1571
1611,805500,16.5,5.3,-13.7,-9.92,5.86,10.37,-554.5,-395.1,-95.9,-400,-350,-250,1594,1521,1544,1561
1612,806000,16.2,5.4,-13.5,-10.44,5.46,10.24,-557.6,-405.0,-111.0,-400,-350,-250,1576,1555,1570,1561
1613,806500,16.0,5.5,-13.2,-10.92,5.07,10.11,-572.3,-416.7,-129.1,-400,-350,-250,1579,1576,1563,1536
1614,807000,15.7,5.6,-13.0,-11.39,4.68,9.97,-574.3,-423.7,-143.4,-400,-350,-250,1559,1563,1540,1553
1615,807500,15.4,5.7,-12.7,-11.82,4.31,9.84,-568.9,-413.5,-133.3,-400,-350,-250,1571,1561,1540,1573
1616,808000,15.1,5.8,-12.5,-12.22,3.95,9.71,-556.6,-419.4,-125.4,-400,-350,-250,1554,1559,1567,1556
1617,808500,14.8,5.9,-12.3,-12.6,3.6,9.58,-537.3,-395.7,-120.1,-400,-350,-250,1554,1559,1569,1553
1618,809000,14.4,6.0,-12.0,-12.96,3.25,9.45,-528.4,-397.3,-114.5,-400,-350,-250,1567,1547,1556,1538
1619,809500,14.1,6.1,-11.8,-13.28,2.92,9.32,-530.1,-397.0,-116.4,-400,-350,-250,1544,1558,1546,1564
1620,810000,13.8,6.2,-11.6,-13.58,2.6,9.19,-532.6,-405.9,-131.3,-400,-350,-250,1538,1551,1539,1549
1621,810500,13.4,6.2,-11.3,-13.86,2.28,9.07,-542.4,-416.0,-147.3,-400,-350,-250,1548,1562,1529,1589
1622,811000,13.1,6.3,-11.1,-14.11,1.98,8.94,-552.0,-424.0,-150.5,-400,-350,-250,1573,1558,1570,1554
1623,811500,12.7,6.3,-10.9,-14.33,1.68,8.81,-537.2,-429.6,-158.3,-400,-350,-250,1565,1552,1569,1546
1624,812000,12.3,6.3,-10.7,-14.53,1.39,8.69,-526.9,-421.8,-148.2,-400,-350,-250,1591,1543,1541,1536
1625,812500,12.0,6.4,-10.5,-14.71,1.11,8.56,-513.1,-399.9,-139.7,-400,-350,-250,1573,1556,1550,1589
1626,813000,11.6,6.4,-10.2,-14.86,0.84,8.44,-496.5,-405.9,-136.1,-400,-350,-250,1565,1569,1556,1564
1627,813500,11.2,6.4,-10.0,-15.0,0.58,8.32,-495.8,-401.1,-131.4,-400,-350,-250,1547,1570,1572,1562
1628,814000,10.8,6.4,-9.8,-15.1,0.33,8.19,-504.5,-408.9,-155.0,-400,-350,-250,1563,1538,1529,1570
1629,814500,10.5,6.4,-9.6,-15.19,0.09,8.07,-515.0,-419.5,-160.3,-400,-350,-250,1533,1546,1555,1566
1630,815000,10.1,6.4,-9.4,-15.26,-0.14,7.95,-515.5,-434.0,-172.7,-400,-350,-250,1561,1540,1552,1551
1631,815500,9.7,6.4,-9.2,-15.3,-0.37,7.83,-520.0,-421.9,-168.8,-400,-350,-250,1552,1573,1544,1582
1632,816000,9.3,6.4,-9.0,-15.33,-0.59,7.71,-500.6,-419.3,-167.8,-400,-350,-250,1560,1564,1559,1547
1633,816500,8.9,6.4,-8.9,-15.34,-0.8,7.6,-480.3,-405.4,-155.4,-400,-350,-250,1574,1548,1577,1557
1634,817000,8.6,6.3,-8.7,-15.32,-1.0,7.48,-465.0,-400.5,-149.6,-400,-350,-250,1562,1575,1580,1552
1635,817500,8.2,6.3,-8.5,-15.29,-1.19,7.37,-469.6,-395.2,-145.3,-400,-350,-250,1569,1554,1577,1558
1636,818000,7.8,6.3,-8.3,-15.24,-1.37,7.25,-470.5,-403.6,-162.4,-400,-350,-250,1525,1562,1569,1565
1637,818500,7.4,6.2,-8.1,-15.17,-1.55,7.14,-477.2,-417.0,-169.9,-400,-350,-250,1560,1581,1560,1571
1638,819000,7.0,6.2,-7.9,-15.09,-1.72,7.02,-486.7,-425.1,-183.1,-400,-350,-250,1561,1581,1559,1575
1639,819500,6.7,6.1,-7.8,-14.99,-1.88,6.91,-480.4,-422.5,-191.0,-400,-350,-250,1553,1573,1547,1565
1640,820000,6.3,6.1,-7.6,-14.88,-2.03,6.8,-468.2,-417.8,-179.8,-400,-350,-250,1567,1555,1565,1551
1641,820500,5.9,6.0,-7.4,-14.75,-2.18,6.69,-456.6,-412.2,-171.6,-400,-350,-250,1534,1559,1562,1543
1642,821000,5.6,6.0,-7.3,-14.61,-2.32,6.58,-441.4,-394.9,-164.8,-400,-350,-250,1545,1557,1565,1572
1643,821500,5.2,5.9,-7.1,-14.45,-2.45,6.48,-428.8,-401.4,-162.0,-400,-350,-250,1565,1549,1563,1590
1644,822000,4.8,5.9,-7.0,-14.28,-2.58,6.37,-439.5,-394.8,-168.0,-400,-350,-250,1552,1525,1576,1581
1645,822500,4.5,5.8,-6.8,-14.09,-2.69,6.26,-455.2,-412.1,-188.2,-400,-350,-250,1562,1560,1575,1550
1646,823000,4.1,5.7,-6.6,-13.9,-2.81,6.16,-447.2,-427.3,-196.1,-400,-350,-250,1598,1557,1568,1552
1647,823500,3.8,5.6,-6.5,-13.69,-2.91,6.06,-440.6,-418.7,-202.2,-400,-350,-250,1531,1562,1569,1528
1648,824000,3.5,5.6,-6.3,-13.48,-3.01,5.95,-445.7,-412.8,-205.1,-400,-350,-250,1556,1536,1539,1564
1649,824500,3.1,5.5,-6.2,-13.25,-3.1,5.85,-424.3,-398.0,-188.2,-400,-350,-250,1566,1532,1537,1567
1650,825000,2.8,5.4,-6.1,-13.01,-3.19,5.75,-416.8,-395.5,-184.0,-400,-350,-250,1555,1591,1529,1543
1651,825500,2.5,5.3,-5.9,-12.77,-3.27,5.66,-404.5,-394.9,-177.5,-400,-350,-250,1559,1575,1557,1585
1652,826000,2.2,5.3,-5.8,-12.51,-3.34,5.56,-411.7,-392.9,-180.5,-400,-350,-250,1564,1537,1544,1555
1653,826500,1.9,5.2,-5.6,-12.25,-3.41,5.46,-418.6,-407.7,-197.8,-400,-350,-250,1548,1563,1552,1567
1654,827000,1.6,5.1,-5.5,-11.98,-3.47,5.37,-426.1,-416.4,-208.2,-400,-350,-250,1540,1560,1570,1544
1655,827500,1.3,5.0,-5.4,-11.71,-3.53,5.27,-435.6,-413.9,-213.4,-400,-350,-250,1558,1565,1564,1572
1656,828000,1.0,4.9,-5.2,-11.43,-3.58,5.18,-422.5,-418.7,-210.4,-400,-350,-250,1554,1552,1564,1555
1657,828500,0.7,4.8,-5.1,-11.14,-3.63,5.09,-401.7,-400.4,-198.7,-400,-350,-250,1553,1590,1544,1543
1658,829000,0.4,4.7,-5.0,-10.84,-3.67,4.99,-394.6,-382.9,-188.9,-400,-350,-250,1556,1537,1527,1555
1659,829500,0.2,4.6,-4.9,-10.55,-3.71,4.9,-386.7,-373.4,-183.9,-400,-350,-250,1564,1573,1545,1540
1660,830000,-0.1,4.5,-4.7,-10.24,-3.75,4.82,-388.8,-377.7,-186.9,-400,-350,-250,1550,1540,1572,1574
1661,830500,-0.3,4.4,-4.6,-9.94,-3.77,4.73,-400.0,-387.1,-205.8,-400,-350,-250,1569,1555,1553,1549
1662,831000,-0.6,4.3,-4.5,-9.63,-3.8,4.64,-401.8,-401.3,-212.1,-400,-350,-250,1554,1546,1590,1583
1663,831500,-0.8,4.2,-4.4,-9.32,-3.82,4.56,-408.5,-412.8,-216.0,-400,-350,-250,1560,1559,1571,1563
1664,832000,-1.0,4.2,-4.3,-9.01,-3.83,4.47,-401.8,-396.2,-227.1,-400,-350,-250,1568,1544,1559,1556
1665,832500,-1.3,4.1,-4.2,-8.69,-3.84,4.39,-388.7,-402.3,-207.8,-400,-350,-250,1592,1552,1571,1567
1666,833000,-1.5,4.0,-4.1,-8.37,-3.85,4.3,-374.9,-382.3,-197.5,-400,-350,-250,1562,1579,1570,1548
1667,833500,-1.7,3.9,-4.0,-8.06,-3.86,4.22,-379.3,-367.0,-192.7,-400,-350,-250,1561,1549,1595,1578
1668,834000,-1.9,3.8,-3.9,-7.74,-3.86,4.14,-367.7,-375.8,-195.8,-400,-350,-250,1578,1566,1572,1562
1669,834500,-2.0,3.7,-3.8,-7.42,-3.85,4.06,-374.6,-388.1,-208.4,-400,-350,-250,1559,1557,1554,1563
1670,835000,-2.2,3.6,-3.7,-7.1,-3.85,3.99,-388.3,-394.7,-226.8,-400,-350,-250,1592,1545,1540,1550
1671,835500,-2.4,3.5,-3.6,-6.78,-3.84,3.91,-393.1,-404.4,-239.5,-400,-350,-250,1582,1573,1552,1566
1672,836000,-2.6,3.4,-3.5,-6.47,-3.82,3.83,-392.9,-404.3,-228.1,-400,-350,-250,1566,1548,1558,1512
1673,836500,-2.7,3.3,-3.4,-6.15,-3.81,3.76,-378.4,-383.6,-220.5,-400,-350,-250,1561,1566,1527,1539
1674,837000,-2.9,3.2,-3.3,-5.84,-3.79,3.68,-369.6,-374.0,-212.8,-400,-350,-250,1530,1571,1555,1573
1675,837500,-3.0,3.1,-3.2,-5.53,-3.77,3.61,-347.2,-372.6,-208.3,-400,-350,-250,1574,1579,1564,1563
1676,838000,-3.1,3.0,-3.1,-5.22,-3.74,3.54,-351.4,-362.8,-209.4,-400,-350,-250,1569,1572,1552,1544
1677,838500,-3.2,2.9,-3.0,-4.91,-3.72,3.47,-363.3,-375.2,-211.5,-400,-350,-250,1569,1558,1553,1531
1678,839000,-3.4,2.8,-2.9,-4.61,-3.69,3.4,-373.7,-387.8,-228.6,-400,-350,-250,1563,1560,1610,1545
1679,839500,-3.5,2.7,-2.8,-4.31,-3.66,3.33,-381.9,-396.2,-237.0,-400,-350,-250,1553,1573,1529,1571
1680,840000,-3.6,2.6,-2.8,-4.01,-3.62,3.26,-377.0,-393.6,-240.3,-400,-350,-250,1561,1565,1555,1555
1681,840500,-3.7,2.5,-2.7,-3.72,-3.59,3.2,-370.9,-387.4,-229.7,-400,-350,-250,1566,1558,1541,1558
1682,841000,-3.7,2.5,-2.6,-3.43,-3.55,3.13,-358.8,-369.2,-221.4,-400,-350,-250,1570,1574,1570,1561
1683,841500,-3.8,2.4,-2.5,-3.15,-3.51,3.07,-343.3,-360.3,-211.8,-400,-350,-250,1536,1558,1576,1543
1684,842000,-3.9,2.3,-2.5,-2.87,-3.47,3.0,-342.4,-362.3,-208.7,-400,-350,-250,1585,1558,1540,1562
1685,842500,-4.0,2.2,-2.4,-2.59,-3.43,2.94,-352.1,-359.9,-219.4,-400,-350,-250,1532,1550,1566,1573
1686,843000,-4.0,2.1,-2.3,-2.32,-3.38,2.88,-361.4,-373.7,-226.9,-400,-350,-250,1554,1551,1561,1574
1687,843500,-4.1,2.0,-2.2,-2.06,-3.34,2.82,-374.0,-381.1,-242.9,-400,-350,-250,1546,1560,1537,1545
1688,844000,-4.1,1.9,-2.2,-1.8,-3.29,2.76,-379.4,-387.7,-247.8,-400,-350,-250,1592,1566,1558,1537
1689,844500,-4.2,1.9,-2.1,-1.54,-3.24,2.7,-378.0,-377.2,-241.7,-400,-350,-250,1573,1551,1538,1548
1690,845000,-4.2,1.8,-2.0,-1.29,-3.19,2.64,-363.2,-372.4,-225.8,-400,-350,-250,1549,1567,1549,1554
1691,845500,-4.2,1.7,-2.0,-1.05,-3.14,2.58,-348.4,-357.6,-221.2,-400,-350,-250,1579,1556,1528,1582
1692,846000,-4.2,1.6,-1.9,-0.81,-3.09,2.53,-336.8,-346.0,-215.4,-400,-350,-250,1555,1550,1559,1564
1693,846500,-4.2,1.6,-1.8,-0.58,-3.04,2.47,-346.1,-357.4,-223.9,-400,-350,-250,1582,1582,1539,1548
1694,847000,-4.3,1.5,-1.8,-0.36,-2.98,2.42,-357.0,-361.8,-232.0,-400,-350,-250,1561,1562,1574,1537
1695,847500,-4.3,1.4,-1.7,-0.14,-2.93,2.36,-363.6,-372.8,-241.1,-400,-350,-250,1534,1554,1553,1566
1696,848000,-4.3,1.3,-1.7,0.07,-2.88,2.31,-370.6,-376.5,-254.4,-400,-350,-250,1575,1558,1571,1557
1697,848500,-4.2,1.3,-1.6,0.28,-2.82,2.26,-372.8,-364.8,-243.9,-400,-350,-250,1568,1550,1553,1573
1698,849000,-4.2,1.2,-1.6,0.48,-2.76,2.21,-358.3,-357.6,-232.1,-400,-350,-250,1541,1534,1574,1566
1699,849500,-4.2,1.1,-1.5,0.67,-2.71,2.16,-349.7,-353.5,-228.1,-400,-350,-250,1584,1555,1536,1570
1700,850000,-4.2,1.1,-1.4,0.86,-2.65,2.11,-342.8,-343.7,-221.5,-400,-350,-250,1556,1529,1565,1546
1701,850500,-4.2,1.0,-1.4,1.04,-2.59,2.06,-346.1,-345.2,-217.5,-400,-350,-250,1524,1555,1565,1572
1702,851000,-4.1,0.9,-1.3,1.22,-2.54,2.01,-358.1,-353.9,-230.8,-400,-350,-250,1570,1547,1554,1549
1703,851500,-4.1,0.9,-1.3,1.38,-2.48,1.96,-362.0,-361.9,-246.2,-400,-350,-250,1554,1560,1543,1555
1704,852000,-4.1,0.8,-1.3,1.54,-2.42,1.92,-371.0,-370.2,-255.4,-400,-350,-250,1547,1555,1536,1561
1705,852500,-4.0,0.8,-1.2,1.7,-2.36,1.87,-373.7,-377.4,-253.3,-400,-350,-250,1546,1553,1543,1576
1706,853000,-4.0,0.7,-1.2,1.84,-2.31,1.83,-370.1,-360.0,-243.7,-400,-350,-250,1578,1555,1557,1557
1707,853500,-3.9,0.6,-1.1,1.99,-2.25,1.78,-362.2,-341.1,-233.9,-400,-350,-250,1552,1540,1554,1580
1708,854000,-3.9,0.6,-1.1,2.12,-2.19,1.74,-350.0,-339.8,-220.9,-400,-350,-250,1570,1550,1532,1562
1709,854500,-3.8,0.5,-1.0,2.25,-2.13,1.7,-344.4,-341.5,-226.2,-400,-350,-250,1582,1534,1549,1548
1710,855000,-3.8,0.5,-1.0,2.37,-2.07,1.66,-360.9,-349.7,-235.7,-400,-350,-250,1574,1530,1537,1560
1711,855500,-3.7,0.4,-0.9,2.48,-2.02,1.62,-372.8,-366.2,-246.8,-400,-350,-250,1538,1543,1554,1563
1712,856000,-3.6,0.4,-0.9,2.59,-1.96,1.58,-379.7,-368.2,-251.6,-400,-350,-250,1554,1567,1548,1563
1713,856500,-3.6,0.3,-0.9,2.69,-1.9,1.54,-375.1,-374.6,-245.5,-400,-350,-250,1551,1552,1554,1563
1714,857000,-3.5,0.3,-0.8,2.79,-1.85,1.5,-379.3,-362.1,-253.5,-400,-350,-250,1577,1530,1566,1551
1715,857500,-3.4,0.2,-0.8,2.88,-1.79,1.46,-366.6,-350.1,-241.0,-400,-350,-250,1557,1560,1574,1551
1716,858000,-3.4,0.2,-0.8,2.96,-1.73,1.43,-347.7,-350.0,-223.0,-400,-350,-250,1574,1579,1559,1560
1717,858500,-3.3,0.2,-0.7,3.04,-1.68,1.39,-355.2,-330.4,-231.2,-400,-350,-250,1544,1556,1559,1561
1718,859000,-3.2,0.1,-0.7,3.11,-1.62,1.35,-361.7,-341.4,-230.2,-400,-350,-250,1573,1567,1562,1552
1719,859500,-3.1,0.1,-0.7,3.18,-1.57,1.32,-370.6,-352.7,-243.6,-400,-350,-250,1564,1549,1586,1542
1720,860000,-3.0,0.0,-0.6,3.23,-1.52,1.28,-377.2,-361.8,-255.1,-400,-350,-250,1551,1579,1552,1564
1721,860500,-3.0,0.0,-0.6,3.29,-1.46,1.25,-385.8,-363.0,-257.6,-400,-350,-250,1580,1546,1543,1580
1722,861000,-2.9,-0.0,-0.6,3.34,-1.41,1.22,-378.7,-361.8,-258.0,-400,-350,-250,1560,1575,1545,1577
1723,861500,-2.8,-0.1,-0.5,3.38,-1.36,1.19,-374.6,-353.2,-248.4,-400,-350,-250,1524,1561,1536,1548
1724,862000,-2.7,-0.1,-0.5,3.42,-1.31,1.15,-367.6,-339.0,-233.1,-400,-350,-250,1557,1558,1562,1579
1725,862500,-2.6,-0.1,-0.5,3.45,-1.26,1.12,-356.1,-327.0,-229.9,-400,-350,-250,1561,1547,1564,1544
1726,863000,-2.5,-0.2,-0.4,3.48,-1.21,1.09,-359.2,-337.0,-233.3,-400,-350,-250,1573,1558,1567,1552
1727,863500,-2.4,-0.2,-0.4,3.5,-1.16,1.06,-378.1,-337.8,-241.9,-400,-350,-250,1546,1569,1538,1545
1728,864000,-2.4,-0.2,-0.4,3.51,-1.11,1.03,-379.1,-357.5,-248.7,-400,-350,-250,1551,1552,1557,1548
1729,864500,-2.3,-0.2,-0.4,3.53,-1.06,1.0,-388.1,-358.1,-260.9,-400,-350,-250,1564,1563,1580,1533
1730,865000,-2.2,-0.3,-0.3,3.53,-1.01,0.98,-388.9,-358.5,-262.5,-400,-350,-250,1556,1550,1573,1538
1731,865500,-2.1,-0.3,-0.3,3.54,-0.97,0.95,-383.4,-348.6,-251.2,-400,-350,-250,1548,1549,1523,1541
1732,866000,-2.0,-0.3,-0.3,3.53,-0.92,0.92,-370.7,-345.3,-248.6,-400,-350,-250,1552,1533,1562,1542
1733,866500,-1.9,-0.3,-0.3,3.53,-0.88,0.89,-363.3,-333.2,-238.6,-400,-350,-250,1544,1546,1542,1573
1734,867000,-1.8,-0.4,-0.3,3.52,-0.83,0.87,-370.4,-329.6,-234.4,-400,-350,-250,1564,1534,1533,1563
1735,867500,-1.7,-0.4,-0.2,3.5,-0.79,0.84,-368.5,-343.1,-240.1,-400,-350,-250,1547,1542,1569,1556
1736,868000,-1.6,-0.4,-0.2,3.49,-0.75,0.82,-391.8,-349.5,-245.3,-400,-350,-250,1545,1547,1544,1557
1737,868500,-1.6,-0.4,-0.2,3.47,-0.71,0.79,-399.0,-355.0,-263.7,-400,-350,-250,1533,1562,1507,1542
1738,869000,-1.5,-0.4,-0.2,3.44,-0.67,0.77,-400.0,-360.5,-266.4,-400,-350,-250,1549,1563,1608,1543
1739,869500,-1.4,-0.4,-0.2,3.41,-0.63,0.75,-397.2,-358.0,-256.8,-400,-350,-250,1555,1563,1579,1551
1740,870000,-1.3,-0.5,-0.1,3.38,-0.59,0.72,-387.8,-343.6,-240.0,-400,-350,-250,1550,1580,1572,1514
1741,870500,-1.2,-0.5,-0.1,3.34,-0.55,0.7,-380.4,-338.2,-236.2,-400,-350,-250,1575,1556,1557,1586
1742,871000,-1.1,-0.5,-0.1,3.31,-0.51,0.68,-371.4,-321.1,-236.8,-400,-350,-250,1578,1547,1521,1542
1743,871500,-1.1,-0.5,-0.1,3.26,-0.48,0.66,-378.9,-333.0,-233.9,-400,-350,-250,1565,1562,1543,1580
1744,872000,-1.0,-0.5,-0.1,3.22,-0.44,0.64,-383.3,-342.5,-249.5,-400,-350,-250,1554,1551,1545,1554
1745,872500,-0.9,-0.5,-0.1,3.17,-0.41,0.62,-402.5,-351.3,-260.9,-400,-350,-250,1562,1559,1557,1562
1746,873000,-0.8,-0.5,-0.0,3.12,-0.37,0.6,-411.4,-350.4,-267.9,-400,-350,-250,1565,1555,1549,1580
1747,873500,-0.7,-0.5,-0.0,3.07,-0.34,0.58,-402.0,-359.4,-261.2,-400,-350,-250,1565,1577,1570,1552
1748,874000,-0.7,-0.5,-0.0,3.02,-0.31,0.56,-399.0,-353.5,-253.5,-400,-350,-250,1567,1548,1564,1556
1749,874500,-0.6,-0.6,0.0,2.96,-0.28,0.54,-388.9,-342.5,-238.9,-400,-350,-250,1592,1562,1538,1540
1750,875000,-0.5,-0.6,0.0,2.9,-0.25,0.52,-379.1,-327.1,-229.4,-400,-350,-250,1520,1582,1557,1556
1751,875500,-0.5,-0.6,0.0,2.85,-0.22,0.5,-379.1,-331.0,-236.5,-400,-350,-250,1570,1530,1552,1562
1752,876000,-0.4,-0.6,0.0,2.78,-0.19,0.48,-395.7,-337.7,-237.2,-400,-350,-250,1560,1565,1565,1557
1753,876500,-0.3,-0.6,0.1,2.72,-0.16,0.47,-399.8,-351.9,-255.6,-400,-350,-250,1582,1537,1552,1536
1754,877000,-0.2,-0.6,0.1,2.66,-0.14,0.45,-413.2,-360.6,-269.1,-400,-350,-250,1558,1540,1562,1581
1755,877500,-0.2,-0.6,0.1,2.59,-0.11,0.43,-423.3,-360.4,-274.1,-400,-350,-250,1552,1560,1557,1571
1756,878000,-0.1,-0.6,0.1,2.52,-0.09,0.42,-407.6,-360.0,-254.2,-400,-350,-250,1541,1553,1559,1541
1757,878500,-0.1,-0.6,0.1,2.45,-0.06,0.4,-397.3,-336.5,-255.5,-400,-350,-250,1529,1548,1551,1536
1758,879000,0.0,-0.6,0.1,2.39,-0.04,0.39,-397.3,-328.7,-237.6,-400,-350,-250,1535,1562,1553,1556
1759,879500,0.1,-0.6,0.1,2.32,-0.02,0.37,-389.8,-329.2,-233.4,-400,-350,-250,1527,1539,1568,1583
1760,880000,0.1,-0.6,0.1,2.24,0.01,0.36,-387.1,-332.9,-244.1,-400,-350,-250,1548,1550,1560,1550
1761,880500,0.2,-0.6,0.1,2.17,0.03,0.34,-391.2,-337.8,-258.6,-400,-350,-250,1536,1554,1568,1560
1762,881000,0.2,-0.6,0.1,2.1,0.05,0.33,-423.2,-360.3,-255.9,-400,-350,-250,1562,1592,1565,1561
1763,881500,0.3,-0.6,0.1,2.03,0.07,0.32,-412.5,-361.6,-269.1,-400,-350,-250,1538,1557,1560,1567
1764,882000,0.3,-0.6,0.2,1.95,0.08,0.3,-410.6,-354.9,-259.8,-400,-350,-250,1550,1539,1564,1569
1765,882500,0.4,-0.6,0.2,1.88,0.1,0.29,-402.3,-348.7,-257.2,-400,-350,-250,1548,1559,1553,1551
1766,883000,0.4,-0.6,0.2,1.81,0.12,0.28,-395.6,-337.7,-242.8,-400,-350,-250,1545,1530,1549,1582
1767,883500,0.5,-0.6,0.2,1.73,0.14,0.27,-392.7,-325.7,-231.6,-400,-350,-250,1545,1557,1519,1562
1768,884000,0.5,-0.6,0.2,1.66,0.15,0.25,-384.3,-329.0,-245.3,-400,-350,-250,1545,1542,1555,1558
1769,884500,0.5,-0.6,0.2,1.59,0.17,0.24,-400.4,-339.1,-248.4,-400,-350,-250,1562,1556,1558,1546
1770,885000,0.6,-0.6,0.2,1.51,0.18,0.23,-408.7,-350.4,-255.6,-400,-350,-250,1551,1543,1538,1525
1771,885500,0.6,-0.6,0.2,1.44,0.19,0.22,-425.1,-356.3,-253.2,-400,-350,-250,1528,1542,1553,1605
1772,886000,0.6,-0.6,0.2,1.37,0.21,0.21,-422.7,-364.4,-265.8,-400,-350,-250,1583,1511,1536,1572
1773,886500,0.7,-0.5,0.2,1.3,0.22,0.2,-420.3,-354.1,-263.6,-400,-350,-250,1564,1532,1558,1556
1774,887000,0.7,-0.5,0.2,1.23,0.23,0.19,-402.9,-341.0,-249.5,-400,-350,-250,1527,1548,1539,1561
1775,887500,0.7,-0.5,0.2,1.16,0.24,0.18,-396.2,-332.0,-235.9,-400,-350,-250,1551,1577,1565,1532
1776,888000,0.8,-0.5,0.2,1.09,0.25,0.17,-394.2,-324.2,-238.4,-400,-350,-250,1570,1544,1551,1568
1777,888500,0.8,-0.5,0.2,1.02,0.26,0.16,-402.6,-333.1,-242.6,-400,-350,-250,1555,1578,1560,1533
1778,889000,0.8,-0.5,0.2,0.95,0.27,0.15,-403.2,-345.5,-250.6,-400,-350,-250,1569,1548,1567,1555
1779,889500,0.8,-0.5,0.2,0.88,0.28,0.14,-421.6,-356.0,-267.4,-400,-350,-250,1570,1555,1567,1537
1780,890000,0.9,-0.5,0.2,0.81,0.29,0.13,-420.8,-365.2,-266.8,-400,-350,-250,1552,1544,1557,1553
1781,890500,0.9,-0.5,0.2,0.75,0.3,0.13,-425.4,-361.4,-270.7,-400,-350,-250,1573,1555,1547,1563
1782,891000,0.9,-0.5,0.2,0.68,0.3,0.12,-416.5,-353.8,-255.1,-400,-350,-250,1575,1557,1555,1579
1783,891500,0.9,-0.5,0.2,0.62,0.31,0.11,-407.9,-325.8,-249.5,-400,-350,-250,1551,1533,1534,1549
1784,892000,0.9,-0.5,0.2,0.56,0.32,0.1,-384.7,-334.2,-240.2,-400,-350,-250,1556,1537,1549,1565
1785,892500,0.9,-0.5,0.3,0.49,0.32,0.1,-403.1,-331.9,-238.9,-400,-350,-250,1544,1550,1525,1546
1786,893000,0.9,-0.5,0.3,0.43,0.33,0.09,-404.5,-342.4,-240.4,-400,-350,-250,1581,1564,1540,1573
1787,893500,1.0,-0.4,0.3,0.37,0.33,0.08,-411.8,-353.0,-254.4,-400,-350,-250,1543,1560,1566,1569
1788,894000,1.0,-0.4,0.3,0.32,0.34,0.07,-427.2,-359.4,-265.9,-400,-350,-250,1534,1558,1562,1531
1789,894500,1.0,-0.4,0.3,0.26,0.34,0.07,-427.4,-365.7,-273.1,-400,-350,-250,1536,1572,1542,1546
1790,895000,1.0,-0.4,0.3,0.21,0.34,0.06,-415.6,-351.6,-256.8,-400,-350,-250,1522,1563,1526,1542
1791,895500,1.0,-0.4,0.3,0.15,0.34,0.05,-410.4,-347.2,-244.0,-400,-350,-250,1549,1569,1549,1551
1792,896000,1.0,-0.4,0.3,0.1,0.35,0.05,-396.5,-333.0,-239.3,-400,-350,-250,1526,1559,1556,1561
1793,896500,1.0,-0.4,0.3,0.05,0.35,0.04,-394.3,-328.7,-241.9,-400,-350,-250,1569,1534,1573,1566
1794,897000,1.0,-0.4,0.3,-0.0,0.35,0.04,-397.9,-335.1,-237.4,-400,-350,-250,1547,1534,1556,1533
1795,897500,1.0,-0.4,0.3,-0.05,0.35,0.03,-409.3,-336.7,-247.2,-400,-350,-250,1545,1550,1542,1551
1796,898000,1.0,-0.4,0.3,-0.1,0.35,0.03,-424.3,-352.4,-261.3,-400,-350,-250,1543,1542,1590,1545
1797,898500,1.0,-0.4,0.3,-0.14,0.35,0.02,-426.9,-364.0,-269.8,-400,-350,-250,1571,1561,1558,1557
1798,899000,1.0,-0.3,0.3,-0.18,0.35,0.02,-428.3,-369.9,-260.6,-400,-350,-250,1562,1555,1555,1554
1799,899500,1.0,-0.3,0.3,-0.23,0.35,0.01,-415.2,-353.3,-266.9,-400,-350,-250,1560,1552,1566,1556
1800,900000,1.0,-0.3,0.3,-0.27,0.35,0.01,-405.1,-338.7,-246.3,-400,-350,-250,1545,1546,1545,1547
1801,900500,0.9,-0.3,0.3,-0.31,0.35,0.0,-397.2,-328.8,-227.3,-400,-350,-250,1549,1567,1521,1504
1802,901000,0.9,-0.3,0.3,-0.34,0.35,-0.0,-396.1,-332.2,-240.4,-400,-350,-250,1531,1538,1544,1553
1803,901500,0.9,-0.3,0.3,-0.38,0.35,-0.01,-402.0,-343.1,-245.4,-400,-350,-250,1574,1538,1552,1566
1804,902000,0.9,-0.3,0.3,-0.41,0.35,-0.01,-414.7,-351.6,-243.4,-400,-350,-250,1569,1543,1553,1552
1805,902500,0.9,-0.3,0.3,-0.45,0.35,-0.01,-420.6,-357.4,-265.9,-400,-350,-250,1517,1537,1553,1531
1806,903000,0.9,-0.3,0.3,-0.48,0.34,-0.02,-426.0,-357.1,-267.4,-400,-350,-250,1541,1553,1566,1525
1807,903500,0.9,-0.3,0.3,-0.51,0.34,-0.02,-425.1,-361.3,-265.7,-400,-350,-250,1549,1542,1552,1552
1808,904000,0.9,-0.3,0.3,-0.54,0.34,-0.03,-414.6,-351.0,-258.8,-400,-350,-250,1555,1554,1560,1537
1809,904500,0.9,-0.3,0.3,-0.56,0.34,-0.03,-401.1,-346.8,-243.1,-400,-350,-250,1526,1556,1567,1557
1810,905000,0.8,-0.2,0.3,-0.59,0.33,-0.03,-390.5,-331.2,-235.7,-400,-350,-250,1564,1569,1580,1546
1811,905500,0.8,-0.2,0.3,-0.61,0.33,-0.03,-391.5,-330.6,-237.4,-400,-350,-250,1554,1532,1567,1537
1812,906000,0.8,-0.2,0.3,-0.64,0.33,-0.04,-406.0,-346.3,-245.6,-400,-350,-250,1536,1557,1558,1552
1813,906500,0.8,-0.2,0.3,-0.66,0.32,-0.04,-415.7,-351.8,-253.9,-400,-350,-250,1543,1535,1541,1537
1814,907000,0.8,-0.2,0.3,-0.68,0.32,-0.04,-423.1,-362.8,-276.1,-400,-350,-250,1571,1538,1544,1521
1815,907500,0.8,-0.2,0.3,-0.7,0.32,-0.05,-430.3,-367.0,-266.7,-400,-350,-250,1563,1524,1553,1572
1816,908000,0.7,-0.2,0.3,-0.71,0.31,-0.05,-416.7,-352.6,-259.5,-400,-350,-250,1536,1565,1541,1555
1817,908500,0.7,-0.2,0.3,-0.73,0.31,-0.05,-405.9,-346.1,-249.1,-400,-350,-250,1570,1525,1533,1551
1818,909000,0.7,-0.2,0.3,-0.74,0.3,-0.05,-390.8,-336.5,-240.9,-400,-350,-250,1557,1573,1537,1526
1819,909500,0.7,-0.2,0.3,-0.75,0.3,-0.06,-392.3,-329.5,-241.9,-400,-350,-250,1567,1563,1561,1537
1820,910000,0.7,-0.2,0.3,-0.77,0.29,-0.06,-400.8,-334.7,-240.4,-400,-350,-250,1560,1529,1507,1566
1821,910500,0.6,-0.2,0.2,-0.78,0.29,-0.06,-401.7,-348.6,-251.6,-400,-350,-250,1556,1560,1547,1542
1822,911000,0.6,-0.2,0.2,-0.79,0.28,-0.06,-419.9,-354.2,-261.8,-400,-350,-250,1500,1555,1541,1530
1823,911500,0.6,-0.1,0.2,-0.79,0.28,-0.06,-423.5,-369.1,-269.7,-400,-350,-250,1541,1557,1534,1523
1824,912000,0.6,-0.1,0.2,-0.8,0.28,-0.07,-421.7,-367.4,-262.9,-400,-350,-250,1546,1524,1537,1549
1825,912500,0.6,-0.1,0.2,-0.81,0.27,-0.07,-410.5,-360.7,-257.6,-400,-350,-250,1554,1564,1566,1547
1826,913000,0.5,-0.1,0.2,-0.81,0.27,-0.07,-404.3,-343.8,-243.4,-400,-350,-250,1536,1568,1535,1532
1827,913500,0.5,-0.1,0.2,-0.81,0.26,-0.07,-387.8,-334.9,-236.9,-400,-350,-250,1544,1549,1540,1577
1828,914000,0.5,-0.1,0.2,-0.81,0.26,-0.07,-387.5,-334.4,-235.5,-400,-350,-250,1561,1541,1552,1552
1829,914500,0.5,-0.1,0.2,-0.82,0.25,-0.07,-398.9,-343.8,-244.9,-400,-350,-250,1544,1543,1520,1550
1830,915000,0.5,-0.1,0.2,-0.82,0.24,-0.07,-404.8,-351.4,-248.2,-400,-350,-250,1561,1543,1539,1556
1831,915500,0.4,-0.1,0.2,-0.81,0.24,-0.08,-418.2,-367.8,-264.1,-400,-350,-250,1544,1545,1558,1552
1832,916000,0.4,-0.1,0.2,-0.81,0.23,-0.08,-411.9,-367.7,-268.4,-400,-350,-250,1553,1542,1541,1575
1833,916500,0.4,-0.1,0.2,-0.81,0.23,-0.08,-421.0,-359.1,-270.4,-400,-350,-250,1554,1521,1531,1565
1834,917000,0.4,-0.1,0.2,-0.81,0.22,-0.08,-399.0,-350.0,-264.4,-400,-350,-250,1563,1552,1532,1543
1835,917500,0.4,-0.1,0.2,-0.8,0.22,-0.08,-399.4,-340.3,-243.2,-400,-350,-250,1550,1560,1539,1516
1836,918000,0.3,-0.1,0.2,-0.8,0.21,-0.08,-392.8,-338.9,-238.4,-400,-350,-250,1542,1548,1568,1549
1837,918500,0.3,-0.1,0.2,-0.79,0.21,-0.08,-393.7,-336.9,-241.9,-400,-350,-250,1545,1557,1531,1558
1838,919000,0.3,-0.1,0.2,-0.78,0.2,-0.08,-390.7,-338.3,-240.4,-400,-350,-250,1549,1528,1577,1547
1839,919500,0.3,-0.1,0.2,-0.77,0.2,-0.08,-407.8,-356.7,-261.6,-400,-350,-250,1557,1528,1527,1556
1840,920000,0.3,-0.0,0.2,-0.77,0.19,-0.08,-418.1,-366.7,-264.1,-400,-350,-250,1569,1544,1546,1556
1841,920500,0.3,-0.0,0.2,-0.76,0.19,-0.08,-414.1,-360.7,-264.7,-400,-350,-250,1538,1556,1548,1523
1842,921000,0.2,-0.0,0.2,-0.75,0.18,-0.08,-406.3,-356.4,-255.6,-400,-350,-250,1547,1559,1547,1550
1843,921500,0.2,-0.0,0.2,-0.74,0.18,-0.09,-396.9,-347.7,-248.0,-400,-350,-250,1547,1565,1557,1524
1844,922000,0.2,-0.0,0.2,-0.72,0.17,-0.09,-383.8,-336.5,-242.5,-400,-350,-250,1539,1577,1549,1555
1845,922500,0.2,-0.0,0.2,-0.71,0.17,-0.09,-383.8,-336.5,-229.7,-400,-350,-250,1579,1536,1565,1524
1846,923000,0.2,-0.0,0.2,-0.7,0.16,-0.09,-390.9,-337.5,-239.8,-400,-350,-250,1556,1553,1553,1545
1847,923500,0.1,-0.0,0.2,-0.69,0.16,-0.09,-397.8,-349.6,-242.0,-400,-350,-250,1548,1565,1549,1545
1848,924000,0.1,-0.0,0.2,-0.67,0.15,-0.09,-410.3,-363.1,-252.0,-400,-350,-250,1553,1549,1541,1566
1849,924500,0.1,-0.0,0.2,-0.66,0.15,-0.09,-417.3,-366.7,-269.0,-400,-350,-250,1570,1552,1545,1538
1850,925000,0.1,-0.0,0.2,-0.65,0.14,-0.09,-410.1,-363.1,-267.5,-400,-350,-250,1560,1560,1533,1564
1851,925500,0.1,-0.0,0.2,-0.63,0.14,-0.09,-403.1,-357.5,-263.6,-400,-350,-250,1563,1542,1544,1543
1852,926000,0.1,0.0,0.2,-0.62,0.13,-0.09,-397.3,-342.4,-251.8,-400,-350,-250,1555,1564,1562,1558
1853,926500,0.0,0.0,0.2,-0.6,0.13,-0.09,-386.3,-337.7,-239.2,-400,-350,-250,1534,1571,1545,1532
1854,927000,0.0,0.0,0.2,-0.59,0.12,-0.09,-381.5,-328.8,-235.2,-400,-350,-250,1542,1530,1556,1543
1855,927500,0.0,0.0,0.2,-0.57,0.12,-0.09,-392.5,-337.5,-246.5,-400,-350,-250,1558,1512,1538,1526
1856,928000,0.0,0.0,0.2,-0.56,0.11,-0.09,-401.0,-347.1,-257.0,-400,-350,-250,1566,1537,1540,1561
1857,928500,-0.0,0.0,0.2,-0.54,0.11,-0.09,-413.0,-354.7,-262.8,-400,-350,-250,1545,1533,1564,1546
1858,929000,-0.0,0.0,0.2,-0.52,0.1,-0.09,-417.1,-369.3,-269.7,-400,-350,-250,1545,1536,1558,1546
1859,929500,-0.0,0.0,0.2,-0.51,0.1,-0.09,-415.1,-361.5,-259.4,-400,-350,-250,1516,1551,1562,1548
1860,930000,-0.0,0.0,0.2,-0.49,0.09,-0.09,-400.6,-360.4,-259.0,-400,-350,-250,1561,1545,1547,1556
1861,930500,-0.1,0.0,0.2,-0.47,0.09,-0.09,-391.5,-341.9,-247.0,-400,-350,-250,1542,1565,1539,1526
1862,931000,-0.1,0.0,0.2,-0.46,0.09,-0.09,-386.4,-332.7,-230.4,-400,-350,-250,1548,1537,1555,1551
1863,931500,-0.1,0.0,0.2,-0.44,0.08,-0.09,-379.7,-333.2,-233.8,-400,-350,-250,1554,1552,1533,1544
1864,932000,-0.1,0.0,0.2,-0.42,0.08,-0.09,-384.3,-336.8,-239.3,-400,-350,-250,1551,1544,1551,1541
1865,932500,-0.1,0.0,0.2,-0.41,0.07,-0.09,-397.0,-353.7,-256.7,-400,-350,-250,1522,1568,1535,1534
1866,933000,-0.1,0.0,0.2,-0.39,0.07,-0.09,-409.0,-355.3,-260.6,-400,-350,-250,1541,1554,1534,1542
1867,933500,-0.1,0.0,0.2,-0.37,0.07,-0.08,-414.3,-365.8,-264.2,-400,-350,-250,1554,1572,1558,1542
1868,934000,-0.1,0.0,0.2,-0.35,0.06,-0.08,-409.5,-365.5,-265.7,-400,-350,-250,1541,1561,1536,1523
1869,934500,-0.1,0.0,0.2,-0.34,0.06,-0.08,-404.9,-357.4,-254.6,-400,-350,-250,1541,1529,1534,1540
1870,935000,-0.1,0.0,0.1,-0.32,0.06,-0.08,-388.7,-339.9,-238.0,-400,-350,-250,1542,1555,1546,1530
1871,935500,-0.2,0.0,0.1,-0.3,0.05,-0.08,-386.0,-326.9,-237.2,-400,-350,-250,1570,1557,1570,1543
1872,936000,-0.2,0.0,0.1,-0.29,0.05,-0.08,-380.3,-337.3,-241.3,-400,-350,-250,1529,1552,1522,1551
1873,936500,-0.2,0.0,0.1,-0.27,0.05,-0.08,-394.7,-342.1,-249.7,-400,-350,-250,1558,1542,1523,1525
1874,937000,-0.2,0.0,0.1,-0.26,0.04,-0.08,-401.8,-360.5,-253.9,-400,-350,-250,1552,1536,1565,1566
1875,937500,-0.2,0.0,0.1,-0.24,0.04,-0.08,-409.8,-361.4,-262.4,-400,-350,-250,1542,1563,1538,1509
1876,938000,-0.2,0.0,0.1,-0.22,0.04,-0.08,-413.4,-364.3,-263.5,-400,-350,-250,1529,1565,1533,1554
1877,938500,-0.2,0.0,0.1,-0.21,0.03,-0.08,-406.1,-360.4,-257.8,-400,-350,-250,1538,1574,1552,1539
1878,939000,-0.2,0.1,0.1,-0.19,0.03,-0.08,-388.6,-351.3,-258.3,-400,-350,-250,1565,1568,1536,1531
1879,939500,-0.2,0.1,0.1,-0.18,0.03,-0.08,-384.2,-340.6,-245.5,-400,-350,-250,1538,1545,1559,1567
1880,940000,-0.2,0.1,0.1,-0.16,0.02,-0.08,-385.0,-329.5,-241.8,-400,-350,-250,1554,1543,1551,1539
1881,940500,-0.2,0.1,0.1,-0.15,0.02,-0.08,-386.9,-335.6,-233.3,-400,-350,-250,1513,1545,1539,1529
1882,941000,-0.2,0.1,0.1,-0.13,0.02,-0.08,-397.4,-343.0,-243.4,-400,-350,-250,1553,1516,1523,1536
1883,941500,-0.2,0.1,0.1,-0.12,0.02,-0.08,-404.7,-348.8,-257.9,-400,-350,-250,1546,1558,1569,1549
1884,942000,-0.2,0.1,0.1,-0.1,0.01,-0.08,-409.8,-356.7,-266.1,-400,-350,-250,1519,1534,1540,1564
1885,942500,-0.2,0.1,0.1,-0.09,0.01,-0.08,-411.9,-361.0,-266.1,-400,-350,-250,1545,1536,1527,1551
1886,943000,-0.2,0.1,0.1,-0.08,0.01,-0.07,-406.0,-358.1,-262.9,-400,-350,-250,1538,1550,1552,1573
1887,943500,-0.2,0.1,0.1,-0.06,0.01,-0.07,-400.7,-346.2,-247.4,-400,-350,-250,1540,1546,1543,1565
1888,944000,-0.2,0.1,0.1,-0.05,0.0,-0.07,-377.4,-338.9,-241.6,-400,-350,-250,1557,1551,1541,1555
1889,944500,-0.2,0.1,0.1,-0.04,0.0,-0.07,-379.0,-336.5,-232.5,-400,-350,-250,1512,1525,1540,1546
1890,945000,-0.2,0.1,0.1,-0.03,0.0,-0.07,-390.1,-331.8,-239.3,-400,-350,-250,1546,1543,1554,1536
1891,945500,-0.2,0.1,0.1,-0.01,-0.0,-0.07,-390.4,-349.0,-252.1,-400,-350,-250,1551,1546,1557,1516
1892,946000,-0.2,0.1,0.1,-0.0,-0.0,-0.07,-403.3,-359.1,-257.8,-400,-350,-250,1538,1538,1534,1559
1893,946500,-0.2,0.1,0.1,0.01,-0.01,-0.07,-418.2,-370.7,-263.7,-400,-350,-250,1573,1532,1531,1526
1894,947000,-0.2,0.1,0.1,0.02,-0.01,-0.07,-416.6,-360.9,-263.3,-400,-350,-250,1556,1549,1546,1535
1895,947500,-0.2,0.1,0.1,0.03,-0.01,-0.07,-410.5,-357.0,-250.7,-400,-350,-250,1538,1561,1533,1543
1896,948000,-0.2,0.1,0.1,0.04,-0.01,-0.07,-389.8,-349.6,-247.2,-400,-350,-250,1535,1571,1525,1551
1897,948500,-0.2,0.1,0.1,0.05,-0.01,-0.07,-387.7,-338.7,-238.7,-400,-350,-250,1562,1555,1559,1548
1898,949000,-0.2,0.1,0.1,0.06,-0.01,-0.07,-386.3,-330.0,-229.4,-400,-350,-250,1549,1555,1539,1522
1899,949500,-0.2,0.1,0.1,0.07,-0.01,-0.07,-381.4,-340.5,-231.0,-400,-350,-250,1553,1542,1534,1544
1900,950000,-0.2,0.1,0.1,0.08,-0.02,-0.07,-397.6,-348.0,-240.7,-400,-350,-250,1538,1570,1541,1549
1901,950500,-0.2,0.1,0.1,0.08,-0.02,-0.06,-408.0,-358.2,-259.3,-400,-350,-250,1523,1570,1551,1541
1902,951000,-0.2,0.1,0.1,0.09,-0.02,-0.06,-416.1,-364.5,-268.9,-400,-350,-250,1528,1540,1573,1517
1903,951500,-0.2,0.1,0.1,0.1,-0.02,-0.06,-410.7,-367.4,-276.8,-400,-350,-250,1522,1540,1543,1531
1904,952000,-0.2,0.0,0.1,0.11,-0.02,-0.06,-399.5,-357.1,-261.8,-400,-350,-250,1518,1545,1532,1557
1905,952500,-0.2,0.0,0.1,0.12,-0.02,-0.06,-400.3,-344.0,-250.9,-400,-350,-250,1545,1538,1551,1558
1906,953000,-0.2,0.0,0.1,0.12,-0.02,-0.06,-388.7,-342.7,-232.2,-400,-350,-250,1555,1570,1555,1544
1907,953500,-0.2,0.0,0.1,0.13,-0.02,-0.06,-376.3,-337.5,-237.0,-400,-350,-250,1536,1551,1530,1539
1908,954000,-0.2,0.0,0.1,0.13,-0.02,-0.06,-388.7,-338.9,-233.8,-400,-350,-250,1557,1539,1578,1532
1909,954500,-0.2,0.0,0.1,0.14,-0.03,-0.06,-392.7,-348.5,-255.6,-400,-350,-250,1525,1559,1518,1583
1910,955000,-0.2,0.0,0.1,0.15,-0.03,-0.06,-405.3,-356.3,-252.7,-400,-350,-250,1542,1533,1533,1528
1911,955500,-0.2,0.0,0.1,0.15,-0.03,-0.06,-410.2,-366.3,-263.0,-400,-350,-250,1520,1535,1572,1546
1912,956000,-0.2,0.0,0.1,0.15,-0.03,-0.06,-413.3,-360.8,-264.4,-400,-350,-250,1563,1525,1552,1526
1913,956500,-0.2,0.0,0.1,0.16,-0.03,-0.06,-404.2,-349.3,-253.5,-400,-350,-250,1529,1547,1548,1531
1914,957000,-0.2,0.0,0.1,0.16,-0.03,-0.06,-395.5,-352.8,-245.1,-400,-350,-250,1554,1539,1551,1576
1915,957500,-0.2,0.0,0.1,0.17,-0.03,-0.05,-387.7,-346.4,-238.3,-400,-350,-250,1535,1530,1554,1555
1916,958000,-0.2,0.0,0.1,0.17,-0.03,-0.05,-380.5,-328.7,-237.6,-400,-350,-250,1535,1547,1502,1501
1917,958500,-0.2,0.0,0.1,0.17,-0.03,-0.05,-384.6,-338.6,-238.0,-400,-350,-250,1527,1544,1556,1531
1918,959000,-0.2,0.0,0.1,0.18,-0.03,-0.05,-392.4,-347.2,-247.4,-400,-350,-250,1542,1563,1548,1551
1919,959500,-0.2,0.0,0.1,0.18,-0.03,-0.05,-404.6,-365.4,-253.8,-400,-350,-250,1540,1542,1533,1518
1920,960000,-0.1,0.0,0.1,0.18,-0.03,-0.05,-406.7,-357.4,-258.5,-400,-350,-250,1514,1549,1523,1538
1921,960500,-0.1,0.0,0.1,0.18,-0.03,-0.05,-415.4,-367.6,-268.5,-400,-350,-250,1533,1551,1564,1553
1922,961000,-0.1,0.0,0.1,0.18,-0.03,-0.05,-407.4,-359.7,-260.3,-400,-350,-250,1540,1531,1537,1553
1923,961500,-0.1,0.0,0.1,0.19,-0.03,-0.05,-398.2,-352.1,-249.7,-400,-350,-250,1541,1539,1536,1550
1924,962000,-0.1,0.0,0.1,0.19,-0.03,-0.05,-387.9,-343.3,-237.4,-400,-350,-250,1530,1551,1551,1547
1925,962500,-0.1,0.0,0.1,0.19,-0.03,-0.05,-382.2,-340.2,-236.0,-400,-350,-250,1542,1549,1523,1537
1926,963000,-0.1,0.0,0.1,0.19,-0.03,-0.05,-392.0,-336.9,-237.4,-400,-350,-250,1541,1564,1550,1537
1927,963500,-0.1,0.0,0.1,0.19,-0.03,-0.05,-396.8,-347.8,-243.3,-400,-350,-250,1553,1532,1538,1533
1928,964000,-0.1,0.0,0.1,0.19,-0.03,-0.05,-402.4,-355.8,-259.5,-400,-350,-250,1527,1559,1519,1513
1929,964500,-0.1,0.0,0.1,0.19,-0.03,-0.04,-424.5,-356.1,-266.4,-400,-350,-250,1552,1547,1552,1556
1930,965000,-0.1,0.0,0.1,0.19,-0.03,-0.04,-415.8,-365.4,-261.6,-400,-350,-250,1547,1528,1528,1518
1931,965500,-0.1,0.0,0.1,0.19,-0.03,-0.04,-407.4,-361.6,-265.8,-400,-350,-250,1531,1544,1542,1536
1932,966000,-0.1,0.0,0.1,0.19,-0.03,-0.04,-397.7,-347.1,-254.5,-400,-350,-250,1527,1553,1549,1518
1933,966500,-0.1,0.0,0.0,0.19,-0.03,-0.04,-391.6,-334.2,-237.3,-400,-350,-250,1537,1553,1559,1559
1934,967000,-0.1,0.0,0.0,0.18,-0.03,-0.04,-389.3,-340.0,-237.2,-400,-350,-250,1538,1534,1542,1561
1935,967500,-0.1,0.0,0.0,0.18,-0.03,-0.04,-381.8,-333.1,-237.3,-400,-350,-250,1563,1545,1542,1538
1936,968000,-0.1,0.0,0.0,0.18,-0.03,-0.04,-401.3,-336.9,-245.4,-400,-350,-250,1551,1572,1536,1522
1937,968500,-0.1,0.0,0.0,0.18,-0.03,-0.04,-400.7,-354.6,-259.4,-400,-350,-250,1553,1538,1525,1502
1938,969000,-0.1,0.0,0.0,0.18,-0.03,-0.04,-416.5,-362.1,-267.8,-400,-350,-250,1552,1571,1543,1542
1939,969500,-0.1,0.0,0.0,0.18,-0.03,-0.04,-414.9,-362.0,-265.5,-400,-350,-250,1554,1558,1551,1524
1940,970000,-0.1,0.0,0.0,0.17,-0.03,-0.04,-406.9,-361.4,-259.3,-400,-350,-250,1552,1528,1541,1560
1941,970500,-0.1,0.0,0.0,0.17,-0.03,-0.04,-403.1,-351.4,-248.1,-400,-350,-250,1535,1553,1523,1516
1942,971000,-0.0,0.0,0.0,0.17,-0.03,-0.04,-388.6,-341.3,-239.7,-400,-350,-250,1552,1554,1533,1532
1943,971500,-0.0,0.0,0.0,0.17,-0.03,-0.04,-392.0,-339.0,-234.5,-400,-350,-250,1541,1516,1549,1537
1944,972000,-0.0,0.0,0.0,0.16,-0.03,-0.04,-381.4,-337.8,-232.7,-400,-350,-250,1522,1510,1526,1548
1945,972500,-0.0,0.0,0.0,0.16,-0.03,-0.03,-391.8,-351.3,-243.5,-400,-350,-250,1548,1561,1549,1545
1946,973000,-0.0,0.0,0.0,0.16,-0.03,-0.03,-409.9,-352.8,-262.1,-400,-350,-250,1533,1532,1523,1522
1947,973500,-0.0,0.0,0.0,0.15,-0.03,-0.03,-412.8,-360.3,-265.3,-400,-350,-250,1542,1547,1537,1564
1948,974000,-0.0,0.0,0.0,0.15,-0.03,-0.03,-416.3,-368.3,-273.1,-400,-350,-250,1552,1547,1534,1542
1949,974500,-0.0,0.0,0.0,0.15,-0.03,-0.03,-411.5,-357.8,-261.6,-400,-350,-250,1541,1536,1524,1505
1950,975000,-0.0,0.0,0.0,0.14,-0.03,-0.03,-399.6,-356.8,-250.7,-400,-350,-250,1546,1565,1526,1539
1951,975500,-0.0,0.0,0.0,0.14,-0.03,-0.03,-388.2,-344.6,-244.4,-400,-350,-250,1544,1566,1553,1550
1952,976000,-0.0,0.0,0.0,0.14,-0.03,-0.03,-389.1,-333.1,-231.2,-400,-350,-250,1519,1537,1534,1546
1953,976500,-0.0,0.0,0.0,0.13,-0.03,-0.03,-392.2,-332.9,-235.9,-400,-350,-250,1533,1506,1506,1529
1954,977000,-0.0,0.0,0.0,0.13,-0.03,-0.03,-389.6,-340.7,-239.5,-400,-350,-250,1512,1540,1555,1514
1955,977500,0.0,0.0,0.0,0.13,-0.02,-0.03,-399.9,-355.3,-250.6,-400,-350,-250,1538,1513,1521,1554
1956,978000,0.0,0.0,0.0,0.12,-0.02,-0.03,-411.8,-356.8,-260.3,-400,-350,-250,1549,1530,1539,1531
1957,978500,0.0,0.0,0.0,0.12,-0.02,-0.03,-411.9,-367.6,-261.4,-400,-350,-250,1560,1519,1534,1544
1958,979000,0.0,0.0,0.0,0.11,-0.02,-0.03,-405.4,-358.1,-262.2,-400,-350,-250,1511,1549,1527,1539
1959,979500,0.0,0.0,0.0,0.11,-0.02,-0.03,-402.4,-359.5,-250.1,-400,-350,-250,1550,1544,1545,1541
1960,980000,0.0,0.0,0.0,0.11,-0.02,-0.03,-399.3,-345.6,-240.6,-400,-350,-250,1531,1536,1541,1537
1961,980500,0.0,0.0,0.0,0.1,-0.02,-0.03,-385.5,-334.4,-236.5,-400,-350,-250,1519,1532,1550,1526
1962,981000,0.0,0.0,0.0,0.1,-0.02,-0.03,-383.4,-334.0,-238.8,-400,-350,-250,1495,1535,1524,1526
1963,981500,0.0,0.0,0.0,0.09,-0.02,-0.03,-387.2,-343.6,-239.5,-400,-350,-250,1537,1538,1565,1507
1964,982000,0.0,0.0,0.0,0.09,-0.02,-0.03,-396.6,-350.8,-251.5,-400,-350,-250,1526,1536,1536,1522
1965,982500,0.0,0.0,0.0,0.09,-0.02,-0.02,-403.9,-362.8,-260.6,-400,-350,-250,1516,1537,1540,1550
1966,983000,0.0,0.0,0.0,0.08,-0.02,-0.02,-411.4,-366.9,-258.8,-400,-350,-250,1533,1558,1559,1529
1967,983500,0.0,0.0,0.0,0.08,-0.02,-0.02,-417.9,-361.4,-258.3,-400,-350,-250,1541,1550,1544,1547
1968,984000,0.0,0.0,0.0,0.08,-0.02,-0.02,-401.1,-357.2,-261.8,-400,-350,-250,1533,1523,1518,1532
1969,984500,0.0,0.0,0.0,0.07,-0.02,-0.02,-393.5,-353.1,-251.8,-400,-350,-250,1546,1522,1529,1554
1970,985000,0.0,0.0,0.0,0.07,-0.02,-0.02,-383.4,-336.2,-235.6,-400,-350,-250,1496,1543,1540,1514
1971,985500,0.0,0.0,0.0,0.06,-0.02,-0.02,-384.4,-332.9,-235.4,-400,-350,-250,1546,1547,1535,1531
1972,986000,0.0,0.0,0.0,0.06,-0.02,-0.02,-393.7,-334.5,-241.1,-400,-350,-250,1539,1557,1545,1515
1973,986500,0.0,0.0,0.0,0.06,-0.02,-0.02,-398.4,-350.5,-254.1,-400,-350,-250,1522,1542,1539,1531
1974,987000,0.0,0.0,0.0,0.05,-0.02,-0.02,-407.4,-362.1,-260.9,-400,-350,-250,1532,1546,1529,1532
1975,987500,0.0,0.0,0.0,0.05,-0.02,-0.02,-413.4,-358.4,-269.2,-400,-350,-250,1542,1536,1533,1537
1976,988000,0.0,0.0,0.0,0.05,-0.01,-0.02,-422.7,-364.4,-265.6,-400,-350,-250,1516,1546,1532,1529
1977,988500,0.0,0.0,0.0,0.04,-0.01,-0.02,-406.0,-362.0,-261.2,-400,-350,-250,1546,1546,1563,1527
1978,989000,0.0,0.0,0.0,0.04,-0.01,-0.02,-404.7,-354.1,-253.4,-400,-350,-250,1535,1530,1524,1519
1979,989500,0.0,0.0,0.0,0.04,-0.01,-0.02,-392.4,-340.8,-235.0,-400,-350,-250,1543,1553,1545,1544
1980,990000,0.0,0.0,0.0,0.03,-0.01,-0.02,-380.7,-333.2,-228.9,-400,-350,-250,1549,1560,1536,1522
1981,990500,0.0,0.0,0.0,0.03,-0.01,-0.02,-378.1,-338.1,-235.2,-400,-350,-250,1528,1523,1540,1517
1982,991000,0.0,-0.0,0.0,0.03,-0.01,-0.02,-396.0,-339.6,-244.5,-400,-350,-250,1544,1542,1538,1535
1983,991500,0.1,-0.0,0.0,0.02,-0.01,-0.02,-403.2,-358.8,-252.9,-400,-350,-250,1517,1522,1524,1514
1984,992000,0.1,-0.0,0.0,0.02,-0.01,-0.02,-421.1,-361.4,-261.0,-400,-350,-250,1542,1565,1535,1544
1985,992500,0.1,-0.0,0.0,0.02,-0.01,-0.02,-418.4,-362.3,-269.6,-400,-350,-250,1562,1519,1527,1543
1986,993000,0.1,-0.0,0.0,0.01,-0.01,-0.02,-419.9,-355.7,-264.6,-400,-350,-250,1535,1547,1535,1546
1987,993500,0.1,-0.0,0.0,0.01,-0.01,-0.02,-404.1,-349.3,-260.0,-400,-350,-250,1555,1523,1520,1532
1988,994000,0.1,-0.0,0.0,0.01,-0.01,-0.02,-385.7,-344.5,-242.1,-400,-350,-250,1527,1518,1514,1541
1989,994500,0.1,-0.0,0.0,0.0,-0.01,-0.02,-383.5,-338.5,-234.9,-400,-350,-250,1539,1537,1530,1533
1990,995000,0.1,-0.0,0.0,0.0,-0.01,-0.01,-385.1,-339.6,-236.3,-400,-350,-250,1543,1524,1550,1528
1991,995500,0.1,-0.0,0.0,-0.0,-0.01,-0.01,-396.6,-343.0,-247.1,-400,-350,-250,1541,1509,1532,1528
1992,996000,0.1,-0.0,0.0,-0.0,-0.01,-0.01,-403.4,-350.1,-250.7,-400,-350,-250,1524,1544,1525,1545
1993,996500,0.1,-0.0,0.0,-0.01,-0.01,-0.01,-406.2,-359.2,-257.3,-400,-350,-250,1512,1539,1509,1529
1994,997000,0.1,-0.0,0.0,-0.01,-0.01,-0.01,-412.8,-375.2,-268.3,-400,-350,-250,1520,1517,1532,1541
1995,997500,0.1,-0.0,0.0,-0.01,-0.01,-0.01,-417.8,-365.3,-270.0,-400,-350,-250,1521,1502,1509,1538
1996,998000,0.1,-0.0,0.0,-0.01,-0.01,-0.01,-402.2,-358.1,-253.8,-400,-350,-250,1520,1547,1556,1495
1997,998500,0.1,-0.0,0.0,-0.01,-0.01,-0.01,-398.9,-347.6,-247.0,-400,-350,-250,1554,1553,1531,1540
1998,999000,0.1,-0.0,0.0,-0.02,-0.01,-0.01,-394.0,-338.3,-238.5,-400,-350,-250,1529,1535,1509,1515
1999,999500,0.0,-0.0,0.0,-0.02,-0.01,-0.01,-377.3,-341.7,-234.8,-400,-350,-250,1541,1538,1531,1508
2000,1000000,80.0,69.9,50.0,-3.94,-2.53,-0.81,-390.4,-344.3,-231.2,400,350,250,1536,1541,1533,1525
2001,1000500,79.8,69.8,49.9,-7.74,-4.95,-1.58,-391.1,-342.6,-245.0,400,350,250,1539,1541,1526,1536
2002,1001000,79.5,69.6,49.9,-11.42,-7.29,-2.33,-402.1,-354.9,-254.1,400,350,250,1560,1500,1551,1524
2003,1001500,79.1,69.4,49.8,-14.98,-9.53,-3.05,-400.6,-362.0,-263.0,400,350,250,1545,1529,1535,1513
2004,1002000,78.6,69.1,49.7,-18.42,-11.69,-3.74,-405.4,-349.2,-261.1,400,350,250,1529,1510,1515,1515
2005,1002500,78.1,68.8,49.6,-21.73,-13.75,-4.41,-389.7,-346.6,-257.0,400,350,250,1520,1531,1547,1510
2006,1003000,77.5,68.4,49.5,-24.92,-15.73,-5.05,-379.3,-328.4,-249.5,400,350,250,1524,1531,1555,1499
2007,1003500,76.8,67.9,49.3,-27.98,-17.63,-5.67,-368.5,-319.4,-229.3,400,350,250,1532,1518,1532,1500
2008,1004000,76.0,67.4,49.2,-30.92,-19.44,-6.27,-341.8,-303.8,-227.7,400,350,250,1541,1514,1550,1520
2009,1004500,75.2,66.9,49.0,-33.73,-21.17,-6.84,-341.2,-308.7,-233.5,400,350,250,1539,1558,1508,1526
2010,1005000,74.2,66.3,48.8,-36.42,-22.81,-7.4,-334.6,-309.4,-238.4,400,350,250,1534,1544,1531,1513
2011,1005500,73.3,65.7,48.6,-38.99,-24.38,-7.93,-337.7,-318.7,-240.4,400,350,250,1547,1545,1528,1535
2012,1006000,72.2,65.1,48.4,-41.44,-25.87,-8.43,-336.4,-312.3,-248.6,400,350,250,1531,1521,1532,1539
2013,1006500,71.1,64.4,48.2,-43.76,-27.28,-8.92,-326.6,-314.2,-245.2,400,350,250,1525,1522,1537,1517
2014,1007000,70.0,63.7,48.0,-45.96,-28.62,-9.39,-308.0,-296.4,-244.1,400,350,250,1519,1527,1516,1543
2015,1007500,68.8,62.9,47.7,-48.03,-29.88,-9.84,-299.8,-282.1,-231.9,400,350,250,1512,1537,1521,1535
2016,1008000,67.5,62.2,47.5,-49.99,-31.07,-10.27,-270.7,-266.2,-216.1,400,350,250,1542,1543,1528,1550
2017,1008500,66.2,61.4,47.2,-51.83,-32.19,-10.68,-250.2,-255.4,-215.5,400,350,250,1507,1516,1502,1533
2018,1009000,64.9,60.5,46.9,-53.56,-33.24,-11.07,-234.1,-240.5,-203.4,400,350,250,1526,1524,1524,1529
2019,1009500,63.5,59.7,46.6,-55.16,-34.22,-11.44,-229.7,-231.7,-200.6,400,350,250,1528,1560,1514,1541
2020,1010000,62.1,58.8,46.3,-56.65,-35.13,-11.8,-226.7,-234.8,-215.5,400,350,250,1542,1529,1541,1537
2021,1010500,60.7,57.9,46.0,-58.03,-35.99,-12.14,-213.3,-238.6,-213.0,400,350,250,1533,1534,1549,1524
2022,1011000,59.2,57.0,45.7,-59.3,-36.77,-12.46,-199.3,-230.0,-221.3,400,350,250,1507,1545,1523,1529
2023,1011500,57.7,56.0,45.4,-60.45,-37.5,-12.77,-190.3,-220.6,-215.7,400,350,250,1500,1518,1533,1530
2024,1012000,56.1,55.1,45.1,-61.5,-38.17,-13.06,-165.9,-206.4,-202.1,400,350,250,1517,1547,1533,1532
2025,1012500,54.6,54.1,44.7,-62.44,-38.78,-13.34,-141.3,-190.6,-192.9,400,350,250,1524,1537,1516,1544
2026,1013000,53.0,53.1,44.4,-63.28,-39.33,-13.6,-125.2,-173.1,-183.6,400,350,250,1530,1515,1521,1531
2027,1013500,51.4,52.1,44.1,-64.02,-39.83,-13.85,-94.9,-151.2,-177.4,400,350,250,1526,1522,1504,1520
2028,1014000,49.8,51.1,43.7,-64.65,-40.27,-14.09,-80.2,-153.3,-162.8,400,350,250,1541,1552,1529,1493
2029,1014500,48.1,50.1,43.3,-65.19,-40.66,-14.31,-74.1,-139.2,-180.0,400,350,250,1545,1537,1538,1537
2030,1015000,46.5,49.1,43.0,-65.63,-41.0,-14.51,-66.8,-142.4,-179.2,400,350,250,1532,1536,1532,1528
2031,1015500,44.8,48.0,42.6,-65.98,-41.29,-14.71,-63.9,-149.6,-192.1,400,350,250,1508,1505,1536,1522
2032,1016000,43.2,47.0,42.2,-66.24,-41.53,-14.89,-41.9,-123.3,-184.4,400,350,250,1520,1532,1523,1530
2033,1016500,41.5,46.0,41.9,-66.41,-41.73,-15.06,-19.1,-115.0,-175.5,400,350,250,1530,1551,1538,1539
2034,1017000,39.9,44.9,41.5,-66.49,-41.88,-15.22,-6.7,-104.9,-167.6,400,350,250,1523,1518,1497,1515
2035,1017500,38.2,43.9,41.1,-66.49,-41.99,-15.36,23.8,-81.2,-158.8,400,350,250,1524,1551,1528,1498
2036,1018000,36.5,42.8,40.7,-66.41,-42.06,-15.5,47.1,-64.9,-138.8,400,350,250,1528,1546,1530,1543
2037,1018500,34.9,41.8,40.3,-66.25,-42.09,-15.62,71.0,-46.8,-137.7,400,350,250,1535,1581,1507,1528
2038,1019000,33.2,40.7,39.9,-66.01,-42.08,-15.74,79.7,-49.6,-135.8,400,350,250,1523,1537,1528,1512
2039,1019500,31.6,39.7,39.5,-65.7,-42.03,-15.84,89.3,-37.4,-140.5,400,350,250,1529,1501,1530,1525
2040,1020000,30.0,38.6,39.1,-65.31,-41.94,-15.93,89.2,-51.5,-147.7,400,350,250,1539,1536,1557,1497
2041,1020500,28.3,37.6,38.7,-64.86,-41.82,-16.02,103.8,-39.9,-146.0,400,350,250,1524,1511,1524,1531
2042,1021000,26.7,36.5,38.3,-64.34,-41.67,-16.09,115.5,-32.5,-146.5,400,350,250,1537,1521,1532,1517
2043,1021500,25.1,35.5,37.9,-63.76,-41.48,-16.16,138.8,-12.6,-134.1,400,350,250,1548,1523,1531,1553
2044,1022000,23.6,34.5,37.5,-63.12,-41.27,-16.22,168.4,4.8,-122.8,400,350,250,1504,1494,1514,1514
2045,1022500,22.0,33.4,37.1,-62.42,-41.02,-16.27,184.6,29.4,-113.2,400,350,250,1526,1525,1521,1508
2046,1023000,20.5,32.4,36.7,-61.66,-40.75,-16.31,217.7,33.0,-102.5,400,350,250,1534,1521,1523,1529
2047,1023500,18.9,31.4,36.3,-60.85,-40.45,-16.34,225.1,48.3,-95.3,400,350,250,1532,1545,1525,1496
2048,1024000,17.4,30.4,35.9,-59.99,-40.12,-16.37,226.0,51.0,-100.2,400,350,250,1501,1516,1542,1529
2049,1024500,16.0,29.4,35.5,-59.08,-39.77,-16.38,235.1,53.0,-107.0,400,350,250,1518,1519,1515,1527
2050,1024999,14.5,28.4,35.1,-58.13,-39.4,-16.39,250.1,60.3,-116.6,400,350,250,1557,1522,1504,1502
2051,1025500,13.1,27.4,34.7,-57.13,-39.01,-16.4,254.8,61.6,-113.9,400,350,250,1512,1520,1527,1533
2052,1026000,11.7,26.5,34.3,-56.09,-38.59,-16.39,272.8,63.5,-107.4,400,350,250,1527,1529,1535,1502
2053,1026500,10.3,25.5,33.8,-55.01,-38.15,-16.39,297.7,84.9,-94.4,400,350,250,1516,1516,1512,1535
2054,1026999,9.0,24.6,33.4,-53.9,-37.7,-16.37,317.9,109.9,-84.9,400,350,250,1514,1522,1529,1515
2055,1027500,7.6,23.7,33.0,-52.75,-37.23,-16.35,334.7,135.9,-67.9,400,350,250,1519,1488,1512,1546
2056,1028000,6.3,22.7,32.6,-51.58,-36.74,-16.32,354.8,133.1,-58.1,400,350,250,1525,1511,1534,1514
2057,1028500,5.1,21.8,32.2,-50.37,-36.23,-16.29,359.6,143.5,-59.6,400,350,250,1516,1527,1523,1525
2058,1028999,3.9,20.9,31.8,-49.14,-35.72,-16.25,366.6,141.9,-69.6,400,350,250,1521,1540,1527,1526
2059,1029500,2.7,20.1,31.4,-47.89,-35.18,-16.21,364.7,139.2,-74.5,400,350,250,1509,1517,1500,1520
2060,1030000,1.5,19.2,31.0,-46.61,-34.64,-16.16,366.0,147.6,-72.9,400,350,250,1497,1514,1525,1528
2061,1030500,0.4,18.3,30.6,-45.31,-34.08,-16.1,384.5,150.5,-71.2,400,350,250,1519,1530,1512,1520
2062,1030999,-0.7,17.5,30.2,-44.0,-33.52,-16.05,397.4,163.1,-66.6,400,350,250,1541,1529,1509,1551
2063,1031500,-1.8,16.7,29.8,-42.67,-32.94,-15.98,413.0,177.8,-51.4,400,350,250,1530,1543,1542,1529
2064,1032000,-2.8,15.9,29.4,-41.33,-32.35,-15.92,435.9,201.1,-39.7,400,350,250,1511,1529,1524,1525
2065,1032500,-3.8,15.1,29.0,-39.97,-31.76,-15.85,448.1,213.9,-31.8,400,350,250,1535,1521,1512,1515
2066,1032999,-4.8,14.3,28.6,-38.61,-31.16,-15.77,473.3,233.5,-24.1,400,350,250,1541,1479,1537,1522
2067,1033500,-5.7,13.5,28.2,-37.24,-30.55,-15.69,467.8,220.6,-27.5,400,350,250,1525,1515,1529,1536
2068,1034000,-6.6,12.8,27.8,-35.86,-29.94,-15.61,466.6,225.0,-26.7,400,350,250,1524,1514,1524,1527
2069,1034500,-7.5,12.1,27.4,-34.48,-29.32,-15.52,466.8,219.5,-38.2,400,350,250,1505,1543,1536,1525
2070,1034999,-8.3,11.3,27.0,-33.1,-28.7,-15.44,470.3,222.0,-31.8,400,350,250,1534,1517,1525,1535
2071,1035500,-9.1,10.6,26.7,-31.72,-28.07,-15.34,471.0,226.0,-32.9,400,350,250,1504,1514,1508,1515
2072,1036000,-9.9,9.9,26.3,-30.34,-27.45,-15.25,492.1,237.6,-20.9,400,350,250,1540,1523,1503,1512
2073,1036500,-10.6,9.3,25.9,-28.97,-26.82,-15.15,510.9,256.9,-10.8,400,350,250,1532,1510,1504,1529
2074,1036999,-11.3,8.6,25.5,-27.6,-26.19,-15.05,522.3,270.7,6.0,400,350,250,1536,1536,1521,1527
2075,1037500,-11.9,8.0,25.2,-26.23,-25.55,-14.95,535.7,279.0,19.3,400,350,250,1510,1512,1508,1506
2076,1038000,-12.6,7.4,24.8,-24.88,-24.92,-14.84,543.6,290.2,13.7,400,350,250,1494,1522,1519,1505
2077,1038500,-13.1,6.8,24.4,-23.53,-24.29,-14.73,538.6,283.0,15.9,400,350,250,1502,1527,1521,1489
2078,1038999,-13.7,6.2,24.0,-22.19,-23.66,-14.62,531.1,284.3,11.0,400,350,250,1528,1529,1543,1515
2079,1039500,-14.2,5.6,23.7,-20.87,-23.03,-14.51,530.2,276.8,-0.9,400,350,250,1527,1507,1507,1533
2080,1040000,-14.7,5.0,23.3,-19.56,-22.4,-14.4,523.1,290.5,7.2,400,350,250,1493,1526,1519,1532
2081,1040500,-15.2,4.5,23.0,-18.26,-21.77,-14.28,537.2,291.6,12.5,400,350,250,1510,1525,1528,1517
2082,1040999,-15.6,4.0,22.6,-16.98,-21.15,-14.16,552.8,305.9,20.5,400,350,250,1494,1504,1523,1536
2083,1041500,-16.0,3.4,22.3,-15.72,-20.53,-14.04,568.0,318.4,27.2,400,350,250,1503,1491,1512,1527
2084,1042000,-16.3,2.9,21.9,-14.47,-19.92,-13.92,574.1,325.9,41.4,400,350,250,1519,1508,1539,1525
2085,1042500,-16.7,2.5,21.6,-13.25,-19.3,-13.8,585.8,340.6,45.4,400,350,250,1534,1534,1510,1499
2086,1042999,-17.0,2.0,21.2,-12.04,-18.7,-13.67,585.8,340.8,46.1,400,350,250,1517,1526,1507,1519
2087,1043500,-17.3,1.5,20.9,-10.86,-18.1,-13.55,582.1,343.4,41.0,400,350,250,1528,1543,1531,1517
2088,1044000,-17.5,1.1,20.6,-9.69,-17.5,-13.42,572.9,329.5,38.8,400,350,250,1510,1548,1518,1504
2089,1044500,-17.7,0.7,20.2,-8.55,-16.91,-13.29,572.2,336.7,30.2,400,350,250,1515,1493,1533,1485
2090,1044999,-17.9,0.3,19.9,-7.43,-16.33,-13.17,571.4,328.6,32.4,400,350,250,1548,1525,1523,1530
2091,1045500,-18.1,-0.1,19.6,-6.33,-15.75,-13.04,564.4,342.4,41.0,400,350,250,1525,1521,1537,1499
2092,1046000,-18.2,-0.5,19.2,-5.26,-15.18,-12.91,571.5,352.5,61.7,400,350,250,1525,1515,1527,1500
2093,1046500,-18.3,-0.9,18.9,-4.22,-14.61,-12.78,587.5,356.6,65.5,400,350,250,1528,1541,1510,1530
2094,1046999,-18.4,-1.2,18.6,-3.2,-14.05,-12.64,600.7,370.1,74.8,400,350,250,1490,1504,1523,1488
2095,1047500,-18.4,-1.6,18.3,-2.2,-13.5,-12.51,597.9,383.2,87.3,400,350,250,1481,1522,1508,1484
2096,1048000,-18.5,-1.9,18.0,-1.24,-12.96,-12.38,592.7,383.1,82.1,400,350,250,1527,1512,1526,1503
2097,1048500,-18.5,-2.2,17.7,-0.3,-12.43,-12.25,585.4,375.8,71.0,400,350,250,1534,1513,1502,1504
2098,1049000,-18.4,-2.5,17.4,0.62,-11.9,-12.11,576.1,370.6,70.1,400,350,250,1529,1500,1515,1495
2099,1049500,-18.4,-2.8,17.1,1.5,-11.38,-11.98,570.2,370.9,66.7,400,350,250,1529,1515,1501,1503
2100,1050000,-18.4,-3.0,16.8,2.36,-10.87,-11.84,564.5,367.1,68.4,400,350,250,1558,1540,1528,1502
2101,1050500,-18.3,-3.3,16.5,3.19,-10.37,-11.71,571.6,368.1,82.6,400,350,250,1505,1533,1496,1527
2102,1051000,-18.2,-3.6,16.2,3.99,-9.88,-11.58,573.1,379.8,84.8,400,350,250,1518,1515,1515,1503
2103,1051500,-18.1,-3.8,15.9,4.77,-9.4,-11.44,585.4,392.9,92.6,400,350,250,1524,1518,1505,1534
2104,1052000,-17.9,-4.0,15.6,5.51,-8.92,-11.31,589.4,395.2,111.0,400,350,250,1510,1536,1521,1503
2105,1052500,-17.8,-4.2,15.4,6.23,-8.46,-11.17,596.6,408.8,114.8,400,350,250,1516,1537,1528,1510
2106,1053000,-17.6,-4.4,15.1,6.91,-8.0,-11.04,581.5,405.4,110.9,400,350,250,1501,1512,1536,1508
2107,1053500,-17.4,-4.6,14.8,7.57,-7.55,-10.9,581.9,396.2,101.9,400,350,250,1528,1512,1518,1530
2108,1054000,-17.2,-4.8,14.5,8.2,-7.11,-10.77,572.7,387.6,101.4,400,350,250,1518,1517,1540,1511
2109,1054500,-17.0,-5.0,14.3,8.8,-6.69,-10.64,554.9,389.1,87.1,400,350,250,1520,1502,1519,1504
2110,1055000,-16.7,-5.1,14.0,9.38,-6.27,-10.5,554.7,385.6,92.6,400,350,250,1522,1525,1491,1496
2111,1055500,-16.5,-5.3,13.7,9.92,-5.86,-10.37,552.8,390.1,106.5,400,350,250,1537,1521,1530,1509
2112,1056000,-16.2,-5.4,13.5,10.44,-5.46,-10.24,553.8,401.8,105.1,400,350,250,1537,1518,1531,1505
2113,1056500,-16.0,-5.5,13.2,10.92,-5.07,-10.11,559.1,410.3,125.3,400,350,250,1511,1506,1515,1511
2114,1057000,-15.7,-5.6,13.0,11.39,-4.68,-9.97,574.7,414.0,124.3,400,350,250,1512,1518,1491,1513
2115,1057500,-15.4,-5.7,12.7,11.82,-4.31,-9.84,570.1,423.4,138.4,400,350,250,1503,1492,1527,1508
2116,1058000,-15.1,-5.8,12.5,12.22,-3.95,-9.71,556.5,425.5,138.9,400,350,250,1473,1550,1515,1490
2117,1058500,-14.8,-5.9,12.3,12.6,-3.6,-9.58,554.5,413.9,135.5,400,350,250,1513,1489,1511,1507
2118,1059000,-14.4,-6.0,12.0,12.96,-3.25,-9.45,539.7,403.7,126.2,400,350,250,1495,1505,1505,1519
2119,1059500,-14.1,-6.1,11.8,13.28,-2.92,-9.32,521.8,398.4,128.7,400,350,250,1487,1528,1514,1527
2120,1060000,-13.8,-6.2,11.6,13.58,-2.6,-9.19,523.2,398.0,121.3,400,350,250,1519,1495,1511,1539
2121,1060500,-13.4,-6.2,11.3,13.86,-2.28,-9.07,528.6,397.9,122.0,400,350,250,1510,1528,1526,1504
2122,1061000,-13.1,-6.3,11.1,14.11,-1.98,-8.94,518.3,409.2,129.3,400,350,250,1530,1534,1522,1521
2123,1061500,-12.7,-6.3,10.9,14.33,-1.68,-8.81,535.0,425.9,151.1,400,350,250,1533,1495,1505,1512
2124,1062000,-12.3,-6.3,10.7,14.53,-1.39,-8.69,527.4,424.9,155.8,400,350,250,1511,1548,1509,1509
2125,1062500,-12.0,-6.4,10.5,14.71,-1.11,-8.56,533.8,427.0,154.5,400,350,250,1528,1512,1517,1512
2126,1063000,-11.6,-6.4,10.2,14.86,-0.84,-8.44,524.1,418.8,157.5,400,350,250,1519,1510,1522,1500
2127,1063500,-11.2,-6.4,10.0,15.0,-0.58,-8.32,514.5,418.0,152.6,400,350,250,1514,1532,1505,1513
2128,1064000,-10.8,-6.4,9.8,15.1,-0.33,-8.19,500.4,410.7,147.0,400,350,250,1501,1497,1494,1507
2129,1064500,-10.5,-6.4,9.6,15.19,-0.09,-8.07,492.8,399.8,140.8,400,350,250,1513,1545,1528,1545
2130,1065000,-10.1,-6.4,9.4,15.26,0.14,-7.95,486.8,400.4,148.6,400,350,250,1516,1520,1504,1503
2131,1065500,-9.7,-6.4,9.2,15.3,0.37,-7.83,488.8,400.5,143.9,400,350,250,1489,1515,1509,1519
2132,1066000,-9.3,-6.4,9.0,15.33,0.59,-7.71,486.2,405.4,160.2,400,350,250,1511,1522,1494,1492
2133,1066500,-8.9,-6.4,8.9,15.34,0.8,-7.6,484.9,420.1,170.6,400,350,250,1529,1536,1484,1494
2134,1067000,-8.6,-6.3,8.7,15.32,1.0,-7.48,495.7,422.6,174.8,400,350,250,1499,1489,1510,1512
2135,1067500,-8.2,-6.3,8.5,15.29,1.19,-7.37,493.3,427.8,174.7,400,350,250,1505,1505,1503,1509
2136,1068000,-7.8,-6.3,8.3,15.24,1.37,-7.25,484.5,419.1,175.3,400,350,250,1520,1496,1496,1538
2137,1068500,-7.4,-6.2,8.1,15.17,1.55,-7.14,477.2,415.0,169.4,400,350,250,1531,1517,1513,1533
2138,1069000,-7.0,-6.2,7.9,15.09,1.72,-7.02,460.9,400.6,169.9,400,350,250,1516,1502,1521,1508
2139,1069500,-6.7,-6.1,7.8,14.99,1.88,-6.91,462.2,394.7,161.7,400,350,250,1523,1522,1504,1503
2140,1070000,-6.3,-6.1,7.6,14.88,2.03,-6.8,446.6,399.1,157.8,400,350,250,1507,1524,1507,1513
2141,1070500,-5.9,-6.0,7.4,14.75,2.18,-6.69,446.9,398.7,155.3,400,350,250,1495,1514,1500,1500
2142,1071000,-5.6,-6.0,7.3,14.61,2.32,-6.58,451.2,414.1,169.8,400,350,250,1495,1483,1515,1508
2143,1071500,-5.2,-5.9,7.1,14.45,2.45,-6.48,453.0,412.0,187.0,400,350,250,1523,1514,1525,1523
2144,1072000,-4.8,-5.9,7.0,14.28,2.58,-6.37,458.1,423.2,192.6,400,350,250,1520,1512,1539,1490
2145,1072500,-4.5,-5.8,6.8,14.09,2.69,-6.26,460.7,418.3,205.6,400,350,250,1501,1503,1508,1508
2146,1073000,-4.1,-5.7,6.6,13.9,2.81,-6.16,460.0,419.1,196.6,400,350,250,1523,1530,1494,1512
2147,1073500,-3.8,-5.6,6.5,13.69,2.91,-6.06,438.0,413.6,195.8,400,350,250,1500,1504,1525,1514
2148,1074000,-3.5,-5.6,6.3,13.48,3.01,-5.95,434.0,400.3,181.7,400,350,250,1502,1530,1486,1500
2149,1074500,-3.1,-5.5,6.2,13.25,3.1,-5.85,426.2,393.6,172.7,400,350,250,1511,1504,1506,1515
2150,1075000,-2.8,-5.4,6.1,13.01,3.19,-5.75,416.6,383.9,175.8,400,350,250,1529,1488,1506,1491
2151,1075500,-2.5,-5.3,5.9,12.77,3.27,-5.66,414.9,387.6,177.1,400,350,250,1501,1514,1488,1487
2152,1076000,-2.2,-5.3,5.8,12.51,3.34,-5.56,416.4,401.9,184.4,400,350,250,1513,1511,1509,1507
2153,1076500,-1.9,-5.2,5.6,12.25,3.41,-5.46,419.3,403.5,201.1,400,350,250,1513,1525,1496,1509
2154,1077000,-1.6,-5.1,5.5,11.98,3.47,-5.37,423.6,406.1,208.9,400,350,250,1502,1510,1486,1503
2155,1077500,-1.3,-5.0,5.4,11.71,3.53,-5.27,426.5,412.7,214.6,400,350,250,1513,1508,1510,1500
2156,1078000,-1.0,-4.9,5.2,11.43,3.58,-5.18,420.0,410.8,206.6,400,350,250,1504,1505,1523,1500
2157,1078500,-0.7,-4.8,5.1,11.14,3.63,-5.09,423.3,402.8,206.2,400,350,250,1506,1497,1505,1480
2158,1079000,-0.4,-4.7,5.0,10.84,3.67,-4.99,406.7,393.1,198.2,400,350,250,1479,1514,1487,1525
2159,1079500,-0.2,-4.6,4.9,10.55,3.71,-4.9,387.8,383.7,194.2,400,350,250,1524,1477,1481,1529
2160,1080000,0.1,-4.5,4.7,10.24,3.75,-4.82,386.7,375.3,186.7,400,350,250,1516,1500,1528,1495
2161,1080500,0.3,-4.4,4.6,9.94,3.77,-4.73,384.0,385.5,196.2,400,350,250,1509,1514,1500,1504
2162,1081000,0.6,-4.3,4.5,9.63,3.8,-4.64,384.3,387.3,200.4,400,350,250,1490,1488,1506,1534
2163,1081500,0.8,-4.2,4.4,9.32,3.82,-4.56,393.5,393.7,206.6,400,350,250,1481,1495,1527,1474
2164,1082000,1.0,-4.2,4.3,9.01,3.83,-4.47,405.4,395.7,223.9,400,350,250,1543,1526,1503,1513
2165,1082500,1.3,-4.1,4.2,8.69,3.84,-4.39,399.1,402.6,222.9,400,350,250,1459,1513,1500,1489
2166,1083000,1.5,-4.0,4.1,8.37,3.85,-4.3,398.0,405.8,220.1,400,350,250,1510,1485,1506,1488
2167,1083500,1.7,-3.9,4.0,8.06,3.86,-4.22,395.0,393.3,221.4,400,350,250,1476,1507,1520,1492
2168,1084000,1.9,-3.8,3.9,7.74,3.86,-4.14,382.1,384.7,213.7,400,350,250,1515,1521,1524,1523
2169,1084500,2.0,-3.7,3.8,7.42,3.85,-4.06,368.8,379.2,206.6,400,350,250,1507,1485,1533,1542
2170,1085000,2.2,-3.6,3.7,7.1,3.85,-3.99,364.6,362.1,207.0,400,350,250,1501,1536,1488,1511
2171,1085500,2.4,-3.5,3.6,6.78,3.84,-3.91,365.2,365.2,199.1,400,350,250,1511,1513,1509,1465
2172,1086000,2.6,-3.4,3.5,6.47,3.82,-3.83,355.7,375.6,211.8,400,350,250,1481,1509,1517,1489
2173,1086500,2.7,-3.3,3.4,6.15,3.81,-3.76,364.9,382.1,212.7,400,350,250,1502,1500,1501,1508
2174,1087000,2.9,-3.2,3.3,5.84,3.79,-3.68,376.1,388.5,221.7,400,350,250,1490,1508,1491,1511
2175,1087500,3.0,-3.1,3.2,5.53,3.77,-3.61,382.7,397.8,233.2,400,350,250,1474,1502,1512,1504
2176,1088000,3.1,-3.0,3.1,5.22,3.74,-3.54,383.2,398.6,235.8,400,350,250,1483,1504,1517,1505
2177,1088500,3.2,-2.9,3.0,4.91,3.72,-3.47,373.2,392.7,232.9,400,350,250,1519,1505,1504,1515
2178,1089000,3.4,-2.8,2.9,4.61,3.69,-3.4,365.4,388.2,225.5,400,350,250,1506,1513,1514,1470
2179,1089500,3.5,-2.7,2.8,4.31,3.66,-3.33,363.7,371.5,213.1,400,350,250,1515,1516,1507,1493
2180,1090000,3.6,-2.6,2.8,4.01,3.62,-3.26,352.8,360.6,220.1,400,350,250,1492,1514,1526,1489
2181,1090500,3.7,-2.5,2.7,3.72,3.59,-3.2,346.9,352.5,207.9,400,350,250,1483,1504,1498,1502
2182,1091000,3.7,-2.5,2.6,3.43,3.55,-3.13,351.0,361.1,212.7,400,350,250,1501,1491,1497,1493
2183,1091500,3.8,-2.4,2.5,3.15,3.51,-3.07,351.8,368.8,212.5,400,350,250,1509,1501,1504,1519
2184,1092000,3.9,-2.3,2.5,2.87,3.47,-3.0,368.4,374.8,230.5,400,350,250,1519,1499,1507,1507
2185,1092500,4.0,-2.2,2.4,2.59,3.43,-2.94,367.2,384.0,235.6,400,350,250,1497,1507,1510,1488
2186,1093000,4.0,-2.1,2.3,2.32,3.38,-2.88,373.1,384.6,237.5,400,350,250,1506,1498,1490,1514
2187,1093500,4.1,-2.0,2.2,2.06,3.34,-2.82,371.5,378.4,239.8,400,350,250,1498,1505,1533,1509
2188,1094000,4.1,-1.9,2.2,1.8,3.29,-2.76,370.7,375.2,236.5,400,350,250,1508,1499,1504,1494
2189,1094500,4.2,-1.9,2.1,1.54,3.24,-2.7,359.2,363.2,233.8,400,350,250,1447,1480,1498,1506
2190,1095000,4.2,-1.8,2.0,1.29,3.19,-2.64,349.0,351.8,221.6,400,350,250,1487,1503,1494,1496
2191,1095500,4.2,-1.7,2.0,1.05,3.14,-2.58,337.9,348.1,214.2,400,350,250,1484,1503,1480,1503
2192,1096000,4.2,-1.6,1.9,0.81,3.09,-2.53,346.5,350.1,213.9,400,350,250,1494,1511,1520,1530
2193,1096500,4.2,-1.6,1.8,0.58,3.04,-2.47,349.9,359.9,224.3,400,350,250,1499,1484,1494,1516
2194,1097000,4.3,-1.5,1.8,0.36,2.98,-2.42,362.8,362.5,226.0,400,350,250,1527,1500,1506,1497
2195,1097500,4.3,-1.4,1.7,0.14,2.93,-2.36,358.4,373.4,237.0,400,350,250,1495,1490,1495,1535
2196,1098000,4.3,-1.3,1.7,-0.07,2.88,-2.31,376.5,368.9,240.7,400,350,250,1491,1489,1510,1521
2197,1098500,4.2,-1.3,1.6,-0.28,2.82,-2.26,368.5,378.7,246.9,400,350,250,1470,1516,1524,1486
2198,1099000,4.2,-1.2,1.6,-0.48,2.76,-2.21,369.5,369.5,243.6,400,350,250,1492,1496,1499,1490
2199,1099500,4.2,-1.1,1.5,-0.67,2.71,-2.16,360.8,358.2,240.1,400,350,250,1484,1471,1510,1493
2200,1100000,4.2,-1.1,1.4,-0.86,2.65,-2.11,349.5,357.9,229.0,400,350,250,1527,1504,1477,1491
2201,1100500,4.2,-1.0,1.4,-1.04,2.59,-2.06,343.2,346.4,230.2,400,350,250,1537,1523,1504,1506
2202,1101000,4.1,-0.9,1.3,-1.22,2.54,-2.01,345.0,336.4,227.6,400,350,250,1527,1490,1497,1487
2203,1101500,4.1,-0.9,1.3,-1.38,2.48,-1.96,347.1,344.4,221.5,400,350,250,1515,1469,1512,1481
2204,1102000,4.1,-0.8,1.3,-1.54,2.42,-1.92,354.3,346.1,235.9,400,350,250,1482,1533,1484,1501
2205,1102500,4.0,-0.8,1.2,-1.7,2.36,-1.87,366.7,358.1,239.0,400,350,250,1482,1506,1501,1512
2206,1103000,4.0,-0.7,1.2,-1.84,2.31,-1.83,365.8,364.5,249.1,400,350,250,1490,1501,1514,1499
2207,1103500,3.9,-0.6,1.1,-1.99,2.25,-1.78,371.7,370.4,250.2,400,350,250,1487,1525,1506,1524
2208,1104000,3.9,-0.6,1.1,-2.12,2.19,-1.74,372.6,367.8,246.7,400,350,250,1500,1507,1507,1480
2209,1104500,3.8,-0.5,1.0,-2.25,2.13,-1.7,368.3,364.9,244.0,400,350,250,1506,1489,1496,1488
2210,1105000,3.8,-0.5,1.0,-2.37,2.07,-1.66,354.5,349.4,238.7,400,350,250,1492,1496,1488,1509
2211,1105500,3.7,-0.4,0.9,-2.48,2.02,-1.62,352.7,346.1,229.0,400,350,250,1515,1495,1502,1529
2212,1106000,3.6,-0.4,0.9,-2.59,1.96,-1.58,351.5,333.8,224.5,400,350,250,1501,1477,1474,1494
2213,1106500,3.6,-0.3,0.9,-2.69,1.9,-1.54,344.8,344.2,229.8,400,350,250,1491,1514,1486,1478
2214,1107000,3.5,-0.3,0.8,-2.79,1.85,-1.5,360.3,344.7,232.6,400,350,250,1511,1493,1505,1499
2215,1107500,3.4,-0.2,0.8,-2.88,1.79,-1.46,370.0,354.2,239.9,400,350,250,1517,1490,1520,1476
2216,1108000,3.4,-0.2,0.8,-2.96,1.73,-1.43,374.3,350.7,252.0,400,350,250,1515,1489,1502,1492
2217,1108500,3.3,-0.2,0.7,-3.04,1.68,-1.39,385.9,365.8,257.2,400,350,250,1511,1472,1505,1497
2218,1109000,3.2,-0.1,0.7,-3.11,1.62,-1.35,386.9,365.2,259.3,400,350,250,1494,1480,1487,1492
2219,1109500,3.1,-0.1,0.7,-3.18,1.57,-1.32,373.6,360.7,251.7,400,350,250,1521,1491,1496,1496
2220,1110000,3.0,-0.0,0.6,-3.23,1.52,-1.28,375.1,346.9,239.9,400,350,250,1518,1482,1481,1511
2221,1110500,3.0,-0.0,0.6,-3.29,1.46,-1.25,366.3,341.6,241.7,400,350,250,1478,1518,1490,1499
2222,1111000,2.9,0.0,0.6,-3.34,1.41,-1.22,359.5,345.6,229.0,400,350,250,1493,1525,1464,1487
2223,1111500,2.8,0.1,0.5,-3.38,1.36,-1.19,359.1,334.4,232.3,400,350,250,1510,1477,1484,1513
2224,1112000,2.7,0.1,0.5,-3.42,1.31,-1.15,368.7,326.6,235.3,400,350,250,1508,1484,1481,1477
2225,1112500,2.6,0.1,0.5,-3.45,1.26,-1.12,367.6,338.9,242.6,400,350,250,1483,1501,1471,1507
2226,1113000,2.5,0.2,0.4,-3.48,1.21,-1.09,380.0,354.9,249.3,400,350,250,1527,1507,1494,1516
2227,1113500,2.4,0.2,0.4,-3.5,1.16,-1.06,384.1,358.6,262.2,400,350,250,1486,1493,1497,1496
2228,1114000,2.4,0.2,0.4,-3.51,1.11,-1.03,389.4,365.6,268.1,400,350,250,1487,1472,1486,1473
2229,1114500,2.3,0.2,0.4,-3.53,1.06,-1.0,385.3,356.6,263.5,400,350,250,1495,1503,1491,1508
2230,1115000,2.2,0.3,0.3,-3.53,1.01,-0.98,384.6,360.4,257.8,400,350,250,1496,1471,1476,1496
2231,1115500,2.1,0.3,0.3,-3.54,0.97,-0.95,375.1,346.5,246.2,400,350,250,1512,1482,1494,1485
2232,1116000,2.0,0.3,0.3,-3.53,0.92,-0.92,369.4,340.9,243.0,400,350,250,1471,1514,1525,1494
2233,1116500,1.9,0.3,0.3,-3.53,0.88,-0.89,370.0,329.7,232.7,400,350,250,1496,1491,1512,1479
2234,1117000,1.8,0.4,0.3,-3.52,0.83,-0.87,367.0,334.7,233.3,400,350,250,1488,1490,1498,1464
2235,1117500,1.7,0.4,0.2,-3.5,0.79,-0.84,382.8,338.9,233.4,400,350,250,1479,1475,1498,1464
2236,1118000,1.6,0.4,0.2,-3.49,0.75,-0.82,389.8,340.8,239.4,400,350,250,1522,1491,1499,1489
2237,1118500,1.6,0.4,0.2,-3.47,0.71,-0.79,388.4,358.8,245.3,400,350,250,1495,1480,1486,1490
2238,1119000,1.5,0.4,0.2,-3.44,0.67,-0.77,389.6,359.6,260.5,400,350,250,1499,1482,1502,1484
2239,1119500,1.4,0.4,0.2,-3.41,0.63,-0.75,403.2,364.7,264.9,400,350,250,1470,1492,1476,1520
2240,1120000,1.3,0.5,0.1,-3.38,0.59,-0.72,399.7,352.3,254.8,400,350,250,1510,1476,1497,1486
2241,1120500,1.2,0.5,0.1,-3.34,0.55,-0.7,393.1,349.5,254.8,400,350,250,1513,1477,1498,1497
2242,1121000,1.1,0.5,0.1,-3.31,0.51,-0.68,384.0,338.8,243.5,400,350,250,1499,1492,1505,1495
2243,1121500,1.1,0.5,0.1,-3.26,0.48,-0.66,380.6,335.7,240.7,400,350,250,1491,1500,1478,1506
2244,1122000,1.0,0.5,0.1,-3.22,0.44,-0.64,382.9,331.0,237.9,400,350,250,1472,1491,1469,1504
2245,1122500,0.9,0.5,0.1,-3.17,0.41,-0.62,377.9,335.6,240.6,400,350,250,1479,1502,1512,1522
2246,1123000,0.8,0.5,0.0,-3.12,0.37,-0.6,382.7,338.2,238.5,400,350,250,1499,1498,1511,1487
2247,1123500,0.7,0.5,0.0,-3.07,0.34,-0.58,391.6,345.3,247.9,400,350,250,1519,1456,1465,1482
2248,1124000,0.7,0.5,0.0,-3.02,0.31,-0.56,402.6,351.2,258.1,400,350,250,1467,1498,1497,1512
2249,1124500,0.6,0.6,-0.0,-2.96,0.28,-0.54,409.6,354.4,259.4,400,350,250,1473,1482,1487,1507
2250,1125000,0.5,0.6,-0.0,-2.9,0.25,-0.52,415.1,358.6,266.4,400,350,250,1486,1470,1496,1478
2251,1125500,0.5,0.6,-0.0,-2.85,0.22,-0.5,400.2,352.1,267.1,400,350,250,1472,1508,1469,1487
2252,1126000,0.4,0.6,-0.0,-2.78,0.19,-0.48,402.6,347.2,251.2,400,350,250,1488,1512,1498,1491
2253,1126500,0.3,0.6,-0.1,-2.72,0.16,-0.47,395.7,345.3,252.3,400,350,250,1484,1475,1474,1489
2254,1127000,0.2,0.6,-0.1,-2.66,0.14,-0.45,386.1,334.0,238.0,400,350,250,1524,1478,1509,1475
2255,1127500,0.2,0.6,-0.1,-2.59,0.11,-0.43,381.4,325.9,232.7,400,350,250,1464,1475,1484,1498
2256,1128000,0.1,0.6,-0.1,-2.52,0.09,-0.42,379.2,333.2,237.7,400,350,250,1487,1456,1494,1497
2257,1128500,0.1,0.6,-0.1,-2.45,0.06,-0.4,396.3,335.4,248.2,400,350,250,1488,1474,1495,1502
2258,1129000,-0.0,0.6,-0.1,-2.39,0.04,-0.39,400.9,344.0,250.1,400,350,250,1497,1461,1491,1468
2259,1129500,-0.1,0.6,-0.1,-2.32,0.02,-0.37,406.2,352.5,263.6,400,350,250,1487,1473,1526,1491
2260,1130000,-0.1,0.6,-0.1,-2.24,-0.01,-0.36,403.5,356.5,261.1,400,350,250,1478,1502,1518,1488
2261,1130500,-0.2,0.6,-0.1,-2.17,-0.03,-0.34,410.2,361.2,265.4,400,350,250,1480,1489,1470,1489
2262,1131000,-0.2,0.6,-0.1,-2.1,-0.05,-0.33,414.0,359.2,269.5,400,350,250,1477,1492,1475,1488
2263,1131500,-0.3,0.6,-0.1,-2.03,-0.07,-0.32,410.9,350.3,254.0,400,350,250,1512,1499,1504,1487
2264,1132000,-0.3,0.6,-0.2,-1.95,-0.08,-0.3,404.2,339.4,250.7,400,350,250,1486,1486,1463,1500
2265,1132500,-0.4,0.6,-0.2,-1.88,-0.1,-0.29,395.2,331.1,241.1,400,350,250,1494,1495,1455,1507
2266,1133000,-0.4,0.6,-0.2,-1.81,-0.12,-0.28,386.4,337.9,242.3,400,350,250,1487,1488,1490,1479
2267,1133500,-0.5,0.6,-0.2,-1.73,-0.14,-0.27,398.1,329.3,237.3,400,350,250,1482,1462,1500,1468
2268,1134000,-0.5,0.6,-0.2,-1.66,-0.15,-0.25,403.8,341.0,252.6,400,350,250,1476,1481,1478,1497
2269,1134500,-0.5,0.6,-0.2,-1.59,-0.17,-0.24,402.4,343.6,243.3,400,350,250,1485,1488,1514,1472
2270,1135000,-0.6,0.6,-0.2,-1.51,-0.18,-0.23,417.5,354.6,263.3,400,350,250,1468,1434,1477,1499
2271,1135500,-0.6,0.6,-0.2,-1.44,-0.19,-0.22,419.6,362.9,273.3,400,350,250,1474,1478,1507,1460
2272,1136000,-0.6,0.6,-0.2,-1.37,-0.21,-0.21,410.3,359.2,267.0,400,350,250,1506,1495,1484,1476
2273,1136500,-0.7,0.5,-0.2,-1.3,-0.22,-0.2,409.7,356.7,259.8,400,350,250,1478,1489,1454,1483
2274,1137000,-0.7,0.5,-0.2,-1.23,-0.23,-0.19,408.1,355.9,255.1,400,350,250,1500,1469,1460,1497
2275,1137500,-0.7,0.5,-0.2,-1.16,-0.24,-0.18,401.6,335.0,252.0,400,350,250,1491,1458,1480,1513
2276,1138000,-0.8,0.5,-0.2,-1.09,-0.25,-0.17,397.3,328.6,238.2,400,350,250,1504,1505,1494,1461
2277,1138500,-0.8,0.5,-0.2,-1.02,-0.26,-0.16,397.5,327.9,236.5,400,350,250,1476,1499,1491,1492
2278,1139000,-0.8,0.5,-0.2,-0.95,-0.27,-0.15,394.1,330.5,244.2,400,350,250,1474,1479,1491,1480
2279,1139500,-0.8,0.5,-0.2,-0.88,-0.28,-0.14,405.3,340.1,247.9,400,350,250,1517,1475,1514,1463
2280,1140000,-0.9,0.5,-0.2,-0.81,-0.29,-0.13,405.9,335.5,250.2,400,350,250,1470,1493,1501,1517
2281,1140500,-0.9,0.5,-0.2,-0.75,-0.3,-0.13,414.4,357.1,259.5,400,350,250,1455,1420,1477,1453
2282,1141000,-0.9,0.5,-0.2,-0.68,-0.3,-0.12,425.1,354.1,267.7,400,350,250,1472,1489,1468,1488
2283,1141500,-0.9,0.5,-0.2,-0.62,-0.31,-0.11,430.0,360.3,260.6,400,350,250,1470,1484,1494,1463
2284,1142000,-0.9,0.5,-0.2,-0.56,-0.32,-0.1,415.9,349.1,269.7,400,350,250,1486,1486,1475,1510
2285,1142500,-0.9,0.5,-0.3,-0.49,-0.32,-0.1,415.4,348.7,261.1,400,350,250,1490,1477,1476,1481
2286,1143000,-0.9,0.5,-0.3,-0.43,-0.33,-0.09,411.0,335.8,242.0,400,350,250,1491,1497,1503,1490
2287,1143500,-1.0,0.4,-0.3,-0.37,-0.33,-0.08,393.1,338.4,242.8,400,350,250,1466,1457,1458,1482
2288,1144000,-1.0,0.4,-0.3,-0.32,-0.34,-0.07,390.9,333.5,238.4,400,350,250,1490,1494,1467,1475
2289,1144500,-1.0,0.4,-0.3,-0.26,-0.34,-0.07,400.2,330.7,244.2,400,350,250,1489,1494,1472,1492
2290,1145000,-1.0,0.4,-0.3,-0.21,-0.34,-0.06,401.3,339.1,247.5,400,350,250,1472,1480,1444,1470
2291,1145500,-1.0,0.4,-0.3,-0.15,-0.34,-0.05,412.0,341.3,243.7,400,350,250,1459,1476,1490,1488
2292,1146000,-1.0,0.4,-0.3,-0.1,-0.35,-0.05,411.3,354.7,254.9,400,350,250,1496,1486,1470,1473
2293,1146500,-1.0,0.4,-0.3,-0.05,-0.35,-0.04,421.8,356.1,269.6,400,350,250,1484,1471,1486,1459
2294,1147000,-1.0,0.4,-0.3,0.0,-0.35,-0.04,424.1,358.5,264.1,400,350,250,1479,1483,1457,1485
2295,1147500,-1.0,0.4,-0.3,0.05,-0.35,-0.03,432.6,360.2,261.0,400,350,250,1485,1504,1463,1504
2296,1148000,-1.0,0.4,-0.3,0.1,-0.35,-0.03,413.1,358.7,254.1,400,350,250,1495,1471,1498,1492
2297,1148500,-1.0,0.4,-0.3,0.14,-0.35,-0.02,408.2,340.3,254.0,400,350,250,1484,1462,1487,1476
2298,1149000,-1.0,0.3,-0.3,0.18,-0.35,-0.02,399.7,332.9,243.9,400,350,250,1492,1466,1491,1452
2299,1149500,-1.0,0.3,-0.3,0.23,-0.35,-0.01,396.8,334.4,235.5,400,350,250,1481,1458,1506,1484
2300,1150000,-1.0,0.3,-0.3,0.27,-0.35,-0.01,400.9,330.0,231.0,400,350,250,1477,1498,1476,1495
2301,1150500,-0.9,0.3,-0.3,0.31,-0.35,-0.0,402.5,339.5,248.4,400,350,250,1469,1472,1494,1485
2302,1151000,-0.9,0.3,-0.3,0.34,-0.35,0.0,405.7,340.8,256.8,400,350,250,1428,1491,1475,1459
2303,1151500,-0.9,0.3,-0.3,0.38,-0.35,0.01,416.8,354.6,267.8,400,350,250,1482,1439,1464,1489
2304,1152000,-0.9,0.3,-0.3,0.41,-0.35,0.01,418.9,358.3,263.9,400,350,250,1499,1482,1475,1468
2305,1152500,-0.9,0.3,-0.3,0.45,-0.35,0.01,426.9,358.1,268.0,400,350,250,1483,1488,1488,1481
2306,1153000,-0.9,0.3,-0.3,0.48,-0.34,0.02,428.2,362.1,261.4,400,350,250,1463,1467,1497,1461
2307,1153500,-0.9,0.3,-0.3,0.51,-0.34,0.02,421.4,355.1,256.4,400,350,250,1462,1475,1488,1475
2308,1154000,-0.9,0.3,-0.3,0.54,-0.34,0.03,410.2,346.8,256.6,400,350,250,1469,1475,1459,1472
2309,1154500,-0.9,0.3,-0.3,0.56,-0.34,0.03,396.3,333.5,243.5,400,350,250,1486,1442,1458,1455
2310,1155000,-0.8,0.2,-0.3,0.59,-0.33,0.03,397.1,337.1,241.2,400,350,250,1473,1465,1479,1464
2311,1155500,-0.8,0.2,-0.3,0.61,-0.33,0.03,394.0,335.8,238.2,400,350,250,1493,1442,1453,1491
2312,1156000,-0.8,0.2,-0.3,0.64,-0.33,0.04,396.0,335.8,240.6,400,350,250,1475,1473,1481,1489
2313,1156500,-0.8,0.2,-0.3,0.66,-0.32,0.04,411.9,336.2,248.6,400,350,250,1463,1479,1461,1476
2314,1157000,-0.8,0.2,-0.3,0.68,-0.32,0.04,412.7,351.6,257.4,400,350,250,1485,1460,1474,1490
2315,1157500,-0.8,0.2,-0.3,0.7,-0.32,0.05,421.6,361.8,259.4,400,350,250,1466,1490,1475,1479
2316,1158000,-0.7,0.2,-0.3,0.71,-0.31,0.05,419.5,365.1,266.6,400,350,250,1460,1480,1469,1471
2317,1158500,-0.7,0.2,-0.3,0.73,-0.31,0.05,422.1,361.3,262.8,400,350,250,1458,1468,1473,1456
2318,1159000,-0.7,0.2,-0.3,0.74,-0.3,0.05,412.8,365.7,258.2,400,350,250,1475,1457,1469,1478
2319,1159500,-0.7,0.2,-0.3,0.75,-0.3,0.06,408.6,343.0,253.7,400,350,250,1460,1491,1473,1498
2320,1160000,-0.7,0.2,-0.3,0.77,-0.29,0.06,401.9,337.4,249.9,400,350,250,1466,1472,1475,1456
2321,1160500,-0.6,0.2,-0.2,0.78,-0.29,0.06,399.7,337.4,236.7,400,350,250,1454,1481,1491,1480
2322,1161000,-0.6,0.2,-0.2,0.79,-0.28,0.06,393.9,333.2,243.1,400,350,250,1482,1462,1464,1443
2323,1161500,-0.6,0.1,-0.2,0.79,-0.28,0.06,399.3,348.4,240.5,400,350,250,1479,1485,1470,1506
2324,1162000,-0.6,0.1,-0.2,0.8,-0.28,0.07,396.1,339.2,252.6,400,350,250,1487,1484,1471,1472
2325,1162500,-0.6,0.1,-0.2,0.81,-0.27,0.07,407.6,351.6,251.3,400,350,250,1487,1499,1465,1458
2326,1163000,-0.5,0.1,-0.2,0.81,-0.27,0.07,414.1,366.9,256.9,400,350,250,1493,1463,1461,1488
2327,1163500,-0.5,0.1,-0.2,0.81,-0.26,0.07,417.2,361.2,267.8,400,350,250,1488,1476,1494,1462
2328,1164000,-0.5,0.1,-0.2,0.81,-0.26,0.07,416.4,365.0,268.1,400,350,250,1446,1468,1483,1470
2329,1164500,-0.5,0.1,-0.2,0.82,-0.25,0.07,422.3,353.1,263.3,400,350,250,1460,1448,1469,1471
2330,1165000,-0.5,0.1,-0.2,0.82,-0.24,0.07,407.1,350.4,259.5,400,350,250,1456,1463,1450,1488
2331,1165500,-0.4,0.1,-0.2,0.81,-0.24,0.08,395.2,352.2,245.3,400,350,250,1471,1496,1456,1492
2332,1166000,-0.4,0.1,-0.2,0.81,-0.23,0.08,389.7,337.6,244.7,400,350,250,1476,1476,1476,1493
2333,1166500,-0.4,0.1,-0.2,0.81,-0.23,0.08,384.4,333.4,242.7,400,350,250,1450,1461,1506,1492
2334,1167000,-0.4,0.1,-0.2,0.81,-0.22,0.08,393.1,336.9,238.9,400,350,250,1458,1458,1456,1453
2335,1167500,-0.4,0.1,-0.2,0.8,-0.22,0.08,395.6,342.3,239.9,400,350,250,1472,1451,1476,1466
2336,1168000,-0.3,0.1,-0.2,0.8,-0.21,0.08,401.2,348.2,255.2,400,350,250,1474,1461,1473,1476
2337,1168500,-0.3,0.1,-0.2,0.79,-0.21,0.08,410.7,358.6,254.2,400,350,250,1453,1480,1454,1477
2338,1169000,-0.3,0.1,-0.2,0.78,-0.2,0.08,424.3,365.4,257.5,400,350,250,1458,1475,1466,1480
2339,1169500,-0.3,0.1,-0.2,0.77,-0.2,0.08,417.3,364.1,267.9,400,350,250,1448,1487,1450,1456
2340,1170000,-0.3,0.0,-0.2,0.77,-0.19,0.08,405.6,361.6,265.7,400,350,250,1464,1452,1437,1477
2341,1170500,-0.3,0.0,-0.2,0.76,-0.19,0.08,405.0,355.3,260.3,400,350,250,1468,1476,1493,1480
2342,1171000,-0.2,0.0,-0.2,0.75,-0.18,0.08,398.7,349.7,251.4,400,350,250,1456,1478,1463,1472
2343,1171500,-0.2,0.0,-0.2,0.74,-0.18,0.09,398.0,350.9,242.9,400,350,250,1479,1502,1491,1474
2344,1172000,-0.2,0.0,-0.2,0.72,-0.17,0.09,387.4,338.7,237.9,400,350,250,1462,1444,1464,1440
2345,1172500,-0.2,0.0,-0.2,0.71,-0.17,0.09,392.5,338.4,237.1,400,350,250,1469,1470,1465,1473
2346,1173000,-0.2,0.0,-0.2,0.7,-0.16,0.09,389.8,340.6,237.8,400,350,250,1469,1492,1456,1457
2347,1173500,-0.1,0.0,-0.2,0.69,-0.16,0.09,399.7,345.4,247.0,400,350,250,1471,1462,1460,1476
2348,1174000,-0.1,0.0,-0.2,0.67,-0.15,0.09,403.4,354.0,255.1,400,350,250,1502,1469,1489,1470
2349,1174500,-0.1,0.0,-0.2,0.66,-0.15,0.09,418.4,361.7,257.1,400,350,250,1490,1459,1482,1456
2350,1175000,-0.1,0.0,-0.2,0.65,-0.14,0.09,414.7,363.1,269.8,400,350,250,1435,1440,1483,1478
2351,1175500,-0.1,0.0,-0.2,0.63,-0.14,0.09,412.0,363.6,258.2,400,350,250,1462,1457,1480,1471
2352,1176000,-0.1,-0.0,-0.2,0.62,-0.13,0.09,410.3,365.1,259.6,400,350,250,1479,1464,1474,1463
2353,1176500,-0.0,-0.0,-0.2,0.6,-0.13,0.09,410.6,352.7,264.5,400,350,250,1478,1454,1460,1487
2354,1177000,-0.0,-0.0,-0.2,0.59,-0.12,0.09,403.2,342.5,249.7,400,350,250,1476,1500,1477,1464
2355,1177500,-0.0,-0.0,-0.2,0.57,-0.12,0.09,395.0,341.4,239.4,400,350,250,1466,1463,1463,1468
2356,1178000,-0.0,-0.0,-0.2,0.56,-0.11,0.09,388.6,334.4,241.6,400,350,250,1443,1476,1474,1472
2357,1178500,0.0,-0.0,-0.2,0.54,-0.11,0.09,381.2,335.4,239.9,400,350,250,1472,1478,1444,1467
2358,1179000,0.0,-0.0,-0.2,0.52,-0.1,0.09,394.6,336.4,237.8,400,350,250,1459,1462,1462,1483
2359,1179500,0.0,-0.0,-0.2,0.51,-0.1,0.09,397.9,339.9,252.0,400,350,250,1467,1479,1465,1487
2360,1180000,0.0,-0.0,-0.2,0.49,-0.09,0.09,404.1,352.5,251.1,400,350,250,1480,1463,1439,1477
2361,1180500,0.1,-0.0,-0.2,0.47,-0.09,0.09,414.8,352.2,264.1,400,350,250,1474,1492,1482,1454
2362,1181000,0.1,-0.0,-0.2,0.46,-0.09,0.09,414.1,366.6,259.1,400,350,250,1487,1472,1478,1452
2363,1181500,0.1,-0.0,-0.2,0.44,-0.08,0.09,415.3,362.7,263.2,400,350,250,1465,1470,1443,1465
2364,1182000,0.1,-0.0,-0.2,0.42,-0.08,0.09,409.0,352.5,266.6,400,350,250,1504,1474,1465,1449
2365,1182500,0.1,-0.0,-0.2,0.41,-0.07,0.09,396.8,347.7,257.5,400,350,250,1451,1468,1458,1478
2366,1183000,0.1,-0.0,-0.2,0.39,-0.07,0.09,398.9,349.4,249.2,400,350,250,1481,1488,1451,1468
2367,1183500,0.1,-0.0,-0.2,0.37,-0.07,0.08,385.9,340.1,240.4,400,350,250,1465,1475,1445,1425
2368,1184000,0.1,-0.0,-0.2,0.35,-0.06,0.08,386.6,341.8,236.9,400,350,250,1487,1496,1465,1460
2369,1184500,0.1,-0.0,-0.2,0.34,-0.06,0.08,388.9,341.3,233.7,400,350,250,1470,1433,1448,1467
2370,1185000,0.1,-0.0,-0.1,0.32,-0.06,0.08,392.1,338.2,244.0,400,350,250,1483,1439,1472,1481
2371,1185500,0.2,-0.0,-0.1,0.3,-0.05,0.08,392.2,353.9,252.4,400,350,250,1458,1464,1462,1464
2372,1186000,0.2,-0.0,-0.1,0.29,-0.05,0.08,403.3,353.5,260.7,400,350,250,1489,1460,1485,1451
2373,1186500,0.2,-0.0,-0.1,0.27,-0.05,0.08,404.4,363.9,263.7,400,350,250,1469,1449,1456,1479
2374,1187000,0.2,-0.0,-0.1,0.26,-0.04,0.08,417.6,365.0,266.1,400,350,250,1423,1452,1483,1489
2375,1187500,0.2,-0.0,-0.1,0.24,-0.04,0.08,406.9,352.5,265.5,400,350,250,1443,1456,1453,1457
2376,1188000,0.2,-0.0,-0.1,0.22,-0.04,0.08,401.6,360.6,259.6,400,350,250,1443,1439,1494,1469
2377,1188500,0.2,-0.0,-0.1,0.21,-0.03,0.08,399.7,344.5,260.9,400,350,250,1446,1464,1466,1451
2378,1189000,0.2,-0.1,-0.1,0.19,-0.03,0.08,392.3,342.7,237.2,400,350,250,1441,1452,1454,1467
2379,1189500,0.2,-0.1,-0.1,0.18,-0.03,0.08,393.8,338.3,249.2,400,350,250,1454,1464,1457,1436
2380,1190000,0.2,-0.1,-0.1,0.16,-0.02,0.08,384.5,336.8,234.9,400,350,250,1473,1466,1457,1448
2381,1190500,0.2,-0.1,-0.1,0.15,-0.02,0.08,388.0,336.0,236.7,400,350,250,1453,1476,1456,1459
2382,1191000,0.2,-0.1,-0.1,0.13,-0.02,0.08,390.0,346.7,244.0,400,350,250,1474,1458,1474,1455
2383,1191500,0.2,-0.1,-0.1,0.12,-0.02,0.08,395.2,352.1,250.8,400,350,250,1453,1483,1452,1449
2384,1192000,0.2,-0.1,-0.1,0.1,-0.01,0.08,403.1,363.4,252.7,400,350,250,1478,1467,1455,1454
2385,1192500,0.2,-0.1,-0.1,0.09,-0.01,0.08,406.7,354.2,259.2,400,350,250,1439,1436,1453,1470
2386,1193000,0.2,-0.1,-0.1,0.08,-0.01,0.07,407.3,362.7,261.3,400,350,250,1457,1464,1479,1467
2387,1193500,0.2,-0.1,-0.1,0.06,-0.01,0.07,410.9,366.9,265.7,400,350,250,1465,1469,1470,1444
2388,1194000,0.2,-0.1,-0.1,0.05,-0.0,0.07,400.6,357.6,250.5,400,350,250,1456,1453,1465,1468
2389,1194500,0.2,-0.1,-0.1,0.04,-0.0,0.07,403.1,341.0,252.0,400,350,250,1463,1482,1449,1466
2390,1195000,0.2,-0.1,-0.1,0.03,-0.0,0.07,390.1,340.2,245.0,400,350,250,1474,1452,1461,1473
2391,1195500,0.2,-0.1,-0.1,0.01,0.0,0.07,385.8,337.6,241.1,400,350,250,1464,1465,1475,1466
2392,1196000,0.2,-0.1,-0.1,0.0,0.0,0.07,379.9,331.3,237.5,400,350,250,1485,1457,1452,1461
2393,1196500,0.2,-0.1,-0.1,-0.01,0.01,0.07,389.2,344.0,235.2,400,350,250,1468,1462,1468,1475
2394,1197000,0.2,-0.1,-0.1,-0.02,0.01,0.07,383.0,348.5,246.6,400,350,250,1447,1455,1475,1435
2395,1197500,0.2,-0.1,-0.1,-0.03,0.01,0.07,402.2,353.9,259.0,400,350,250,1444,1449,1470,1454
2396,1198000,0.2,-0.1,-0.1,-0.04,0.01,0.07,406.1,347.3,266.9,400,350,250,1430,1432,1466,1463
2397,1198500,0.2,-0.1,-0.1,-0.05,0.01,0.07,406.4,353.5,265.1,400,350,250,1459,1444,1457,1449
2398,1199000,0.2,-0.1,-0.1,-0.06,0.01,0.07,406.7,366.8,263.8,400,350,250,1458,1438,1447,1451
2399,1199500,0.2,-0.1,-0.1,-0.07,0.01,0.07,406.8,362.7,262.5,400,350,250,1452,1455,1461,1473
2400,1200000,0.2,-0.1,-0.1,-0.08,0.02,0.07,399.6,360.9,260.3,400,350,250,1469,1447,1460,1485
2401,1200500,0.2,-0.1,-0.1,-0.08,0.02,0.06,392.4,353.0,249.8,400,350,250,1478,1459,1467,1447
2402,1201000,0.2,-0.1,-0.1,-0.09,0.02,0.06,388.9,350.6,239.0,400,350,250,1449,1451,1438,1463
2403,1201500,0.2,-0.1,-0.1,-0.1,0.02,0.06,381.8,339.0,238.8,400,350,250,1423,1459,1432,1457
2404,1202000,0.2,-0.0,-0.1,-0.11,0.02,0.06,375.8,335.7,240.8,400,350,250,1460,1470,1481,1464
2405,1202500,0.2,-0.0,-0.1,-0.12,0.02,0.06,386.4,338.7,242.7,400,350,250,1436,1440,1453,1483
2406,1203000,0.2,-0.0,-0.1,-0.12,0.02,0.06,387.2,345.6,241.6,400,350,250,1467,1458,1455,1466
2407,1203500,0.2,-0.0,-0.1,-0.13,0.02,0.06,397.6,344.1,260.0,400,350,250,1452,1460,1464,1443
2408,1204000,0.2,-0.0,-0.1,-0.13,0.02,0.06,402.7,354.4,259.4,400,350,250,1461,1456,1435,1441
2409,1204500,0.2,-0.0,-0.1,-0.14,0.03,0.06,403.8,356.3,259.4,400,350,250,1457,1462,1427,1465
2410,1205000,0.2,-0.0,-0.1,-0.15,0.03,0.06,412.2,370.3,266.8,400,350,250,1432,1459,1458,1457
2411,1205500,0.2,-0.0,-0.1,-0.15,0.03,0.06,406.8,366.9,262.8,400,350,250,1444,1427,1449,1433
2412,1206000,0.2,-0.0,-0.1,-0.15,0.03,0.06,398.9,364.1,256.9,400,350,250,1469,1468,1465,1446
2413,1206500,0.2,-0.0,-0.1,-0.16,0.03,0.06,394.0,349.8,251.8,400,350,250,1450,1449,1454,1432
2414,1207000,0.2,-0.0,-0.1,-0.16,0.03,0.06,395.9,339.7,244.7,400,350,250,1440,1471,1445,1438
2415,1207500,0.2,-0.0,-0.1,-0.17,0.03,0.05,386.1,342.6,235.0,400,350,250,1433,1445,1462,1408
2416,1208000,0.2,-0.0,-0.1,-0.17,0.03,0.05,388.7,347.1,236.9,400,350,250,1468,1449,1425,1445
2417,1208500,0.2,-0.0,-0.1,-0.17,0.03,0.05,389.8,334.5,238.4,400,350,250,1441,1459,1486,1454
2418,1209000,0.2,-0.0,-0.1,-0.18,0.03,0.05,386.2,350.6,242.3,400,350,250,1446,1458,1464,1454
2419,1209500,0.2,-0.0,-0.1,-0.18,0.03,0.05,399.5,350.1,245.2,400,350,250,1462,1466,1439,1425
2420,1210000,0.1,-0.0,-0.1,-0.18,0.03,0.05,401.6,357.1,261.5,400,350,250,1456,1403,1443,1451
2421,1210500,0.1,-0.0,-0.1,-0.18,0.03,0.05,410.5,354.9,260.1,400,350,250,1452,1463,1462,1477
2422,1211000,0.1,-0.0,-0.1,-0.18,0.03,0.05,408.6,361.8,261.5,400,350,250,1459,1478,1454,1452
2423,1211500,0.1,-0.0,-0.1,-0.19,0.03,0.05,406.9,357.0,270.0,400,350,250,1448,1473,1461,1444
2424,1212000,0.1,-0.0,-0.1,-0.19,0.03,0.05,407.1,354.6,260.4,400,350,250,1449,1460,1471,1441
2425,1212500,0.1,-0.0,-0.1,-0.19,0.03,0.05,404.0,353.4,250.3,400,350,250,1453,1470,1451,1466
2426,1213000,0.1,-0.0,-0.1,-0.19,0.03,0.05,395.0,351.0,245.0,400,350,250,1446,1458,1415,1441
2427,1213500,0.1,-0.0,-0.1,-0.19,0.03,0.05,395.4,337.2,248.5,400,350,250,1472,1443,1438,1457
2428,1214000,0.1,-0.0,-0.1,-0.19,0.03,0.05,389.5,345.2,243.6,400,350,250,1439,1461,1442,1464
2429,1214500,0.1,-0.0,-0.1,-0.19,0.03,0.04,389.2,343.7,238.5,400,350,250,1460,1430,1434,1458
2430,1215000,0.1,-0.0,-0.1,-0.19,0.03,0.04,390.9,346.0,250.9,400,350,250,1440,1431,1433,1439
2431,1215500,0.1,-0.0,-0.1,-0.19,0.03,0.04,401.7,349.1,247.1,400,350,250,1457,1447,1451,1449
2432,1216000,0.1,-0.0,-0.1,-0.19,0.03,0.04,397.6,358.0,255.0,400,350,250,1484,1449,1440,1450
2433,1216500,0.1,-0.0,-0.0,-0.19,0.03,0.04,405.8,359.4,258.7,400,350,250,1452,1435,1446,1442
2434,1217000,0.1,-0.0,-0.0,-0.18,0.03,0.04,407.7,362.7,265.5,400,350,250,1460,1451,1447,1461
2435,1217500,0.1,-0.0,-0.0,-0.18,0.03,0.04,410.7,365.1,255.9,400,350,250,1429,1437,1463,1444
2436,1218000,0.1,-0.0,-0.0,-0.18,0.03,0.04,410.0,355.1,253.5,400,350,250,1492,1471,1476,1447
2437,1218500,0.1,-0.0,-0.0,-0.18,0.03,0.04,400.4,354.7,253.3,400,350,250,1439,1409,1450,1413
2438,1219000,0.1,-0.0,-0.0,-0.18,0.03,0.04,394.4,341.3,255.3,400,350,250,1427,1440,1453,1441
2439,1219500,0.1,-0.0,-0.0,-0.18,0.03,0.04,392.2,345.2,239.5,400,350,250,1453,1445,1427,1452
2440,1220000,0.1,-0.0,-0.0,-0.17,0.03,0.04,383.1,342.7,238.3,400,350,250,1450,1460,1434,1434
2441,1220500,0.1,-0.0,-0.0,-0.17,0.03,0.04,393.2,340.4,239.9,400,350,250,1416,1447,1431,1437
2442,1221000,0.0,-0.0,-0.0,-0.17,0.03,0.04,383.1,333.7,238.7,400,350,250,1452,1438,1444,1446
2443,1221500,0.0,-0.0,-0.0,-0.17,0.03,0.04,400.7,343.1,246.4,400,350,250,1485,1446,1457,1427
2444,1222000,0.0,-0.0,-0.0,-0.16,0.03,0.04,396.9,350.1,263.9,400,350,250,1436,1466,1438,1426
2445,1222500,0.0,-0.0,-0.0,-0.16,0.03,0.03,399.5,358.2,262.5,400,350,250,1433,1439,1428,1434
2446,1223000,0.0,-0.0,-0.0,-0.16,0.03,0.03,415.2,359.6,257.7,400,350,250,1455,1448,1445,1475
2447,1223500,0.0,-0.0,-0.0,-0.15,0.03,0.03,413.9,367.4,258.1,400,350,250,1443,1465,1455,1459
2448,1224000,0.0,-0.0,-0.0,-0.15,0.03,0.03,404.5,359.9,267.7,400,350,250,1468,1398,1415,1464
2449,1224500,0.0,-0.0,-0.0,-0.15,0.03,0.03,409.4,361.5,244.9,400,350,250,1445,1457,1462,1429
2450,1225000,0.0,-0.0,-0.0,-0.14,0.03,0.03,404.0,353.6,248.2,400,350,250,1469,1463,1458,1436
2451,1225500,0.0,-0.0,-0.0,-0.14,0.03,0.03,395.1,343.9,251.4,400,350,250,1480,1431,1473,1451
2452,1226000,0.0,-0.0,-0.0,-0.14,0.03,0.03,386.4,336.6,245.8,400,350,250,1449,1433,1441,1437
2453,1226500,0.0,-0.0,-0.0,-0.13,0.03,0.03,387.0,344.8,235.0,400,350,250,1438,1396,1450,1458
2454,1227000,0.0,-0.0,-0.0,-0.13,0.03,0.03,396.8,336.3,237.6,400,350,250,1437,1424,1443,1431
2455,1227500,-0.0,-0.0,-0.0,-0.13,0.02,0.03,391.8,343.3,246.2,400,350,250,1443,1481,1447,1451
2456,1228000,-0.0,-0.0,-0.0,-0.12,0.02,0.03,400.5,348.3,252.6,400,350,250,1445,1422,1434,1465
2457,1228500,-0.0,-0.0,-0.0,-0.12,0.02,0.03,398.1,361.9,255.5,400,350,250,1446,1462,1445,1435
2458,1229000,-0.0,-0.0,-0.0,-0.11,0.02,0.03,400.8,357.3,255.1,400,350,250,1453,1443,1427,1460
2459,1229500,-0.0,-0.0,-0.0,-0.11,0.02,0.03,416.4,371.5,263.9,400,350,250,1422,1444,1453,1456
2460,1230000,-0.0,-0.0,-0.0,-0.11,0.02,0.03,406.8,364.3,265.1,400,350,250,1448,1416,1434,1439
2461,1230500,-0.0,-0.0,-0.0,-0.1,0.02,0.03,408.2,362.6,257.6,400,350,250,1413,1408,1448,1429
2462,1231000,-0.0,-0.0,-0.0,-0.1,0.02,0.03,403.5,358.3,251.5,400,350,250,1441,1418,1422,1450
2463,1231500,-0.0,-0.0,-0.0,-0.09,0.02,0.03,402.4,344.6,246.8,400,350,250,1445,1434,1441,1435
2464,1232000,-0.0,-0.0,-0.0,-0.09,0.02,0.03,394.4,339.7,240.0,400,350,250,1419,1428,1417,1438
2465,1232500,-0.0,-0.0,-0.0,-0.09,0.02,0.02,392.7,333.0,235.0,400,350,250,1428,1447,1435,1435
2466,1233000,-0.0,-0.0,-0.0,-0.08,0.02,0.02,383.9,336.6,236.3,400,350,250,1427,1461,1448,1437
2467,1233500,-0.0,-0.0,-0.0,-0.08,0.02,0.02,391.6,349.4,242.8,400,350,250,1431,1439,1457,1447
2468,1234000,-0.0,-0.0,-0.0,-0.08,0.02,0.02,393.9,345.2,240.3,400,350,250,1434,1433,1436,1460
2469,1234500,-0.0,-0.0,-0.0,-0.07,0.02,0.02,401.3,355.6,251.0,400,350,250,1416,1458,1431,1437
2470,1235000,-0.0,-0.0,-0.0,-0.07,0.02,0.02,411.5,362.5,257.5,400,350,250,1459,1431,1449,1425
2471,1235500,-0.0,-0.0,-0.0,-0.06,0.02,0.02,415.4,358.6,263.9,400,350,250,1420,1461,1463,1435
2472,1236000,-0.0,-0.0,-0.0,-0.06,0.02,0.02,413.2,358.7,261.9,400,350,250,1416,1449,1437,1456
2473,1236500,-0.0,-0.0,-0.0,-0.06,0.02,0.02,411.7,360.3,258.0,400,350,250,1448,1436,1420,1415
2474,1237000,-0.0,-0.0,-0.0,-0.05,0.02,0.02,411.5,356.8,257.1,400,350,250,1429,1430,1438,1441
2475,1237500,-0.0,-0.0,-0.0,-0.05,0.02,0.02,397.0,361.6,255.5,400,350,250,1408,1439,1455,1427
2476,1238000,-0.0,-0.0,-0.0,-0.05,0.01,0.02,390.3,347.7,243.1,400,350,250,1437,1463,1437,1458
2477,1238500,-0.0,-0.0,-0.0,-0.04,0.01,0.02,387.7,333.0,239.1,400,350,250,1431,1447,1444,1406
2478,1239000,-0.0,-0.0,-0.0,-0.04,0.01,0.02,383.7,336.0,235.0,400,350,250,1427,1432,1439,1414
2479,1239500,-0.0,-0.0,-0.0,-0.04,0.01,0.02,384.7,334.3,243.1,400,350,250,1434,1414,1444,1451
2480,1240000,-0.0,-0.0,-0.0,-0.03,0.01,0.02,384.9,336.1,243.1,400,350,250,1437,1446,1461,1446
2481,1240500,-0.0,-0.0,-0.0,-0.03,0.01,0.02,400.9,344.2,252.2,400,350,250,1425,1441,1405,1430
2482,1241000,-0.0,0.0,-0.0,-0.03,0.01,0.02,406.0,348.5,250.5,400,350,250,1402,1430,1415,1437
2483,1241500,-0.1,0.0,-0.0,-0.02,0.01,0.02,406.3,355.0,256.6,400,350,250,1429,1435,1431,1453
2484,1242000,-0.1,0.0,-0.0,-0.02,0.01,0.02,416.3,351.1,267.1,400,350,250,1432,1441,1421,1444
2485,1242500,-0.1,0.0,-0.0,-0.02,0.01,0.02,415.3,360.1,257.9,400,350,250,1443,1442,1421,1402
2486,1243000,-0.1,0.0,-0.0,-0.01,0.01,0.02,406.4,362.1,265.8,400,350,250,1420,1426,1418,1440
2487,1243500,-0.1,0.0,-0.0,-0.01,0.01,0.02,403.4,363.0,258.6,400,350,250,1431,1428,1450,1428
2488,1244000,-0.1,0.0,-0.0,-0.01,0.01,0.02,399.3,350.7,254.7,400,350,250,1456,1429,1415,1420
2489,1244500,-0.1,0.0,-0.0,-0.0,0.01,0.02,394.3,347.1,233.8,400,350,250,1444,1440,1437,1411
2490,1245000,-0.1,0.0,-0.0,-0.0,0.01,0.01,390.9,337.8,236.2,400,350,250,1443,1453,1436,1443
2491,1245500,-0.1,0.0,-0.0,0.0,0.01,0.01,392.3,337.9,236.1,400,350,250,1456,1424,1429,1438
2492,1246000,-0.1,0.0,-0.0,0.0,0.01,0.01,387.3,334.4,243.0,400,350,250,1433,1423,1424,1442
2493,1246500,-0.1,0.0,-0.0,0.01,0.01,0.01,395.5,342.6,246.5,400,350,250,1433,1457,1447,1415
2494,1247000,-0.1,0.0,-0.0,0.01,0.01,0.01,397.2,348.3,247.1,400,350,250,1417,1440,1431,1410
2495,1247500,-0.1,0.0,-0.0,0.01,0.01,0.01,398.2,351.5,256.8,400,350,250,1432,1435,1447,1429
2496,1248000,-0.1,0.0,-0.0,0.01,0.01,0.01,408.9,357.8,262.1,400,350,250,1422,1438,1421,1434
2497,1248500,-0.1,0.0,-0.0,0.01,0.01,0.01,416.5,358.5,263.6,400,350,250,1433,1435,1440,1433
2498,1249000,-0.1,0.0,-0.0,0.02,0.01,0.01,414.9,369.5,259.7,400,350,250,1415,1443,1437,1462
2499,1249500,-0.0,0.0,-0.0,0.02,0.01,0.01,408.1,363.1,258.0,400,350,250,1425,1422,1420,1417
2500,1250000,-80.0,-69.9,-50.0,3.94,2.53,0.81,404.1,354.3,255.9,-400,-350,-250,1443,1418,1430,1419
2501,1250500,-79.8,-69.8,-49.9,7.74,4.95,1.58,400.8,344.6,248.0,-400,-350,-250,1420,1447,1413,1413
2502,1251000,-79.5,-69.6,-49.9,11.42,7.29,2.33,387.6,339.0,239.7,-400,-350,-250,1447,1423,1399,1428
2503,1251500,-79.1,-69.4,-49.8,14.98,9.53,3.05,375.5,331.3,236.0,-400,-350,-250,1417,1424,1425,1439
2504,1252000,-78.6,-69.1,-49.7,18.42,11.69,3.74,384.2,325.9,233.3,-400,-350,-250,1447,1456,1442,1427
2505,1252500,-78.1,-68.8,-49.6,21.73,13.75,4.41,377.2,326.5,239.4,-400,-350,-250,1422,1411,1450,1416
2506,1253000,-77.5,-68.4,-49.5,24.92,15.73,5.05,362.6,325.9,233.2,-400,-350,-250,1439,1431,1426,1422
2507,1253500,-76.8,-67.9,-49.3,27.98,17.63,5.67,370.5,331.7,244.9,-400,-350,-250,1410,1454,1431,1455
2508,1254000,-76.0,-67.4,-49.2,30.92,19.44,6.27,365.0,324.4,238.3,-400,-350,-250,1419,1447,1422,1454
2509,1254500,-75.2,-66.9,-49.0,33.73,21.17,6.84,354.4,329.7,247.7,-400,-350,-250,1409,1434,1423,1424
2510,1255000,-74.2,-66.3,-48.8,36.42,22.81,7.4,345.8,320.6,247.2,-400,-350,-250,1426,1417,1459,1423
2511,1255500,-73.3,-65.7,-48.6,38.99,24.38,7.93,345.7,318.3,253.6,-400,-350,-250,1437,1443,1406,1430
2512,1256000,-72.2,-65.1,-48.4,41.44,25.87,8.43,332.1,313.6,242.0,-400,-350,-250,1430,1414,1422,1434
2513,1256500,-71.1,-64.4,-48.2,43.76,27.28,8.92,315.4,296.8,237.4,-400,-350,-250,1433,1434,1411,1421
2514,1257000,-70.0,-63.7,-48.0,45.96,28.62,9.39,295.9,283.1,239.5,-400,-350,-250,1446,1438,1423,1440
2515,1257500,-68.8,-62.9,-47.7,48.03,29.88,9.84,288.9,279.0,224.8,-400,-350,-250,1413,1463,1439,1440
2516,1258000,-67.5,-62.2,-47.5,49.99,31.07,10.27,267.2,263.4,213.4,-400,-350,-250,1401,1453,1466,1434
2517,1258500,-66.2,-61.4,-47.2,51.83,32.19,10.68,253.1,251.5,213.0,-400,-350,-250,1425,1425,1436,1401
2518,1259000,-64.9,-60.5,-46.9,53.56,33.24,11.07,243.0,242.0,209.7,-400,-350,-250,1436,1450,1452,1408
2519,1259500,-63.5,-59.7,-46.6,55.16,34.22,11.44,222.7,238.7,201.0,-400,-350,-250,1435,1424,1415,1439
2520,1260000,-62.1,-58.8,-46.3,56.65,35.13,11.8,213.7,231.0,209.5,-400,-350,-250,1439,1423,1421,1429
2521,1260500,-60.7,-57.9,-46.0,58.03,35.99,12.14,207.0,223.5,215.9,-400,-350,-250,1433,1442,1427,1433
2522,1261000,-59.2,-57.0,-45.7,59.3,36.77,12.46,192.4,221.3,206.8,-400,-350,-250,1443,1415,1445,1432
2523,1261500,-57.7,-56.0,-45.4,60.45,37.5,12.77,185.7,220.8,211.7,-400,-350,-250,1418,1430,1435,1418
2524,1262000,-56.1,-55.1,-45.1,61.5,38.17,13.06,167.2,217.5,208.5,-400,-350,-250,1436,1402,1411,1395
2525,1262500,-54.6,-54.1,-44.7,62.44,38.78,13.34,159.1,203.5,220.7,-400,-350,-250,1452,1426,1394,1421
2526,1263000,-53.0,-53.1,-44.4,63.28,39.33,13.6,137.8,189.7,201.5,-400,-350,-250,1409,1419,1453,1416
2527,1263500,-51.4,-52.1,-44.1,64.02,39.83,13.85,113.9,168.2,189.7,-400,-350,-250,1441,1430,1416,1418
2528,1264000,-49.8,-51.1,-43.7,64.65,40.27,14.09,96.8,154.9,179.8,-400,-350,-250,1419,1386,1441,1411
2529,1264500,-48.1,-50.1,-43.3,65.19,40.66,14.31,75.7,142.2,178.8,-400,-350,-250,1415,1461,1431,1420
2530,1265000,-46.5,-49.1,-43.0,65.63,41.0,14.51,54.5,120.8,163.6,-400,-350,-250,1392,1419,1456,1428
2531,1265500,-44.8,-48.0,-42.6,65.98,41.29,14.71,30.7,112.3,165.7,-400,-350,-250,1432,1420,1444,1427
2532,1266000,-43.2,-47.0,-42.2,66.24,41.53,14.89,30.1,113.8,170.8,-400,-350,-250,1383,1433,1434,1444
2533,1266500,-41.5,-46.0,-41.9,66.41,41.73,15.06,12.4,105.8,164.7,-400,-350,-250,1425,1431,1446,1398
2534,1267000,-39.9,-44.9,-41.5,66.49,41.88,15.22,-3.0,93.5,162.6,-400,-350,-250,1426,1424,1428,1432
2535,1267500,-38.2,-43.9,-41.1,66.49,41.99,15.36,-10.5,92.9,166.2,-400,-350,-250,1406,1415,1420,1428
2536,1268000,-36.5,-42.8,-40.7,66.41,42.06,15.5,-31.1,92.5,166.6,-400,-350,-250,1398,1419,1430,1422
2537,1268500,-34.9,-41.8,-40.3,66.25,42.09,15.62,-40.8,75.9,166.1,-400,-350,-250,1423,1426,1415,1440
2538,1269000,-33.2,-40.7,-39.9,66.01,42.08,15.74,-63.5,68.5,154.1,-400,-350,-250,1392,1423,1434,1416
2539,1269500,-31.6,-39.7,-39.5,65.7,42.03,15.84,-73.8,54.2,158.4,-400,-350,-250,1411,1429,1425,1397
2540,1270000,-30.0,-38.6,-39.1,65.31,41.94,15.93,-92.2,37.5,140.3,-400,-350,-250,1411,1433,1414,1431
2541,1270500,-28.3,-37.6,-38.7,64.86,41.82,16.02,-122.2,24.6,128.5,-400,-350,-250,1415,1440,1412,1423
2542,1271000,-26.7,-36.5,-38.3,64.34,41.67,16.09,-147.0,14.9,125.2,-400,-350,-250,1427,1414,1404,1414
2543,1271500,-25.1,-35.5,-37.9,63.76,41.48,16.16,-160.6,-10.1,118.0,-400,-350,-250,1405,1412,1377,1405
2544,1272000,-23.6,-34.5,-37.5,63.12,41.27,16.22,-175.4,-16.5,112.0,-400,-350,-250,1426,1444,1425,1420
2545,1272500,-22.0,-33.4,-37.1,62.42,41.02,16.27,-191.1,-25.4,112.9,-400,-350,-250,1386,1451,1432,1426
2546,1273000,-20.5,-32.4,-36.7,61.66,40.75,16.31,-205.3,-33.6,106.5,-400,-350,-250,1439,1408,1395,1415
2547,1273500,-18.9,-31.4,-36.3,60.85,40.45,16.34,-216.3,-37.7,111.3,-400,-350,-250,1405,1396,1413,1399
2548,1274000,-17.4,-30.4,-35.9,59.99,40.12,16.37,-223.4,-42.1,110.3,-400,-350,-250,1421,1411,1443,1391
2549,1274500,-16.0,-29.4,-35.5,59.08,39.77,16.38,-236.6,-43.8,108.0,-400,-350,-250,1426,1415,1417,1397
2550,1275000,-14.5,-28.4,-35.1,58.13,39.4,16.39,-245.7,-55.3,103.2,-400,-350,-250,1418,1410,1384,1419
2551,1275500,-13.1,-27.4,-34.7,57.13,39.01,16.4,-258.7,-69.9,113.0,-400,-350,-250,1415,1401,1403,1422
2552,1276000,-11.7,-26.5,-34.3,56.09,38.59,16.39,-275.6,-72.3,97.4,-400,-350,-250,1421,1423,1425,1404
2553,1276500,-10.3,-25.5,-33.8,55.01,38.15,16.39,-294.6,-93.4,94.9,-400,-350,-250,1385,1458,1412,1435
2554,1277000,-9.0,-24.6,-33.4,53.9,37.7,16.37,-311.1,-98.0,83.9,-400,-350,-250,1432,1430,1421,1397
2555,1277500,-7.6,-23.7,-33.0,52.75,37.23,16.35,-326.4,-117.7,74.6,-400,-350,-250,1412,1427,1385,1425
2556,1278000,-6.3,-22.7,-32.6,51.58,36.74,16.32,-339.6,-134.2,71.6,-400,-350,-250,1409,1410,1411,1414
2557,1278500,-5.1,-21.8,-32.2,50.37,36.23,16.29,-363.7,-145.9,59.6,-400,-350,-250,1401,1415,1429,1403
2558,1279000,-3.9,-20.9,-31.8,49.14,35.72,16.25,-372.7,-155.4,51.4,-400,-350,-250,1415,1410,1430,1424
2559,1279500,-2.7,-20.1,-31.4,47.89,35.18,16.21,-382.5,-161.8,59.8,-400,-350,-250,1395,1404,1424,1421
2560,1280000,-1.5,-19.2,-31.0,46.61,34.64,16.16,-388.3,-164.3,57.0,-400,-350,-250,1432,1386,1423,1428
2561,1280500,-0.4,-18.3,-30.6,45.31,34.08,16.1,-400.5,-170.7,57.3,-400,-350,-250,1422,1414,1390,1418
2562,1281000,0.7,-17.5,-30.2,44.0,33.52,16.05,-402.9,-171.3,60.7,-400,-350,-250,1383,1415,1406,1421
2563,1281500,1.8,-16.7,-29.8,42.67,32.94,15.98,-409.9,-167.6,58.0,-400,-350,-250,1405,1390,1409,1413
2564,1282000,2.8,-15.9,-29.4,41.33,32.35,15.92,-411.1,-178.3,55.8,-400,-350,-250,1400,1416,1400,1392
2565,1282500,3.8,-15.1,-29.0,39.97,31.76,15.85,-425.3,-190.0,46.0,-400,-350,-250,1429,1431,1419,1389
2566,1283000,4.8,-14.3,-28.6,38.61,31.16,15.77,-442.8,-202.1,45.4,-400,-350,-250,1463,1425,1412,1400
2567,1283500,5.7,-13.5,-28.2,37.24,30.55,15.69,-458.4,-213.4,37.2,-400,-350,-250,1408,1420,1419,1396
2568,1284000,6.6,-12.8,-27.8,35.86,29.94,15.61,-464.3,-223.0,33.2,-400,-350,-250,1411,1406,1411,1429
2569,1284500,7.5,-12.1,-27.4,34.48,29.32,15.52,-478.9,-231.3,22.3,-400,-350,-250,1416,1447,1410,1409
2570,1285000,8.3,-11.3,-27.0,33.1,28.7,15.44,-489.1,-251.1,11.5,-400,-350,-250,1427,1398,1384,1391
2571,1285500,9.1,-10.6,-26.7,31.72,28.07,15.34,-498.5,-246.2,1.3,-400,-350,-250,1392,1393,1433,1423
2572,1286000,9.9,-9.9,-26.3,30.34,27.45,15.25,-507.6,-264.7,3.8,-400,-350,-250,1401,1419,1400,1392
2573,1286500,10.6,-9.3,-25.9,28.97,26.82,15.15,-516.2,-264.4,1.8,-400,-350,-250,1403,1425,1387,1382
2574,1287000,11.3,-8.6,-25.5,27.6,26.19,15.05,-514.8,-268.5,0.8,-400,-350,-250,1404,1418,1414,1430
2575,1287500,11.9,-8.0,-25.2,26.23,25.55,14.95,-521.9,-274.1,2.2,-400,-350,-250,1406,1406,1379,1416
2576,1288000,12.6,-7.4,-24.8,24.88,24.92,14.84,-513.1,-268.8,8.6,-400,-350,-250,1419,1414,1416,1426
2577,1288500,13.1,-6.8,-24.4,23.53,24.29,14.73,-519.8,-270.3,3.8,-400,-350,-250,1399,1415,1404,1419
2578,1289000,13.7,-6.2,-24.0,22.19,23.66,14.62,-534.2,-269.9,7.0,-400,-350,-250,1432,1415,1394,1404
2579,1289500,14.2,-5.6,-23.7,20.87,23.03,14.51,-536.0,-281.9,-2.2,-400,-350,-250,1412,1382,1387,1377
2580,1290000,14.7,-5.0,-23.3,19.56,22.4,14.4,-533.8,-289.9,-8.7,-400,-350,-250,1404,1383,1404,1403
2581,1290500,15.2,-4.5,-23.0,18.26,21.77,14.28,-551.6,-298.0,-24.8,-400,-350,-250,1411,1421,1421,1387
2582,1291000,15.6,-4.0,-22.6,16.98,21.15,14.16,-568.7,-306.9,-20.2,-400,-350,-250,1406,1405,1414,1424
2583,1291500,16.0,-3.4,-22.3,15.72,20.53,14.04,-566.1,-323.7,-33.2,-400,-350,-250,1414,1439,1409,1395
2584,1292000,16.3,-2.9,-21.9,14.47,19.92,13.92,-566.3,-325.0,-35.4,-400,-350,-250,1394,1400,1388,1406
2585,1292500,16.7,-2.5,-21.6,13.25,19.3,13.8,-573.4,-333.6,-45.9,-400,-350,-250,1411,1415,1406,1393
2586,1293000,17.0,-2.0,-21.2,12.04,18.7,13.67,-583.5,-334.6,-52.4,-400,-350,-250,1391,1416,1403,1403
2587,1293500,17.3,-1.5,-20.9,10.86,18.1,13.55,-580.0,-343.2,-55.7,-400,-350,-250,1421,1411,1433,1420
2588,1294000,17.5,-1.1,-20.6,9.69,17.5,13.42,-580.7,-344.3,-50.8,-400,-350,-250,1375,1418,1397,1422
2589,1294500,17.7,-0.7,-20.2,8.55,16.91,13.29,-574.8,-342.0,-39.8,-400,-350,-250,1393,1433,1402,1439
2590,1295000,17.9,-0.3,-19.9,7.43,16.33,13.17,-567.9,-342.9,-37.6,-400,-350,-250,1413,1412,1401,1406
2591,1295500,18.1,0.1,-19.6,6.33,15.75,13.04,-572.2,-342.5,-41.2,-400,-350,-250,1419,1425,1425,1405
2592,1296000,18.2,0.5,-19.2,5.26,15.18,12.91,-567.3,-344.6,-43.7,-400,-350,-250,1415,1412,1395,1389
2593,1296500,18.3,0.9,-18.9,4.22,14.61,12.78,-565.4,-351.0,-52.5,-400,-350,-250,1412,1400,1413,1426
2594,1297000,18.4,1.2,-18.6,3.2,14.05,12.64,-581.8,-354.0,-53.6,-400,-350,-250,1385,1417,1428,1407
2595,1297500,18.4,1.6,-18.3,2.2,13.5,12.51,-579.0,-363.3,-59.8,-400,-350,-250,1398,1406,1396,1395
2596,1298000,18.5,1.9,-18.0,1.24,12.96,12.38,-581.6,-370.8,-68.2,-400,-350,-250,1382,1388,1392,1434
2597,1298500,18.5,2.2,-17.7,0.3,12.43,12.25,-586.6,-369.6,-81.5,-400,-350,-250,1414,1410,1402,1414
2598,1299000,18.4,2.5,-17.4,-0.62,11.9,12.11,-594.5,-383.1,-93.1,-400,-350,-250,1389,1390,1430,1418
2599,1299500,18.4,2.8,-17.1,-1.5,11.38,11.98,-599.5,-387.3,-93.1,-400,-350,-250,1388,1391,1449,1406
2600,1300000,18.4,3.0,-16.8,-2.36,10.87,11.84,-594.7,-386.5,-91.9,-400,-350,-250,1388,1436,1437,1416
2601,1300500,18.3,3.3,-16.5,-3.19,10.37,11.71,-594.2,-391.3,-92.8,-400,-350,-250,1388,1443,1405,1396
2602,1301000,18.2,3.6,-16.2,-3.99,9.88,11.58,-586.5,-390.7,-101.6,-400,-350,-250,1406,1421,1407,1411
2603,1301500,18.1,3.8,-15.9,-4.77,9.4,11.44,-579.6,-393.4,-87.3,-400,-350,-250,1414,1388,1387,1395
2604,1302000,17.9,4.0,-15.6,-5.51,8.92,11.31,-578.2,-393.8,-89.1,-400,-350,-250,1394,1405,1421,1390
2605,1302500,17.8,4.2,-15.4,-6.23,8.46,11.17,-574.1,-382.9,-84.2,-400,-350,-250,1425,1417,1405,1404
2606,1303000,17.6,4.4,-15.1,-6.91,8.0,11.04,-571.2,-380.2,-84.7,-400,-350,-250,1401,1399,1409,1409
2607,1303500,17.4,4.6,-14.8,-7.57,7.55,10.9,-561.0,-383.5,-97.1,-400,-350,-250,1394,1378,1414,1440
2608,1304000,17.2,4.8,-14.5,-8.2,7.11,10.77,-566.6,-390.1,-95.3,-400,-350,-250,1392,1427,1405,1434
2609,1304500,17.0,5.0,-14.3,-8.8,6.69,10.64,-556.6,-393.4,-106.2,-400,-350,-250,1422,1398,1390,1399
2610,1305000,16.7,5.1,-14.0,-9.38,6.27,10.5,-563.7,-405.1,-111.6,-400,-350,-250,1414,1398,1414,1420
2611,1305500,16.5,5.3,-13.7,-9.92,5.86,10.37,-572.5,-412.8,-122.8,-400,-350,-250,1420,1409,1403,1395
2612,1306000,16.2,5.4,-13.5,-10.44,5.46,10.24,-567.4,-415.2,-113.7,-400,-350,-250,1406,1378,1416,1405
2613,1306500,16.0,5.5,-13.2,-10.92,5.07,10.11,-571.0,-417.2,-124.3,-400,-350,-250,1394,1423,1390,1414
2614,1307000,15.7,5.6,-13.0,-11.39,4.68,9.97,-573.7,-413.8,-135.0,-400,-350,-250,1397,1412,1389,1409
2615,1307500,15.4,5.7,-12.7,-11.82,4.31,9.84,-562.6,-411.1,-128.0,-400,-350,-250,1404,1397,1387,1421
2616,1308000,15.1,5.8,-12.5,-12.22,3.95,9.71,-556.5,-418.3,-133.0,-400,-350,-250,1372,1387,1393,1404
2617,1308500,14.8,5.9,-12.3,-12.6,3.6,9.58,-544.1,-406.1,-134.6,-400,-350,-250,1393,1408,1405,1399
2618,1309000,14.4,6.0,-12.0,-12.96,3.25,9.45,-542.6,-402.7,-125.3,-400,-350,-250,1395,1398,1396,1404
2619,1309500,14.1,6.1,-11.8,-13.28,2.92,9.32,-528.0,-401.9,-125.9,-400,-350,-250,1397,1397,1406,1410
2620,1310000,13.8,6.2,-11.6,-13.58,2.6,9.19,-520.1,-397.2,-130.1,-400,-350,-250,1386,1380,1403,1433
2621,1310500,13.4,6.2,-11.3,-13.86,2.28,9.07,-521.2,-403.2,-120.2,-400,-350,-250,1408,1386,1384,1420
2622,1311000,13.1,6.3,-11.1,-14.11,1.98,8.94,-518.3,-411.6,-132.6,-400,-350,-250,1406,1378,1398,1385
2623,1311500,12.7,6.3,-10.9,-14.33,1.68,8.81,-528.0,-409.5,-137.7,-400,-350,-250,1402,1372,1402,1392
2624,1312000,12.3,6.3,-10.7,-14.53,1.39,8.69,-528.8,-407.9,-144.2,-400,-350,-250,1403,1421,1403,1411
2625,1312500,12.0,6.4,-10.5,-14.71,1.11,8.56,-522.9,-419.9,-148.7,-400,-350,-250,1374,1404,1410,1403
2626,1313000,11.6,6.4,-10.2,-14.86,0.84,8.44,-526.8,-426.8,-158.6,-400,-350,-250,1393,1376,1425,1385
2627,1313500,11.2,6.4,-10.0,-15.0,0.58,8.32,-522.5,-426.6,-159.9,-400,-350,-250,1365,1382,1396,1396
2628,1314000,10.8,6.4,-9.8,-15.1,0.33,8.19,-518.3,-427.6,-159.8,-400,-350,-250,1399,1396,1396,1412
2629,1314500,10.5,6.4,-9.6,-15.19,0.09,8.07,-514.8,-417.9,-163.2,-400,-350,-250,1400,1396,1400,1403
2630,1315000,10.1,6.4,-9.4,-15.26,-0.14,7.95,-510.0,-417.7,-152.2,-400,-350,-250,1404,1397,1384,1384
2631,1315500,9.7,6.4,-9.2,-15.3,-0.37,7.83,-502.5,-415.2,-162.6,-400,-350,-250,1419,1389,1382,1382
2632,1316000,9.3,6.4,-9.0,-15.33,-0.59,7.71,-490.9,-411.8,-153.2,-400,-350,-250,1385,1400,1409,1391
2633,1316500,8.9,6.4,-8.9,-15.34,-0.8,7.6,-489.2,-405.8,-150.5,-400,-350,-250,1401,1395,1366,1418
2634,1317000,8.6,6.3,-8.7,-15.32,-1.0,7.48,-476.3,-408.1,-154.7,-400,-350,-250,1397,1395,1381,1430
2635,1317500,8.2,6.3,-8.5,-15.29,-1.19,7.37,-465.7,-398.0,-151.5,-400,-350,-250,1388,1377,1375,1410
2636,1318000,7.8,6.3,-8.3,-15.24,-1.37,7.25,-467.3,-396.2,-165.7,-400,-350,-250,1413,1401,1386,1407
2637,1318500,7.4,6.2,-8.1,-15.17,-1.55,7.14,-469.2,-406.0,-159.2,-400,-350,-250,1396,1398,1397,1409
2638,1319000,7.0,6.2,-7.9,-15.09,-1.72,7.02,-470.4,-416.5,-170.9,-400,-350,-250,1358,1422,1384,1393
2639,1319500,6.7,6.1,-7.8,-14.99,-1.88,6.91,-466.8,-416.0,-175.7,-400,-350,-250,1397,1393,1405,1390
2640,1320000,6.3,6.1,-7.6,-14.88,-2.03,6.8,-471.5,-422.7,-186.6,-400,-350,-250,1397,1398,1387,1411
2641,1320500,5.9,6.0,-7.4,-14.75,-2.18,6.69,-479.1,-417.3,-189.7,-400,-350,-250,1388,1389,1381,1388
2642,1321000,5.6,6.0,-7.3,-14.61,-2.32,6.58,-465.6,-411.8,-188.5,-400,-350,-250,1403,1405,1378,1399
2643,1321500,5.2,5.9,-7.1,-14.45,-2.45,6.48,-464.5,-416.7,-192.1,-400,-350,-250,1408,1379,1385,1404
2644,1322000,4.8,5.9,-7.0,-14.28,-2.58,6.37,-453.1,-414.0,-181.3,-400,-350,-250,1407,1392,1405,1379
2645,1322500,4.5,5.8,-6.8,-14.09,-2.69,6.26,-446.7,-411.4,-187.7,-400,-350,-250,1381,1407,1362,1389
2646,1323000,4.1,5.7,-6.6,-13.9,-2.81,6.16,-447.3,-409.0,-185.7,-400,-350,-250,1379,1382,1395,1420
2647,1323500,3.8,5.6,-6.5,-13.69,-2.91,6.06,-426.9,-403.0,-182.5,-400,-350,-250,1400,1379,1369,1405
2648,1324000,3.5,5.6,-6.3,-13.48,-3.01,5.95,-428.1,-391.7,-177.1,-400,-350,-250,1369,1395,1398,1391
2649,1324500,3.1,5.5,-6.2,-13.25,-3.1,5.85,-426.1,-400.5,-170.3,-400,-350,-250,1349,1376,1402,1417
2650,1325000,2.8,5.4,-6.1,-13.01,-3.19,5.75,-414.4,-393.3,-177.0,-400,-350,-250,1407,1382,1409,1394
2651,1325500,2.5,5.3,-5.9,-12.77,-3.27,5.66,-414.5,-392.1,-180.2,-400,-350,-250,1376,1413,1382,1386
2652,1326000,2.2,5.3,-5.8,-12.51,-3.34,5.56,-424.8,-402.7,-183.8,-400,-350,-250,1388,1388,1384,1399
2653,1326500,1.9,5.2,-5.6,-12.25,-3.41,5.46,-419.2,-405.6,-198.1,-400,-350,-250,1377,1394,1411,1397
2654,1327000,1.6,5.1,-5.5,-11.98,-3.47,5.37,-421.1,-408.8,-194.5,-400,-350,-250,1396,1388,1398,1398
2655,1327500,1.3,5.0,-5.4,-11.71,-3.53,5.27,-417.7,-401.6,-209.3,-400,-350,-250,1379,1381,1374,1418
2656,1328000,1.0,4.9,-5.2,-11.43,-3.58,5.18,-418.4,-407.3,-204.4,-400,-350,-250,1385,1401,1385,1400
2657,1328500,0.7,4.8,-5.1,-11.14,-3.63,5.09,-416.1,-404.2,-216.1,-400,-350,-250,1374,1377,1376,1394
2658,1329000,0.4,4.7,-5.0,-10.84,-3.67,4.99,-411.0,-409.1,-206.4,-400,-350,-250,1401,1379,1398,1409
2659,1329500,0.2,4.6,-4.9,-10.55,-3.71,4.9,-411.6,-413.0,-207.2,-400,-350,-250,1392,1397,1395,1387
2660,1330000,-0.1,4.5,-4.7,-10.24,-3.75,4.82,-403.3,-402.6,-198.9,-400,-350,-250,1410,1385,1375,1394
2661,1330500,-0.3,4.4,-4.6,-9.94,-3.77,4.73,-389.9,-393.7,-206.5,-400,-350,-250,1401,1391,1375,1384
2662,1331000,-0.6,4.3,-4.5,-9.63,-3.8,4.64,-388.6,-392.8,-198.8,-400,-350,-250,1406,1402,1405,1398
2663,1331500,-0.8,4.2,-4.4,-9.32,-3.82,4.56,-383.7,-381.5,-192.7,-400,-350,-250,1387,1394,1377,1387
2664,1332000,-1.0,4.2,-4.3,-9.01,-3.83,4.47,-380.9,-385.1,-194.9,-400,-350,-250,1419,1361,1379,1389
2665,1332500,-1.3,4.1,-4.2,-8.69,-3.84,4.39,-379.6,-379.1,-194.1,-400,-350,-250,1362,1384,1395,1394
2666,1333000,-1.5,4.0,-4.1,-8.37,-3.85,4.3,-369.0,-379.7,-195.3,-400,-350,-250,1377,1372,1378,1379
2667,1333500,-1.7,3.9,-4.0,-8.06,-3.86,4.22,-374.0,-379.8,-204.5,-400,-350,-250,1372,1388,1379,1380
2668,1334000,-1.9,3.8,-3.9,-7.74,-3.86,4.14,-386.7,-380.0,-207.6,-400,-350,-250,1429,1425,1386,1418
2669,1334500,-2.0,3.7,-3.8,-7.42,-3.85,4.06,-384.2,-378.7,-215.6,-400,-350,-250,1358,1385,1397,1410
2670,1335000,-2.2,3.6,-3.7,-7.1,-3.85,3.99,-381.0,-385.8,-219.7,-400,-350,-250,1362,1387,1372,1397
2671,1335500,-2.4,3.5,-3.6,-6.78,-3.84,3.91,-394.4,-398.6,-228.9,-400,-350,-250,1386,1400,1380,1365
2672,1336000,-2.6,3.4,-3.5,-6.47,-3.82,3.83,-387.5,-395.5,-221.8,-400,-350,-250,1386,1405,1342,1411
2673,1336500,-2.7,3.3,-3.4,-6.15,-3.81,3.76,-374.5,-395.2,-215.9,-400,-350,-250,1361,1398,1365,1375
2674,1337000,-2.9,3.2,-3.3,-5.84,-3.79,3.68,-377.3,-388.8,-223.8,-400,-350,-250,1381,1356,1360,1371
2675,1337500,-3.0,3.1,-3.2,-5.53,-3.77,3.61,-378.0,-386.8,-228.9,-400,-350,-250,1382,1391,1376,1403
2676,1338000,-3.1,3.0,-3.1,-5.22,-3.74,3.54,-367.5,-375.9,-222.0,-400,-350,-250,1386,1362,1355,1357
2677,1338500,-3.2,2.9,-3.0,-4.91,-3.72,3.47,-364.3,-373.3,-206.6,-400,-350,-250,1387,1377,1398,1384
2678,1339000,-3.4,2.8,-2.9,-4.61,-3.69,3.4,-358.0,-369.3,-208.4,-400,-350,-250,1406,1361,1384,1375
2679,1339500,-3.5,2.7,-2.8,-4.31,-3.66,3.33,-354.8,-357.4,-212.0,-400,-350,-250,1345,1395,1375,1368
2680,1340000,-3.6,2.6,-2.8,-4.01,-3.62,3.26,-344.7,-357.6,-207.5,-400,-350,-250,1386,1371,1404,1378
2681,1340500,-3.7,2.5,-2.7,-3.72,-3.59,3.2,-353.2,-366.9,-213.3,-400,-350,-250,1352,1363,1362,1349
2682,1341000,-3.7,2.5,-2.6,-3.43,-3.55,3.13,-361.0,-370.4,-218.5,-400,-350,-250,1380,1375,1397,1350
2683,1341500,-3.8,2.4,-2.5,-3.15,-3.51,3.07,-361.9,-372.6,-226.2,-400,-350,-250,1402,1379,1397,1389
2684,1342000,-3.9,2.3,-2.5,-2.87,-3.47,3.0,-364.6,-371.4,-233.7,-400,-350,-250,1362,1375,1345,1374
2685,1342500,-4.0,2.2,-2.4,-2.59,-3.43,2.94,-367.7,-385.5,-236.9,-400,-350,-250,1361,1416,1399,1389
2686,1343000,-4.0,2.1,-2.3,-2.32,-3.38,2.88,-368.4,-375.3,-236.0,-400,-350,-250,1399,1393,1412,1396
2687,1343500,-4.1,2.0,-2.2,-2.06,-3.34,2.82,-372.4,-378.7,-234.0,-400,-350,-250,1390,1413,1384,1374
2688,1344000,-4.1,1.9,-2.2,-1.8,-3.29,2.76,-365.7,-375.3,-238.8,-400,-350,-250,1387,1382,1383,1385
2689,1344500,-4.2,1.9,-2.1,-1.54,-3.24,2.7,-368.4,-374.0,-235.8,-400,-350,-250,1405,1384,1381,1361
2690,1345000,-4.2,1.8,-2.0,-1.29,-3.19,2.64,-353.9,-373.6,-236.4,-400,-350,-250,1375,1379,1377,1405
2691,1345500,-4.2,1.7,-2.0,-1.05,-3.14,2.58,-360.3,-368.5,-232.6,-400,-350,-250,1388,1354,1394,1373
2692,1346000,-4.2,1.6,-1.9,-0.81,-3.09,2.53,-359.5,-356.6,-232.3,-400,-350,-250,1389,1379,1368,1354
2693,1346500,-4.2,1.6,-1.8,-0.58,-3.04,2.47,-352.8,-354.9,-224.3,-400,-350,-250,1370,1392,1379,1379
2694,1347000,-4.3,1.5,-1.8,-0.36,-2.98,2.42,-350.9,-360.4,-224.0,-400,-350,-250,1382,1372,1382,1374
2695,1347500,-4.3,1.4,-1.7,-0.14,-2.93,2.36,-347.7,-353.5,-220.6,-400,-350,-250,1344,1377,1375,1371
2696,1348000,-4.3,1.3,-1.7,0.07,-2.88,2.31,-343.8,-349.1,-219.0,-400,-350,-250,1388,1384,1379,1389
2697,1348500,-4.2,1.3,-1.6,0.28,-2.82,2.26,-353.0,-356.0,-225.5,-400,-350,-250,1375,1358,1376,1371
2698,1349000,-4.2,1.2,-1.6,0.48,-2.76,2.21,-356.8,-356.2,-226.8,-400,-350,-250,1378,1359,1374,1374
2699,1349500,-4.2,1.1,-1.5,0.67,-2.71,2.16,-363.0,-364.7,-235.5,-400,-350,-250,1368,1383,1357,1386
2700,1350000,-4.2,1.1,-1.4,0.86,-2.65,2.11,-366.0,-365.4,-240.6,-400,-350,-250,1368,1392,1349,1379
2701,1350500,-4.2,1.0,-1.4,1.04,-2.59,2.06,-364.3,-369.4,-244.8,-400,-350,-250,1359,1375,1378,1367
2702,1351000,-4.1,0.9,-1.3,1.22,-2.54,2.01,-369.0,-371.3,-251.1,-400,-350,-250,1374,1364,1388,1364
2703,1351500,-4.1,0.9,-1.3,1.38,-2.48,1.96,-364.2,-369.5,-247.9,-400,-350,-250,1364,1381,1360,1352
2704,1352000,-4.1,0.8,-1.3,1.54,-2.42,1.92,-366.8,-375.7,-242.2,-400,-350,-250,1367,1399,1378,1399
2705,1352500,-4.0,0.8,-1.2,1.7,-2.36,1.87,-371.9,-365.6,-243.3,-400,-350,-250,1366,1375,1372,1384
2706,1353000,-4.0,0.7,-1.2,1.84,-2.31,1.83,-356.8,-368.0,-238.3,-400,-350,-250,1357,1399,1352,1362
2707,1353500,-3.9,0.6,-1.1,1.99,-2.25,1.78,-356.9,-355.1,-234.4,-400,-350,-250,1380,1362,1349,1391
2708,1354000,-3.9,0.6,-1.1,2.12,-2.19,1.74,-356.2,-350.5,-234.6,-400,-350,-250,1369,1363,1374,1377
2709,1354500,-3.8,0.5,-1.0,2.25,-2.13,1.7,-357.9,-352.8,-228.8,-400,-350,-250,1387,1365,1371,1365
2710,1355000,-3.8,0.5,-1.0,2.37,-2.07,1.66,-350.3,-344.8,-231.9,-400,-350,-250,1361,1380,1378,1367
2711,1355500,-3.7,0.4,-0.9,2.48,-2.02,1.62,-351.3,-356.5,-232.1,-400,-350,-250,1375,1342,1364,1376
2712,1356000,-3.6,0.4,-0.9,2.59,-1.96,1.58,-350.1,-343.9,-237.4,-400,-350,-250,1385,1368,1384,1351
2713,1356500,-3.6,0.3,-0.9,2.69,-1.9,1.54,-365.5,-354.4,-233.8,-400,-350,-250,1390,1375,1375,1370
2714,1357000,-3.5,0.3,-0.8,2.79,-1.85,1.5,-362.9,-355.7,-235.4,-400,-350,-250,1383,1386,1370,1385
2715,1357500,-3.4,0.2,-0.8,2.88,-1.79,1.46,-364.9,-345.2,-240.9,-400,-350,-250,1360,1359,1385,1378
2716,1358000,-3.4,0.2,-0.8,2.96,-1.73,1.43,-370.9,-358.6,-252.4,-400,-350,-250,1373,1349,1375,1406
2717,1358500,-3.3,0.2,-0.7,3.04,-1.68,1.39,-373.9,-364.4,-255.7,-400,-350,-250,1408,1380,1363,1379
2718,1359000,-3.2,0.1,-0.7,3.11,-1.62,1.35,-380.0,-366.1,-253.2,-400,-350,-250,1378,1390,1352,1393
2719,1359500,-3.1,0.1,-0.7,3.18,-1.57,1.32,-380.1,-369.0,-249.9,-400,-350,-250,1386,1378,1383,1357
2720,1360000,-3.0,0.0,-0.6,3.23,-1.52,1.28,-375.7,-365.1,-254.6,-400,-350,-250,1407,1395,1375,1378
2721,1360500,-3.0,0.0,-0.6,3.29,-1.46,1.25,-375.1,-352.3,-248.3,-400,-350,-250,1356,1364,1341,1357
2722,1361000,-2.9,-0.0,-0.6,3.34,-1.41,1.22,-372.8,-349.2,-236.1,-400,-350,-250,1345,1402,1363,1363
2723,1361500,-2.8,-0.1,-0.5,3.38,-1.36,1.19,-369.3,-337.1,-245.7,-400,-350,-250,1364,1377,1384,1375
2724,1362000,-2.7,-0.1,-0.5,3.42,-1.31,1.15,-365.6,-338.4,-242.0,-400,-350,-250,1392,1362,1374,1355
2725,1362500,-2.6,-0.1,-0.5,3.45,-1.26,1.12,-366.9,-335.2,-233.7,-400,-350,-250,1366,1380,1418,1332
2726,1363000,-2.5,-0.2,-0.4,3.48,-1.21,1.09,-372.6,-337.3,-242.0,-400,-350,-250,1383,1356,1368,1356
2727,1363500,-2.4,-0.2,-0.4,3.5,-1.16,1.06,-357.8,-332.0,-242.7,-400,-350,-250,1378,1363,1391,1373
2728,1364000,-2.4,-0.2,-0.4,3.51,-1.11,1.03,-371.8,-341.9,-238.1,-400,-350,-250,1392,1369,1360,1362
2729,1364500,-2.3,-0.2,-0.4,3.53,-1.06,1.0,-369.8,-344.4,-235.2,-400,-350,-250,1381,1369,1369,1362
2730,1365000,-2.2,-0.3,-0.3,3.53,-1.01,0.98,-387.5,-342.5,-240.0,-400,-350,-250,1364,1372,1347,1364
2731,1365500,-2.1,-0.3,-0.3,3.54,-0.97,0.95,-382.2,-351.1,-250.4,-400,-350,-250,1382,1377,1379,1358
2732,1366000,-2.0,-0.3,-0.3,3.53,-0.92,0.92,-389.3,-354.2,-260.7,-400,-350,-250,1345,1372,1366,1368
2733,1366500,-1.9,-0.3,-0.3,3.53,-0.88,0.89,-386.0,-365.0,-255.4,-400,-350,-250,1363,1347,1377,1387
2734,1367000,-1.8,-0.4,-0.3,3.52,-0.83,0.87,-398.3,-356.9,-254.0,-400,-350,-250,1366,1359,1380,1340
2735,1367500,-1.7,-0.4,-0.2,3.5,-0.79,0.84,-392.8,-358.7,-257.9,-400,-350,-250,1347,1368,1385,1372
2736,1368000,-1.6,-0.4,-0.2,3.49,-0.75,0.82,-396.4,-355.8,-258.6,-400,-350,-250,1343,1377,1372,1363
2737,1368500,-1.6,-0.4,-0.2,3.47,-0.71,0.79,-383.0,-347.2,-254.8,-400,-350,-250,1366,1363,1365,1384
2738,1369000,-1.5,-0.4,-0.2,3.44,-0.67,0.77,-380.3,-349.9,-240.5,-400,-350,-250,1341,1361,1400,1376
2739,1369500,-1.4,-0.4,-0.2,3.41,-0.63,0.75,-377.9,-341.2,-242.9,-400,-350,-250,1355,1386,1362,1357
2740,1370000,-1.3,-0.5,-0.1,3.38,-0.59,0.72,-385.9,-329.8,-247.6,-400,-350,-250,1349,1372,1365,1391
2741,1370500,-1.2,-0.5,-0.1,3.34,-0.55,0.7,-375.9,-334.4,-242.5,-400,-350,-250,1373,1343,1353,1384
2742,1371000,-1.1,-0.5,-0.1,3.31,-0.51,0.68,-377.1,-339.3,-241.2,-400,-350,-250,1362,1369,1366,1377
2743,1371500,-1.1,-0.5,-0.1,3.26,-0.48,0.66,-391.4,-332.3,-246.8,-400,-350,-250,1357,1365,1380,1354
2744,1372000,-1.0,-0.5,-0.1,3.22,-0.44,0.64,-388.1,-340.6,-240.6,-400,-350,-250,1398,1344,1355,1353
2745,1372500,-0.9,-0.5,-0.1,3.17,-0.41,0.62,-382.4,-338.1,-245.8,-400,-350,-250,1368,1386,1359,1346
2746,1373000,-0.8,-0.5,-0.0,3.12,-0.37,0.6,-391.3,-349.2,-248.2,-400,-350,-250,1375,1357,1376,1381
2747,1373500,-0.7,-0.5,-0.0,3.07,-0.34,0.58,-389.0,-349.6,-251.1,-400,-350,-250,1375,1374,1377,1369
2748,1374000,-0.7,-0.5,-0.0,3.02,-0.31,0.56,-397.4,-348.0,-254.8,-400,-350,-250,1370,1367,1361,1334
2749,1374500,-0.6,-0.6,0.0,2.96,-0.28,0.54,-403.7,-353.6,-261.6,-400,-350,-250,1355,1380,1358,1329
2750,1375000,-0.5,-0.6,0.0,2.9,-0.25,0.52,-407.2,-355.2,-255.4,-400,-350,-250,1366,1370,1353,1353
2751,1375500,-0.5,-0.6,0.0,2.85,-0.22,0.5,-411.5,-351.5,-260.0,-400,-350,-250,1351,1362,1378,1375
2752,1376000,-0.4,-0.6,0.0,2.78,-0.19,0.48,-400.6,-347.6,-257.1,-400,-350,-250,1361,1361,1368,1335
2753,1376500,-0.3,-0.6,0.1,2.72,-0.16,0.47,-400.4,-348.6,-258.6,-400,-350,-250,1352,1378,1355,1359
2754,1377000,-0.2,-0.6,0.1,2.66,-0.14,0.45,-392.2,-348.8,-251.5,-400,-350,-250,1354,1353,1358,1369
2755,1377500,-0.2,-0.6,0.1,2.59,-0.11,0.43,-396.1,-337.1,-244.7,-400,-350,-250,1344,1361,1358,1341
2756,1378000,-0.1,-0.6,0.1,2.52,-0.09,0.42,-399.4,-333.6,-243.0,-400,-350,-250,1378,1384,1371,1366
2757,1378500,-0.1,-0.6,0.1,2.45,-0.06,0.4,-385.4,-335.5,-243.4,-400,-350,-250,1375,1369,1352,1353
2758,1379000,0.0,-0.6,0.1,2.39,-0.04,0.39,-394.9,-325.8,-242.3,-400,-350,-250,1352,1350,1352,1361
2759,1379500,0.1,-0.6,0.1,2.32,-0.02,0.37,-390.6,-331.0,-251.0,-400,-350,-250,1361,1383,1360,1350
2760,1380000,0.1,-0.6,0.1,2.24,0.01,0.36,-385.0,-338.1,-240.3,-400,-350,-250,1362,1357,1344,1361
2761,1380500,0.2,-0.6,0.1,2.17,0.03,0.34,-395.9,-331.6,-252.2,-400,-350,-250,1335,1366,1336,1317
2762,1381000,0.2,-0.6,0.1,2.1,0.05,0.33,-402.2,-338.4,-257.4,-400,-350,-250,1336,1381,1345,1345
2763,1381500,0.3,-0.6,0.1,2.03,0.07,0.32,-406.0,-340.2,-254.8,-400,-350,-250,1370,1355,1342,1361
2764,1382000,0.3,-0.6,0.2,1.95,0.08,0.3,-416.6,-346.3,-264.1,-400,-350,-250,1359,1325,1356,1364
2765,1382500,0.4,-0.6,0.2,1.88,0.1,0.29,-415.3,-345.0,-260.4,-400,-350,-250,1364,1335,1350,1360
2766,1383000,0.4,-0.6,0.2,1.81,0.12,0.28,-411.2,-352.1,-267.4,-400,-350,-250,1335,1340,1373,1330
2767,1383500,0.5,-0.6,0.2,1.73,0.14,0.27,-419.4,-353.7,-262.0,-400,-350,-250,1356,1344,1362,1355
2768,1384000,0.5,-0.6,0.2,1.66,0.15,0.25,-414.2,-352.0,-261.2,-400,-350,-250,1353,1373,1366,1357
2769,1384500,0.5,-0.6,0.2,1.59,0.17,0.24,-410.7,-344.6,-262.9,-400,-350,-250,1327,1356,1330,1340
2770,1385000,0.6,-0.6,0.2,1.51,0.18,0.23,-407.1,-345.9,-255.5,-400,-350,-250,1344,1333,1345,1343
2771,1385500,0.6,-0.6,0.2,1.44,0.19,0.22,-404.7,-339.0,-251.6,-400,-350,-250,1338,1361,1374,1360
2772,1386000,0.6,-0.6,0.2,1.37,0.21,0.21,-403.0,-340.8,-248.1,-400,-350,-250,1339,1369,1350,1384
2773,1386500,0.7,-0.5,0.2,1.3,0.22,0.2,-394.1,-338.4,-234.1,-400,-350,-250,1348,1343,1328,1354
2774,1387000,0.7,-0.5,0.2,1.23,0.23,0.19,-395.8,-336.3,-242.8,-400,-350,-250,1361,1342,1353,1350
2775,1387500,0.7,-0.5,0.2,1.16,0.24,0.18,-391.6,-331.9,-242.6,-400,-350,-250,1339,1352,1342,1349
2776,1388000,0.8,-0.5,0.2,1.09,0.25,0.17,-397.4,-332.8,-239.3,-400,-350,-250,1345,1357,1353,1367
2777,1388500,0.8,-0.5,0.2,1.02,0.26,0.16,-393.0,-334.2,-242.4,-400,-350,-250,1357,1361,1324,1358
2778,1389000,0.8,-0.5,0.2,0.95,0.27,0.15,-405.6,-341.9,-246.2,-400,-350,-250,1399,1357,1336,1347
2779,1389500,0.8,-0.5,0.2,0.88,0.28,0.14,-405.8,-342.7,-252.3,-400,-350,-250,1361,1341,1376,1323
2780,1390000,0.9,-0.5,0.2,0.81,0.29,0.13,-414.2,-352.3,-258.5,-400,-350,-250,1356,1354,1367,1381
2781,1390500,0.9,-0.5,0.2,0.75,0.3,0.13,-414.2,-356.1,-259.7,-400,-350,-250,1341,1341,1346,1366
2782,1391000,0.9,-0.5,0.2,0.68,0.3,0.12,-421.5,-353.3,-264.8,-400,-350,-250,1364,1369,1331,1363
2783,1391500,0.9,-0.5,0.2,0.62,0.31,0.11,-422.5,-354.0,-262.9,-400,-350,-250,1365,1333,1380,1357
2784,1392000,0.9,-0.5,0.2,0.56,0.32,0.1,-421.2,-349.9,-256.4,-400,-350,-250,1359,1344,1340,1338
2785,1392500,0.9,-0.5,0.3,0.49,0.32,0.1,-410.6,-352.5,-260.0,-400,-350,-250,1346,1369,1346,1363
2786,1393000,0.9,-0.5,0.3,0.43,0.33,0.09,-420.9,-352.9,-255.5,-400,-350,-250,1337,1380,1321,1357
2787,1393500,1.0,-0.4,0.3,0.37,0.33,0.08,-408.3,-344.5,-253.6,-400,-350,-250,1349,1402,1355,1342
2788,1394000,1.0,-0.4,0.3,0.32,0.34,0.07,-417.5,-335.5,-249.7,-400,-350,-250,1376,1350,1366,1371
2789,1394500,1.0,-0.4,0.3,0.26,0.34,0.07,-405.6,-348.7,-241.8,-400,-350,-250,1379,1328,1342,1349
2790,1395000,1.0,-0.4,0.3,0.21,0.34,0.06,-402.1,-334.8,-244.4,-400,-350,-250,1358,1337,1327,1377
2791,1395500,1.0,-0.4,0.3,0.15,0.34,0.05,-398.9,-334.4,-247.2,-400,-350,-250,1356,1349,1357,1351
2792,1396000,1.0,-0.4,0.3,0.1,0.35,0.05,-395.9,-330.9,-244.3,-400,-350,-250,1344,1360,1328,1339
2793,1396500,1.0,-0.4,0.3,0.05,0.35,0.04,-403.0,-346.2,-237.0,-400,-350,-250,1345,1346,1331,1357
2794,1397000,1.0,-0.4,0.3,-0.0,0.35,0.04,-406.0,-345.1,-245.7,-400,-350,-250,1371,1326,1348,1381
2795,1397500,1.0,-0.4,0.3,-0.05,0.35,0.03,-408.3,-346.8,-244.2,-400,-350,-250,1352,1362,1373,1357
2796,1398000,1.0,-0.4,0.3,-0.1,0.35,0.03,-409.9,-340.4,-260.1,-400,-350,-250,1331,1345,1339,1345
2797,1398500,1.0,-0.4,0.3,-0.14,0.35,0.02,-421.9,-357.8,-254.8,-400,-350,-250,1345,1354,1342,1347
2798,1399000,1.0,-0.3,0.3,-0.18,0.35,0.02,-423.5,-347.4,-256.2,-400,-350,-250,1328,1341,1352,1341
2799,1399500,1.0,-0.3,0.3,-0.23,0.35,0.01,-419.3,-355.2,-269.3,-400,-350,-250,1358,1354,1332,1344
2800,1400000,1.0,-0.3,0.3,-0.27,0.35,0.01,-419.8,-357.6,-262.4,-400,-350,-250,1325,1348,1353,1353
2801,1400500,0.9,-0.3,0.3,-0.31,0.35,0.0,-416.8,-358.1,-261.2,-400,-350,-250,1361,1348,1350,1347
2802,1401000,0.9,-0.3,0.3,-0.34,0.35,-0.0,-414.2,-358.7,-259.8,-400,-350,-250,1358,1333,1354,1339
2803,1401500,0.9,-0.3,0.3,-0.38,0.35,-0.01,-414.8,-355.3,-260.1,-400,-350,-250,1363,1325,1348,1326
2804,1402000,0.9,-0.3,0.3,-0.41,0.35,-0.01,-401.5,-344.7,-256.2,-400,-350,-250,1329,1341,1350,1370
2805,1402500,0.9,-0.3,0.3,-0.45,0.35,-0.01,-400.2,-347.8,-248.5,-400,-350,-250,1359,1335,1338,1359
2806,1403000,0.9,-0.3,0.3,-0.48,0.34,-0.02,-408.1,-340.7,-246.6,-400,-350,-250,1341,1345,1321,1357
2807,1403500,0.9,-0.3,0.3,-0.51,0.34,-0.02,-402.0,-330.8,-236.3,-400,-350,-250,1338,1373,1366,1333
2808,1404000,0.9,-0.3,0.3,-0.54,0.34,-0.03,-400.0,-332.9,-245.8,-400,-350,-250,1339,1307,1324,1327
2809,1404500,0.9,-0.3,0.3,-0.56,0.34,-0.03,-401.8,-340.8,-242.1,-400,-350,-250,1348,1339,1324,1347
2810,1405000,0.8,-0.2,0.3,-0.59,0.33,-0.03,-397.9,-339.6,-239.0,-400,-350,-250,1337,1356,1348,1363
2811,1405500,0.8,-0.2,0.3,-0.61,0.33,-0.03,-396.4,-346.7,-254.1,-400,-350,-250,1359,1348,1349,1337
2812,1406000,0.8,-0.2,0.3,-0.64,0.33,-0.04,-408.8,-340.8,-248.4,-400,-350,-250,1335,1344,1347,1324
2813,1406500,0.8,-0.2,0.3,-0.66,0.32,-0.04,-411.7,-347.0,-253.3,-400,-350,-250,1322,1347,1373,1352
2814,1407000,0.8,-0.2,0.3,-0.68,0.32,-0.04,-417.7,-354.3,-259.7,-400,-350,-250,1331,1330,1334,1341
2815,1407500,0.8,-0.2,0.3,-0.7,0.32,-0.05,-419.8,-351.7,-258.7,-400,-350,-250,1371,1354,1357,1350
2816,1408000,0.7,-0.2,0.3,-0.71,0.31,-0.05,-417.1,-361.4,-259.1,-400,-350,-250,1343,1332,1348,1347
2817,1408500,0.7,-0.2,0.3,-0.73,0.31,-0.05,-419.5,-352.1,-264.2,-400,-350,-250,1343,1357,1334,1337
2818,1409000,0.7,-0.2,0.3,-0.74,0.3,-0.05,-414.3,-358.5,-263.6,-400,-350,-250,1325,1345,1336,1354
2819,1409500,0.7,-0.2,0.3,-0.75,0.3,-0.06,-410.1,-355.5,-256.7,-400,-350,-250,1330,1364,1333,1339
2820,1410000,0.7,-0.2,0.3,-0.77,0.29,-0.06,-412.5,-354.5,-253.7,-400,-350,-250,1341,1327,1352,1341
2821,1410500,0.6,-0.2,0.2,-0.78,0.29,-0.06,-405.2,-348.5,-255.2,-400,-350,-250,1313,1336,1327,1358
2822,1411000,0.6,-0.2,0.2,-0.79,0.28,-0.06,-404.6,-340.2,-240.8,-400,-350,-250,1357,1376,1327,1333
2823,1411500,0.6,-0.1,0.2,-0.79,0.28,-0.06,-404.3,-348.2,-251.7,-400,-350,-250,1353,1328,1335,1348
2824,1412000,0.6,-0.1,0.2,-0.8,0.28,-0.07,-399.4,-334.5,-239.6,-400,-350,-250,1350,1364,1347,1342
2825,1412500,0.6,-0.1,0.2,-0.81,0.27,-0.07,-391.9,-335.0,-248.1,-400,-350,-250,1356,1354,1306,1369
2826,1413000,0.5,-0.1,0.2,-0.81,0.27,-0.07,-395.2,-333.7,-247.5,-400,-350,-250,1342,1329,1327,1343
2827,1413500,0.5,-0.1,0.2,-0.81,0.26,-0.07,-402.3,-340.4,-241.2,-400,-350,-250,1327,1323,1347,1352
2828,1414000,0.5,-0.1,0.2,-0.81,0.26,-0.07,-395.2,-344.6,-247.7,-400,-350,-250,1358,1351,1343,1342
2829,1414500,0.5,-0.1,0.2,-0.82,0.25,-0.07,-402.1,-343.2,-246.3,-400,-350,-250,1339,1342,1317,1336
2830,1415000,0.5,-0.1,0.2,-0.82,0.24,-0.07,-398.5,-348.2,-257.9,-400,-350,-250,1331,1339,1359,1369
2831,1415500,0.4,-0.1,0.2,-0.81,0.24,-0.08,-408.0,-353.2,-255.2,-400,-350,-250,1321,1357,1320,1348
2832,1416000,0.4,-0.1,0.2,-0.81,0.23,-0.08,-412.5,-359.4,-257.4,-400,-350,-250,1361,1319,1340,1327
2833,1416500,0.4,-0.1,0.2,-0.81,0.23,-0.08,-408.4,-363.5,-265.6,-400,-350,-250,1331,1319,1351,1316
2834,1417000,0.4,-0.1,0.2,-0.81,0.22,-0.08,-413.2,-360.6,-257.9,-400,-350,-250,1329,1334,1361,1346
2835,1417500,0.4,-0.1,0.2,-0.8,0.22,-0.08,-408.1,-353.0,-259.6,-400,-350,-250,1341,1312,1311,1331
2836,1418000,0.3,-0.1,0.2,-0.8,0.21,-0.08,-410.3,-352.9,-263.2,-400,-350,-250,1332,1367,1320,1333
2837,1418500,0.3,-0.1,0.2,-0.79,0.21,-0.08,-409.1,-357.7,-251.9,-400,-350,-250,1312,1332,1311,1326
2838,1419000,0.3,-0.1,0.2,-0.78,0.2,-0.08,-399.4,-359.5,-261.3,-400,-350,-250,1336,1341,1325,1342
2839,1419500,0.3,-0.1,0.2,-0.77,0.2,-0.08,-402.6,-350.1,-250.8,-400,-350,-250,1353,1318,1348,1339
2840,1420000,0.3,-0.0,0.2,-0.77,0.19,-0.08,-399.3,-348.1,-246.6,-400,-350,-250,1347,1321,1346,1335
2841,1420500,0.3,-0.0,0.2,-0.76,0.19,-0.08,-392.3,-341.6,-245.8,-400,-350,-250,1337,1344,1313,1335
2842,1421000,0.2,-0.0,0.2,-0.75,0.18,-0.08,-403.1,-340.0,-245.2,-400,-350,-250,1335,1349,1348,1355
2843,1421500,0.2,-0.0,0.2,-0.74,0.18,-0.09,-388.9,-341.0,-245.5,-400,-350,-250,1372,1324,1328,1340
2844,1422000,0.2,-0.0,0.2,-0.72,0.17,-0.09,-396.1,-339.9,-242.1,-400,-350,-250,1326,1318,1334,1340
2845,1422500,0.2,-0.0,0.2,-0.71,0.17,-0.09,-397.9,-341.7,-244.0,-400,-350,-250,1320,1339,1313,1346
2846,1423000,0.2,-0.0,0.2,-0.7,0.16,-0.09,-399.4,-340.7,-246.6,-400,-350,-250,1334,1313,1344,1316
2847,1423500,0.1,-0.0,0.2,-0.69,0.16,-0.09,-390.9,-346.2,-249.2,-400,-350,-250,1333,1343,1339,1339
2848,1424000,0.1,-0.0,0.2,-0.67,0.15,-0.09,-399.2,-351.8,-247.0,-400,-350,-250,1311,1308,1341,1332
2849,1424500,0.1,-0.0,0.2,-0.66,0.15,-0.09,-411.4,-359.3,-259.2,-400,-350,-250,1351,1342,1307,1313
2850,1425000,0.1,-0.0,0.2,-0.65,0.14,-0.09,-407.6,-361.7,-261.5,-400,-350,-250,1324,1332,1340,1321
2851,1425500,0.1,-0.0,0.2,-0.63,0.14,-0.09,-411.5,-357.8,-254.4,-400,-350,-250,1337,1326,1345,1330
2852,1426000,0.1,0.0,0.2,-0.62,0.13,-0.09,-415.5,-356.9,-254.8,-400,-350,-250,1315,1342,1314,1330
2853,1426500,0.0,0.0,0.2,-0.6,0.13,-0.09,-409.7,-360.3,-261.1,-400,-350,-250,1341,1324,1327,1327
2854,1427000,0.0,0.0,0.2,-0.59,0.12,-0.09,-406.5,-359.7,-256.0,-400,-350,-250,1335,1322,1312,1326
2855,1427500,0.0,0.0,0.2,-0.57,0.12,-0.09,-400.9,-352.3,-256.4,-400,-350,-250,1360,1353,1338,1350
2856,1428000,0.0,0.0,0.2,-0.56,0.11,-0.09,-402.7,-353.1,-252.5,-400,-350,-250,1303,1330,1323,1350
2857,1428500,-0.0,0.0,0.2,-0.54,0.11,-0.09,-396.0,-342.3,-251.8,-400,-350,-250,1351,1332,1337,1336
2858,1429000,-0.0,0.0,0.2,-0.52,0.1,-0.09,-400.0,-341.9,-248.8,-400,-350,-250,1339,1328,1315,1325
2859,1429500,-0.0,0.0,0.2,-0.51,0.1,-0.09,-391.2,-344.1,-237.9,-400,-350,-250,1347,1330,1323,1350
2860,1430000,-0.0,0.0,0.2,-0.49,0.09,-0.09,-390.5,-336.8,-248.2,-400,-350,-250,1300,1340,1342,1326
2861,1430500,-0.1,0.0,0.2,-0.47,0.09,-0.09,-390.6,-339.0,-240.2,-400,-350,-250,1327,1329,1332,1344
2862,1431000,-0.1,0.0,0.2,-0.46,0.09,-0.09,-387.6,-351.4,-241.4,-400,-350,-250,1324,1344,1339,1320
2863,1431500,-0.1,0.0,0.2,-0.44,0.08,-0.09,-392.3,-352.4,-244.9,-400,-350,-250,1311,1330,1317,1346
2864,1432000,-0.1,0.0,0.2,-0.42,0.08,-0.09,-389.3,-347.0,-250.4,-400,-350,-250,1346,1307,1322,1322
2865,1432500,-0.1,0.0,0.2,-0.41,0.07,-0.09,-396.3,-348.5,-253.4,-400,-350,-250,1340,1333,1332,1350
2866,1433000,-0.1,0.0,0.2,-0.39,0.07,-0.09,-393.0,-350.9,-254.8,-400,-350,-250,1323,1325,1311,1316
2867,1433500,-0.1,0.0,0.2,-0.37,0.07,-0.08,-405.3,-352.9,-253.3,-400,-350,-250,1290,1303,1317,1311
2868,1434000,-0.1,0.0,0.2,-0.35,0.06,-0.08,-405.9,-364.2,-259.6,-400,-350,-250,1329,1332,1320,1332
2869,1434500,-0.1,0.0,0.2,-0.34,0.06,-0.08,-404.4,-360.5,-264.2,-400,-350,-250,1318,1330,1330,1301
2870,1435000,-0.1,0.0,0.1,-0.32,0.06,-0.08,-413.8,-365.9,-253.6,-400,-350,-250,1332,1328,1308,1294
2871,1435500,-0.2,0.0,0.1,-0.3,0.05,-0.08,-399.4,-356.7,-269.7,-400,-350,-250,1349,1331,1324,1329
2872,1436000,-0.2,0.0,0.1,-0.29,0.05,-0.08,-402.0,-365.3,-257.5,-400,-350,-250,1306,1319,1322,1318
2873,1436500,-0.2,0.0,0.1,-0.27,0.05,-0.08,-405.9,-354.6,-257.7,-400,-350,-250,1328,1335,1312,1322
2874,1437000,-0.2,0.0,0.1,-0.26,0.04,-0.08,-403.5,-349.1,-250.3,-400,-350,-250,1339,1340,1326,1309
2875,1437500,-0.2,0.0,0.1,-0.24,0.04,-0.08,-399.7,-344.3,-249.5,-400,-350,-250,1336,1316,1320,1352
2876,1438000,-0.2,0.0,0.1,-0.22,0.04,-0.08,-389.9,-352.2,-249.8,-400,-350,-250,1326,1339,1338,1336
2877,1438500,-0.2,0.0,0.1,-0.21,0.03,-0.08,-386.5,-340.9,-241.2,-400,-350,-250,1310,1306,1316,1342
2878,1439000,-0.2,0.1,0.1,-0.19,0.03,-0.08,-384.1,-346.1,-243.9,-400,-350,-250,1324,1332,1328,1345
2879,1439500,-0.2,0.1,0.1,-0.18,0.03,-0.08,-387.7,-342.1,-243.0,-400,-350,-250,1339,1319,1330,1317
2880,1440000,-0.2,0.1,0.1,-0.16,0.02,-0.08,-393.7,-349.9,-243.6,-400,-350,-250,1311,1334,1317,1308
2881,1440500,-0.2,0.1,0.1,-0.15,0.02,-0.08,-387.6,-344.8,-235.8,-400,-350,-250,1315,1323,1310,1344
2882,1441000,-0.2,0.1,0.1,-0.13,0.02,-0.08,-391.6,-346.2,-246.5,-400,-350,-250,1292,1340,1322,1339
2883,1441500,-0.2,0.1,0.1,-0.12,0.02,-0.08,-398.7,-342.5,-251.4,-400,-350,-250,1322,1351,1314,1322
2884,1442000,-0.2,0.1,0.1,-0.1,0.01,-0.08,-399.3,-350.9,-251.4,-400,-350,-250,1319,1328,1315,1341
2885,1442500,-0.2,0.1,0.1,-0.09,0.01,-0.08,-399.0,-358.9,-257.0,-400,-350,-250,1316,1335,1292,1337
2886,1443000,-0.2,0.1,0.1,-0.08,0.01,-0.07,-411.9,-359.3,-261.0,-400,-350,-250,1316,1332,1334,1319
2887,1443500,-0.2,0.1,0.1,-0.06,0.01,-0.07,-406.7,-362.6,-254.8,-400,-350,-250,1313,1359,1297,1311
2888,1444000,-0.2,0.1,0.1,-0.05,0.0,-0.07,-404.1,-352.5,-261.5,-400,-350,-250,1326,1311,1323,1288
2889,1444500,-0.2,0.1,0.1,-0.04,0.0,-0.07,-404.1,-361.6,-258.3,-400,-350,-250,1318,1306,1296,1305
2890,1445000,-0.2,0.1,0.1,-0.03,0.0,-0.07,-405.7,-355.4,-254.4,-400,-350,-250,1333,1350,1334,1346
2891,1445500,-0.2,0.1,0.1,-0.01,-0.0,-0.07,-400.3,-354.9,-263.3,-400,-350,-250,1333,1317,1313,1300
2892,1446000,-0.2,0.1,0.1,-0.0,-0.0,-0.07,-395.7,-353.5,-255.7,-400,-350,-250,1307,1317,1325,1328
2893,1446500,-0.2,0.1,0.1,0.01,-0.01,-0.07,-397.2,-349.6,-250.7,-400,-350,-250,1312,1335,1316,1310
2894,1447000,-0.2,0.1,0.1,0.02,-0.01,-0.07,-387.8,-351.0,-249.8,-400,-350,-250,1320,1315,1317,1332
2895,1447500,-0.2,0.1,0.1,0.03,-0.01,-0.07,-388.1,-350.1,-238.0,-400,-350,-250,1300,1303,1328,1303
2896,1448000,-0.2,0.1,0.1,0.04,-0.01,-0.07,-394.8,-339.5,-241.3,-400,-350,-250,1323,1338,1332,1310
2897,1448500,-0.2,0.1,0.1,0.05,-0.01,-0.07,-390.7,-340.0,-243.7,-400,-350,-250,1321,1330,1321,1297
2898,1449000,-0.2,0.1,0.1,0.06,-0.01,-0.07,-382.2,-341.7,-240.6,-400,-350,-250,1293,1316,1298,1340
2899,1449500,-0.2,0.1,0.1,0.07,-0.01,-0.07,-391.5,-347.9,-243.3,-400,-350,-250,1303,1317,1302,1292
2900,1450000,-0.2,0.1,0.1,0.08,-0.02,-0.07,-392.2,-345.3,-247.8,-400,-350,-250,1326,1329,1315,1315
2901,1450500,-0.2,0.1,0.1,0.08,-0.02,-0.06,-392.6,-343.0,-246.3,-400,-350,-250,1299,1325,1351,1325
2902,1451000,-0.2,0.1,0.1,0.09,-0.02,-0.06,-395.6,-351.7,-256.0,-400,-350,-250,1323,1324,1322,1318
2903,1451500,-0.2,0.1,0.1,0.1,-0.02,-0.06,-395.0,-353.0,-260.1,-400,-350,-250,1313,1318,1327,1323
2904,1452000,-0.2,0.0,0.1,0.11,-0.02,-0.06,-400.0,-353.5,-254.5,-400,-350,-250,1298,1310,1330,1339
2905,1452500,-0.2,0.0,0.1,0.12,-0.02,-0.06,-415.2,-358.1,-259.5,-400,-350,-250,1327,1286,1306,1317
2906,1453000,-0.2,0.0,0.1,0.12,-0.02,-0.06,-409.7,-365.6,-251.9,-400,-350,-250,1311,1315,1323,1342
2907,1453500,-0.2,0.0,0.1,0.13,-0.02,-0.06,-409.7,-360.1,-261.1,-400,-350,-250,1328,1328,1337,1308
2908,1454000,-0.2,0.0,0.1,0.13,-0.02,-0.06,-411.4,-361.3,-266.9,-400,-350,-250,1319,1283,1320,1298
2909,1454500,-0.2,0.0,0.1,0.14,-0.03,-0.06,-403.5,-351.7,-258.3,-400,-350,-250,1311,1314,1304,1318
2910,1455000,-0.2,0.0,0.1,0.15,-0.03,-0.06,-404.0,-354.7,-258.9,-400,-350,-250,1321,1318,1301,1312
2911,1455500,-0.2,0.0,0.1,0.15,-0.03,-0.06,-405.6,-358.3,-257.1,-400,-350,-250,1319,1307,1312,1317
2912,1456000,-0.2,0.0,0.1,0.15,-0.03,-0.06,-398.5,-350.3,-252.2,-400,-350,-250,1344,1300,1321,1309
2913,1456500,-0.2,0.0,0.1,0.16,-0.03,-0.06,-387.6,-351.4,-247.4,-400,-350,-250,1318,1305,1344,1316
2914,1457000,-0.2,0.0,0.1,0.16,-0.03,-0.06,-390.6,-350.7,-243.0,-400,-350,-250,1295,1320,1317,1310
2915,1457500,-0.2,0.0,0.1,0.17,-0.03,-0.05,-392.6,-345.8,-245.2,-400,-350,-250,1334,1300,1307,1317
2916,1458000,-0.2,0.0,0.1,0.17,-0.03,-0.05,-395.0,-343.2,-237.4,-400,-350,-250,1315,1319,1322,1310
2917,1458500,-0.2,0.0,0.1,0.17,-0.03,-0.05,-398.7,-338.7,-239.7,-400,-350,-250,1275,1308,1332,1294
2918,1459000,-0.2,0.0,0.1,0.18,-0.03,-0.05,-387.0,-337.0,-243.4,-400,-350,-250,1307,1295,1320,1314
2919,1459500,-0.2,0.0,0.1,0.18,-0.03,-0.05,-390.4,-344.7,-244.5,-400,-350,-250,1301,1326,1308,1328
2920,1460000,-0.1,0.0,0.1,0.18,-0.03,-0.05,-391.5,-349.7,-251.7,-400,-350,-250,1325,1316,1305,1325
2921,1460500,-0.1,0.0,0.1,0.18,-0.03,-0.05,-405.6,-347.5,-251.3,-400,-350,-250,1320,1301,1302,1319
2922,1461000,-0.1,0.0,0.1,0.18,-0.03,-0.05,-399.4,-358.1,-250.8,-400,-350,-250,1319,1284,1296,1292
2923,1461500,-0.1,0.0,0.1,0.19,-0.03,-0.05,-407.3,-358.0,-248.2,-400,-350,-250,1294,1295,1305,1328
2924,1462000,-0.1,0.0,0.1,0.19,-0.03,-0.05,-407.4,-353.7,-253.5,-400,-350,-250,1303,1314,1323,1312
2925,1462500,-0.1,0.0,0.1,0.19,-0.03,-0.05,-400.9,-357.2,-252.8,-400,-350,-250,1293,1312,1272,1288
2926,1463000,-0.1,0.0,0.1,0.19,-0.03,-0.05,-409.9,-360.7,-260.3,-400,-350,-250,1316,1286,1283,1319
2927,1463500,-0.1,0.0,0.1,0.19,-0.03,-0.05,-406.0,-355.0,-255.7,-400,-350,-250,1312,1300,1315,1294
2928,1464000,-0.1,0.0,0.1,0.19,-0.03,-0.05,-411.2,-358.6,-248.8,-400,-350,-250,1294,1327,1305,1333
2929,1464500,-0.1,0.0,0.1,0.19,-0.03,-0.04,-405.8,-360.0,-257.9,-400,-350,-250,1304,1315,1296,1310
2930,1465000,-0.1,0.0,0.1,0.19,-0.03,-0.04,-392.1,-352.5,-250.3,-400,-350,-250,1345,1295,1307,1301
2931,1465500,-0.1,0.0,0.1,0.19,-0.03,-0.04,-397.5,-353.1,-251.2,-400,-350,-250,1317,1307,1277,1323
2932,1466000,-0.1,0.0,0.1,0.19,-0.03,-0.04,-394.4,-339.7,-250.7,-400,-350,-250,1311,1292,1317,1297
2933,1466500,-0.1,0.0,0.0,0.19,-0.03,-0.04,-388.5,-344.3,-253.2,-400,-350,-250,1288,1315,1317,1320
2934,1467000,-0.1,0.0,0.0,0.18,-0.03,-0.04,-389.8,-344.5,-242.6,-400,-350,-250,1306,1305,1320,1291
2935,1467500,-0.1,0.0,0.0,0.18,-0.03,-0.04,-391.9,-336.6,-242.4,-400,-350,-250,1313,1298,1306,1324
2936,1468000,-0.1,0.0,0.0,0.18,-0.03,-0.04,-384.3,-341.4,-244.4,-400,-350,-250,1326,1276,1302,1315
2937,1468500,-0.1,0.0,0.0,0.18,-0.03,-0.04,-382.4,-338.3,-243.0,-400,-350,-250,1303,1304,1290,1299
2938,1469000,-0.1,0.0,0.0,0.18,-0.03,-0.04,-391.9,-350.4,-247.4,-400,-350,-250,1262,1318,1306,1279
2939,1469500,-0.1,0.0,0.0,0.18,-0.03,-0.04,-401.0,-349.1,-240.0,-400,-350,-250,1311,1288,1296,1280
2940,1470000,-0.1,0.0,0.0,0.17,-0.03,-0.04,-401.9,-355.4,-241.9,-400,-350,-250,1314,1323,1310,1292
2941,1470500,-0.1,0.0,0.0,0.17,-0.03,-0.04,-397.1,-349.8,-254.5,-400,-350,-250,1278,1303,1285,1299
2942,1471000,-0.0,0.0,0.0,0.17,-0.03,-0.04,-411.8,-361.3,-250.7,-400,-350,-250,1311,1305,1299,1305
2943,1471500,-0.0,0.0,0.0,0.17,-0.03,-0.04,-409.5,-353.5,-250.5,-400,-350,-250,1293,1280,1302,1278
2944,1472000,-0.0,0.0,0.0,0.16,-0.03,-0.04,-399.6,-358.4,-256.6,-400,-350,-250,1305,1294,1291,1286
2945,1472500,-0.0,0.0,0.0,0.16,-0.03,-0.03,-400.6,-358.6,-254.8,-400,-350,-250,1324,1298,1294,1296
2946,1473000,-0.0,0.0,0.0,0.16,-0.03,-0.03,-406.8,-362.5,-255.1,-400,-350,-250,1298,1290,1312,1323
2947,1473500,-0.0,0.0,0.0,0.15,-0.03,-0.03,-410.7,-358.6,-258.6,-400,-350,-250,1309,1313,1299,1288
2948,1474000,-0.0,0.0,0.0,0.15,-0.03,-0.03,-408.1,-352.6,-248.9,-400,-350,-250,1304,1288,1338,1318
2949,1474500,-0.0,0.0,0.0,0.15,-0.03,-0.03,-406.1,-358.8,-257.4,-400,-350,-250,1345,1319,1285,1289
2950,1475000,-0.0,0.0,0.0,0.14,-0.03,-0.03,-402.3,-356.0,-248.9,-400,-350,-250,1284,1296,1309,1296
2951,1475500,-0.0,0.0,0.0,0.14,-0.03,-0.03,-394.2,-350.5,-243.9,-400,-350,-250,1290,1291,1278,1305
2952,1476000,-0.0,0.0,0.0,0.14,-0.03,-0.03,-392.8,-345.7,-240.2,-400,-350,-250,1309,1305,1276,1297
2953,1476500,-0.0,0.0,0.0,0.13,-0.03,-0.03,-392.1,-348.6,-238.2,-400,-350,-250,1304,1321,1280,1326
2954,1477000,-0.0,0.0,0.0,0.13,-0.03,-0.03,-386.6,-341.7,-243.9,-400,-350,-250,1323,1284,1296,1316
2955,1477500,0.0,0.0,0.0,0.13,-0.02,-0.03,-391.9,-345.0,-246.3,-400,-350,-250,1291,1317,1340,1284
2956,1478000,0.0,0.0,0.0,0.12,-0.02,-0.03,-396.8,-339.5,-242.8,-400,-350,-250,1292,1296,1318,1310
2957,1478500,0.0,0.0,0.0,0.12,-0.02,-0.03,-395.9,-341.0,-247.9,-400,-350,-250,1315,1268,1291,1311
2958,1479000,0.0,0.0,0.0,0.11,-0.02,-0.03,-387.9,-342.7,-253.0,-400,-350,-250,1295,1312,1307,1303
2959,1479500,0.0,0.0,0.0,0.11,-0.02,-0.03,-399.3,-354.9,-249.1,-400,-350,-250,1299,1288,1284,1303
2960,1480000,0.0,0.0,0.0,0.11,-0.02,-0.03,-401.2,-349.0,-245.6,-400,-350,-250,1287,1312,1280,1310
2961,1480500,0.0,0.0,0.0,0.1,-0.02,-0.03,-400.9,-350.4,-249.7,-400,-350,-250,1300,1271,1322,1300
2962,1481000,0.0,0.0,0.0,0.1,-0.02,-0.03,-404.1,-354.6,-253.4,-400,-350,-250,1293,1276,1279,1323
2963,1481500,0.0,0.0,0.0,0.09,-0.02,-0.03,-404.5,-361.2,-250.6,-400,-350,-250,1300,1280,1284,1286
2964,1482000,0.0,0.0,0.0,0.09,-0.02,-0.03,-403.7,-355.1,-259.3,-400,-350,-250,1292,1285,1297,1280
2965,1482500,0.0,0.0,0.0,0.09,-0.02,-0.02,-405.3,-359.0,-255.0,-400,-350,-250,1319,1300,1309,1250
2966,1483000,0.0,0.0,0.0,0.08,-0.02,-0.02,-412.3,-357.3,-262.0,-400,-350,-250,1311,1290,1293,1263
2967,1483500,0.0,0.0,0.0,0.08,-0.02,-0.02,-404.7,-359.3,-252.2,-400,-350,-250,1303,1294,1308,1291
2968,1484000,0.0,0.0,0.0,0.08,-0.02,-0.02,-409.0,-355.6,-256.5,-400,-350,-250,1311,1284,1279,1315
2969,1484500,0.0,0.0,0.0,0.07,-0.02,-0.02,-399.8,-354.6,-252.7,-400,-350,-250,1269,1319,1286,1262
2970,1485000,0.0,0.0,0.0,0.07,-0.02,-0.02,-401.4,-348.5,-248.0,-400,-350,-250,1298,1297,1291,1293
2971,1485500,0.0,0.0,0.0,0.06,-0.02,-0.02,-399.1,-337.8,-247.8,-400,-350,-250,1296,1263,1293,1302
2972,1486000,0.0,0.0,0.0,0.06,-0.02,-0.02,-393.0,-351.6,-246.0,-400,-350,-250,1317,1290,1290,1302
2973,1486500,0.0,0.0,0.0,0.06,-0.02,-0.02,-394.3,-345.7,-246.3,-400,-350,-250,1267,1296,1302,1302
2974,1487000,0.0,0.0,0.0,0.05,-0.02,-0.02,-395.7,-340.6,-246.7,-400,-350,-250,1268,1302,1274,1271
2975,1487500,0.0,0.0,0.0,0.05,-0.02,-0.02,-393.4,-343.1,-235.8,-400,-350,-250,1308,1323,1295,1268
2976,1488000,0.0,0.0,0.0,0.05,-0.01,-0.02,-397.7,-340.9,-247.7,-400,-350,-250,1299,1308,1301,1266
2977,1488500,0.0,0.0,0.0,0.04,-0.01,-0.02,-389.0,-336.1,-239.1,-400,-350,-250,1328,1280,1290,1304
2978,1489000,0.0,0.0,0.0,0.04,-0.01,-0.02,-391.2,-338.8,-245.5,-400,-350,-250,1281,1288,1281,1293
2979,1489500,0.0,0.0,0.0,0.04,-0.01,-0.02,-398.8,-343.9,-249.9,-400,-350,-250,1305,1280,1310,1309
2980,1490000,0.0,0.0,0.0,0.03,-0.01,-0.02,-400.1,-350.3,-248.2,-400,-350,-250,1297,1275,1301,1262
2981,1490500,0.0,0.0,0.0,0.03,-0.01,-0.02,-407.2,-356.9,-251.4,-400,-350,-250,1278,1255,1307,1282
2982,1491000,0.0,-0.0,0.0,0.03,-0.01,-0.02,-406.3,-353.1,-253.1,-400,-350,-250,1299,1270,1295,1305
2983,1491500,0.1,-0.0,0.0,0.02,-0.01,-0.02,-403.9,-350.4,-262.3,-400,-350,-250,1308,1268,1273,1293
2984,1492000,0.1,-0.0,0.0,0.02,-0.01,-0.02,-398.7,-352.9,-258.4,-400,-350,-250,1291,1306,1271,1284
2985,1492500,0.1,-0.0,0.0,0.02,-0.01,-0.02,-411.2,-353.4,-256.2,-400,-350,-250,1294,1307,1285,1276
2986,1493000,0.1,-0.0,0.0,0.01,-0.01,-0.02,-404.9,-365.4,-257.1,-400,-350,-250,1289,1264,1292,1276
2987,1493500,0.1,-0.0,0.0,0.01,-0.01,-0.02,-402.3,-354.1,-253.7,-400,-350,-250,1304,1289,1306,1298
2988,1494000,0.1,-0.0,0.0,0.01,-0.01,-0.02,-403.8,-351.3,-247.7,-400,-350,-250,1263,1281,1266,1269
2989,1494500,0.1,-0.0,0.0,0.0,-0.01,-0.02,-401.2,-357.4,-254.4,-400,-350,-250,1279,1303,1313,1290
2990,1495000,0.1,-0.0,0.0,0.0,-0.01,-0.01,-404.4,-353.3,-251.9,-400,-350,-250,1263,1269,1291,1291
2991,1495500,0.1,-0.0,0.0,-0.0,-0.01,-0.01,-398.3,-347.1,-251.6,-400,-350,-250,1286,1272,1291,1257
2992,1496000,0.1,-0.0,0.0,-0.0,-0.01,-0.01,-394.5,-345.2,-247.9,-400,-350,-250,1289,1303,1288,1316
2993,1496500,0.1,-0.0,0.0,-0.01,-0.01,-0.01,-389.9,-343.6,-245.0,-400,-350,-250,1269,1271,1290,1289
2994,1497000,0.1,-0.0,0.0,-0.01,-0.01,-0.01,-391.8,-336.0,-241.1,-400,-350,-250,1292,1283,1270,1280
2995,1497500,0.1,-0.0,0.0,-0.01,-0.01,-0.01,-392.8,-339.0,-239.3,-400,-350,-250,1271,1285,1298,1265
2996,1498000,0.1,-0.0,0.0,-0.01,-0.01,-0.01,-393.4,-347.7,-244.8,-400,-350,-250,1303,1292,1318,1270
2997,1498500,0.1,-0.0,0.0,-0.01,-0.01,-0.01,-389.5,-343.3,-249.1,-400,-350,-250,1289,1289,1282,1304
2998,1499000,0.1,-0.0,0.0,-0.02,-0.01,-0.01,-395.8,-341.1,-244.1,-400,-350,-250,1277,1291,1301,1307
2999,1499500,0.0,-0.0,0.0,-0.02,-0.01,-0.01,-391.8,-352.8,-251.4,-400,-350,-250,1281,1303,1256,1287
3000,1500000,80.0,69.9,50.0,-3.94,-2.53,-0.81,-402.6,-344.6,-244.0,400,350,250,1281,1305,1296,1282
3001,1500500,79.8,69.8,49.9,-7.74,-4.95,-1.58,-392.6,-340.3,-250.6,400,350,250,1288,1289,1297,1278
3002,1501000,79.5,69.6,49.9,-11.42,-7.29,-2.33,-398.8,-344.7,-252.5,400,350,250,1304,1288,1310,1307
3003,1501500,79.1,69.4,49.8,-14.98,-9.53,-3.05,-400.8,-346.3,-254.3,400,350,250,1275,1297,1300,1292
3004,1502000,78.6,69.1,49.7,-18.42,-11.69,-3.74,-388.7,-341.3,-252.6,400,350,250,1293,1291,1306,1271
3005,1502500,78.1,68.8,49.6,-21.73,-13.75,-4.41,-389.0,-350.1,-256.1,400,350,250,1289,1278,1272,1280
3006,1503000,77.5,68.4,49.5,-24.92,-15.73,-5.05,-378.2,-333.4,-252.3,400,350,250,1272,1286,1274,1288
3007,1503500,76.8,67.9,49.3,-27.98,-17.63,-5.67,-372.5,-328.9,-253.9,400,350,250,1281,1270,1299,1269
3008,1504000,76.0,67.4,49.2,-30.92,-19.44,-6.27,-361.1,-323.5,-255.0,400,350,250,1299,1317,1284,1282
3009,1504500,75.2,66.9,49.0,-33.73,-21.17,-6.84,-348.1,-324.5,-245.1,400,350,250,1269,1292,1302,1271
3010,1505000,74.2,66.3,48.8,-36.42,-22.81,-7.4,-341.5,-313.8,-234.4,400,350,250,1280,1270,1285,1289
3011,1505500,73.3,65.7,48.6,-38.99,-24.38,-7.93,-333.8,-311.0,-233.8,400,350,250,1258,1264,1280,1261
3012,1506000,72.2,65.1,48.4,-41.44,-25.87,-8.43,-318.0,-304.9,-232.6,400,350,250,1287,1302,1269,1286
3013,1506500,71.1,64.4,48.2,-43.76,-27.28,-8.92,-302.1,-292.7,-226.0,400,350,250,1298,1298,1280,1286
3014,1507000,70.0,63.7,48.0,-45.96,-28.62,-9.39,-296.4,-278.3,-221.6,400,350,250,1273,1317,1290,1268
3015,1507500,68.8,62.9,47.7,-48.03,-29.88,-9.84,-280.2,-269.8,-223.8,400,350,250,1267,1291,1279,1279
3016,1508000,67.5,62.2,47.5,-49.99,-31.07,-10.27,-263.1,-264.5,-222.5,400,350,250,1263,1278,1277,1274
3017,1508500,66.2,61.4,47.2,-51.83,-32.19,-10.68,-258.0,-262.6,-215.0,400,350,250,1286,1284,1289,1324
3018,1509000,64.9,60.5,46.9,-53.56,-33.24,-11.07,-246.7,-250.6,-211.4,400,350,250,1243,1290,1278,1327
3019,1509500,63.5,59.7,46.6,-55.16,-34.22,-11.44,-230.0,-241.4,-210.7,400,350,250,1276,1269,1296,1284
3020,1510000,62.1,58.8,46.3,-56.65,-35.13,-11.8,-216.1,-235.3,-217.3,400,350,250,1272,1245,1269,1284
3021,1510500,60.7,57.9,46.0,-58.03,-35.99,-12.14,-206.2,-227.1,-202.6,400,350,250,1287,1293,1274,1273
3022,1511000,59.2,57.0,45.7,-59.3,-36.77,-12.46,-198.3,-214.7,-203.6,400,350,250,1277,1285,1282,1299
3023,1511500,57.7,56.0,45.4,-60.45,-37.5,-12.77,-177.8,-213.9,-211.4,400,350,250,1241,1243,1274,1296
3024,1512000,56.1,55.1,45.1,-61.5,-38.17,-13.06,-169.3,-206.9,-203.4,400,350,250,1302,1242,1275,1270
3025,1512500,54.6,54.1,44.7,-62.44,-38.78,-13.34,-149.1,-199.3,-211.1,400,350,250,1241,1252,1271,1261
3026,1513000,53.0,53.1,44.4,-63.28,-39.33,-13.6,-143.0,-180.9,-207.7,400,350,250,1272,1295,1277,1246
3027,1513500,51.4,52.1,44.1,-64.02,-39.83,-13.85,-121.6,-179.2,-193.0,400,350,250,1264,1253,1270,1260
3028,1514000,49.8,51.1,43.7,-64.65,-40.27,-14.09,-104.3,-166.0,-194.7,400,350,250,1275,1257,1255,1280
3029,1514500,48.1,50.1,43.3,-65.19,-40.66,-14.31,-82.1,-154.1,-180.0,400,350,250,1260,1244,1275,1280
3030,1515000,46.5,49.1,43.0,-65.63,-41.0,-14.51,-73.1,-153.0,-179.0,400,350,250,1247,1283,1288,1295
3031,1515500,44.8,48.0,42.6,-65.98,-41.29,-14.71,-51.3,-129.3,-179.8,400,350,250,1286,1295,1274,1249
3032,1516000,43.2,47.0,42.2,-66.24,-41.53,-14.89,-30.5,-132.5,-167.1,400,350,250,1265,1266,1290,1288
3033,1516500,41.5,46.0,41.9,-66.41,-41.73,-15.06,-11.4,-110.1,-163.8,400,350,250,1276,1269,1262,1281
3034,1517000,39.9,44.9,41.5,-66.49,-41.88,-15.22,2.3,-89.9,-168.1,400,350,250,1259,1277,1248,1302
3035,1517500,38.2,43.9,41.1,-66.49,-41.99,-15.36,18.1,-85.4,-156.9,400,350,250,1276,1295,1267,1266
3036,1518000,36.5,42.8,40.7,-66.41,-42.06,-15.5,46.8,-71.1,-146.9,400,350,250,1274,1265,1264,1258
3037,1518500,34.9,41.8,40.3,-66.25,-42.09,-15.62,55.6,-59.2,-145.7,400,350,250,1285,1275,1279,1260
3038,1519000,33.2,40.7,39.9,-66.01,-42.08,-15.74,68.7,-45.3,-134.3,400,350,250,1268,1286,1259,1259
3039,1519500,31.6,39.7,39.5,-65.7,-42.03,-15.84,92.6,-36.1,-136.0,400,350,250,1289,1274,1270,1274
3040,1520000,30.0,38.6,39.1,-65.31,-41.94,-15.93,102.5,-31.8,-142.3,400,350,250,1254,1284,1264,1237
3041,1520500,28.3,37.6,38.7,-64.86,-41.82,-16.02,116.0,-18.5,-133.6,400,350,250,1270,1280,1289,1267
3042,1521000,26.7,36.5,38.3,-64.34,-41.67,-16.09,135.6,-5.3,-128.9,400,350,250,1263,1259,1264,1289
3043,1521500,25.1,35.5,37.9,-63.76,-41.48,-16.16,140.1,-2.6,-131.3,400,350,250,1281,1274,1247,1264
3044,1522000,23.6,34.5,37.5,-63.12,-41.27,-16.22,153.8,2.3,-130.8,400,350,250,1284,1243,1275,1256
3045,1522500,22.0,33.4,37.1,-62.42,-41.02,-16.27,173.5,4.3,-118.3,400,350,250,1267,1272,1305,1244
3046,1523000,20.5,32.4,36.7,-61.66,-40.75,-16.31,188.9,16.0,-124.3,400,350,250,1264,1278,1281,1271
3047,1523500,18.9,31.4,36.3,-60.85,-40.45,-16.34,208.1,27.4,-125.3,400,350,250,1244,1282,1264,1277
3048,1524000,17.4,30.4,35.9,-59.99,-40.12,-16.37,220.8,34.7,-111.3,400,350,250,1281,1295,1280,1252
3049,1524500,16.0,29.4,35.5,-59.08,-39.77,-16.38,235.1,48.9,-118.1,400,350,250,1282,1265,1275,1294
3050,1525000,14.5,28.4,35.1,-58.13,-39.4,-16.39,253.5,57.4,-104.5,400,350,250,1284,1271,1285,1278
3051,1525500,13.1,27.4,34.7,-57.13,-39.01,-16.4,262.0,75.9,-103.0,400,350,250,1261,1263,1241,1284
3052,1526000,11.7,26.5,34.3,-56.09,-38.59,-16.39,274.6,74.2,-94.8,400,350,250,1235,1264,1279,1273
3053,1526500,10.3,25.5,33.8,-55.01,-38.15,-16.39,296.9,92.0,-93.8,400,350,250,1272,1280,1267,1282
3054,1527000,9.0,24.6,33.4,-53.9,-37.7,-16.37,301.2,101.1,-94.4,400,350,250,1261,1270,1248,1259
3055,1527500,7.6,23.7,33.0,-52.75,-37.23,-16.35,326.0,112.9,-78.4,400,350,250,1282,1267,1283,1274
3056,1528000,6.3,22.7,32.6,-51.58,-36.74,-16.32,339.1,127.6,-67.7,400,350,250,1258,1257,1285,1280
3057,1528500,5.1,21.8,32.2,-50.37,-36.23,-16.29,357.9,135.8,-66.6,400,350,250,1273,1273,1280,1250
3058,1529000,3.9,20.9,31.8,-49.14,-35.72,-16.25,372.2,143.8,-64.7,400,350,250,1259,1258,1282,1285
3059,1529500,2.7,20.1,31.4,-47.89,-35.18,-16.21,389.5,154.2,-55.7,400,350,250,1286,1240,1278,1294
3060,1530000,1.5,19.2,31.0,-46.61,-34.64,-16.16,396.4,162.5,-52.9,400,350,250,1268,1255,1250,1283
3061,1530500,0.4,18.3,30.6,-45.31,-34.08,-16.1,399.4,177.5,-53.7,400,350,250,1253,1231,1227,1293
3062,1531000,-0.7,17.5,30.2,-44.0,-33.52,-16.05,409.9,178.7,-43.2,400,350,250,1243,1265,1282,1277
3063,1531500,-1.8,16.7,29.8,-42.67,-32.94,-15.98,427.4,186.2,-50.5,400,350,250,1265,1273,1249,1260
3064,1532000,-2.8,15.9,29.4,-41.33,-32.35,-15.92,429.6,201.6,-45.2,400,350,250,1252,1261,1255,1265
3065,1532500,-3.8,15.1,29.0,-39.97,-31.76,-15.85,435.5,193.5,-43.5,400,350,250,1235,1290,1285,1262
3066,1533000,-4.8,14.3,28.6,-38.61,-31.16,-15.77,446.0,207.0,-37.5,400,350,250,1250,1250,1276,1260
3067,1533500,-5.7,13.5,28.2,-37.24,-30.55,-15.69,454.3,208.4,-33.2,400,350,250,1261,1267,1272,1233
3068,1534000,-6.6,12.8,27.8,-35.86,-29.94,-15.61,463.9,221.4,-36.3,400,350,250,1238,1269,1250,1248
3069,1534500,-7.5,12.1,27.4,-34.48,-29.32,-15.52,474.1,222.0,-35.8,400,350,250,1243,1269,1268,1269
3070,1535000,-8.3,11.3,27.0,-33.1,-28.7,-15.44,471.0,226.4,-28.0,400,350,250,1256,1263,1257,1262
3071,1535500,-9.1,10.6,26.7,-31.72,-28.07,-15.34,484.5,239.0,-18.7,400,350,250,1261,1231,1284,1239
3072,1536000,-9.9,9.9,26.3,-30.34,-27.45,-15.25,493.2,248.9,-16.8,400,350,250,1282,1262,1295,1270
3073,1536500,-10.6,9.3,25.9,-28.97,-26.82,-15.15,494.1,255.0,-15.5,400,350,250,1278,1251,1274,1242
3074,1537000,-11.3,8.6,25.5,-27.6,-26.19,-15.05,508.2,259.9,-4.1,400,350,250,1249,1266,1278,1234
3075,1537500,-11.9,8.0,25.2,-26.23,-25.55,-14.95,524.1,268.3,-2.2,400,350,250,1291,1260,1272,1280
3076,1538000,-12.6,7.4,24.8,-24.88,-24.92,-14.84,532.2,282.0,0.3,400,350,250,1266,1239,1242,1256
3077,1538500,-13.1,6.8,24.4,-23.53,-24.29,-14.73,532.8,282.9,5.4,400,350,250,1286,1240,1268,1241
3078,1539000,-13.7,6.2,24.0,-22.19,-23.66,-14.62,542.8,289.4,7.1,400,350,250,1229,1278,1279,1256
3079,1539500,-14.2,5.6,23.7,-20.87,-23.03,-14.51,547.5,301.5,12.8,400,350,250,1269,1305,1253,1234
3080,1540000,-14.7,5.0,23.3,-19.56,-22.4,-14.4,551.7,306.7,22.4,400,350,250,1286,1269,1250,1263
3081,1540500,-15.2,4.5,23.0,-18.26,-21.77,-14.28,557.2,309.4,33.9,400,350,250,1256,1250,1281,1255
3082,1541000,-15.6,4.0,22.6,-16.98,-21.15,-14.16,567.3,307.0,34.0,400,350,250,1241,1253,1272,1285
3083,1541500,-16.0,3.4,22.3,-15.72,-20.53,-14.04,557.1,327.6,32.7,400,350,250,1251,1274,1256,1250
3084,1542000,-16.3,2.9,21.9,-14.47,-19.92,-13.92,568.0,325.1,34.2,400,350,250,1274,1283,1244,1248
3085,1542500,-16.7,2.5,21.6,-13.25,-19.3,-13.8,570.0,326.1,38.4,400,350,250,1260,1257,1246,1262
3086,1543000,-17.0,2.0,21.2,-12.04,-18.7,-13.67,566.5,330.4,39.0,400,350,250,1258,1270,1254,1242
3087,1543500,-17.3,1.5,20.9,-10.86,-18.1,-13.55,574.0,333.9,44.1,400,350,250,1282,1280,1257,1242
3088,1544000,-17.5,1.1,20.6,-9.69,-17.5,-13.42,573.7,336.0,39.2,400,350,250,1233,1274,1242,1272
3089,1544500,-17.7,0.7,20.2,-8.55,-16.91,-13.29,577.3,335.4,45.4,400,350,250,1255,1234,1247,1258
3090,1545000,-17.9,0.3,19.9,-7.43,-16.33,-13.17,577.2,338.8,44.7,400,350,250,1272,1250,1246,1233
3091,1545500,-18.1,-0.1,19.6,-6.33,-15.75,-13.04,575.6,341.7,43.7,400,350,250,1249,1244,1300,1247
3092,1546000,-18.2,-0.5,19.2,-5.26,-15.18,-12.91,577.7,342.6,53.8,400,350,250,1261,1250,1289,1241
3093,1546500,-18.3,-0.9,18.9,-4.22,-14.61,-12.78,571.2,339.8,44.0,400,350,250,1244,1254,1267,1254
3094,1547000,-18.4,-1.2,18.6,-3.2,-14.05,-12.64,573.8,351.5,63.8,400,350,250,1248,1281,1253,1249
3095,1547500,-18.4,-1.6,18.3,-2.2,-13.5,-12.51,577.0,361.9,64.6,400,350,250,1249,1262,1235,1229
3096,1548000,-18.5,-1.9,18.0,-1.24,-12.96,-12.38,573.9,362.7,63.2,400,350,250,1265,1249,1247,1249
3097,1548500,-18.5,-2.2,17.7,-0.3,-12.43,-12.25,576.2,364.5,78.6,400,350,250,1262,1232,1235,1259
3098,1549000,-18.4,-2.5,17.4,0.62,-11.9,-12.11,575.1,365.0,73.8,400,350,250,1244,1265,1237,1234
3099,1549500,-18.4,-2.8,17.1,1.5,-11.38,-11.98,587.4,375.4,81.3,400,350,250,1224,1247,1280,1231
3100,1550000,-18.4,-3.0,16.8,2.36,-10.87,-11.84,586.6,383.3,86.1,400,350,250,1250,1264,1242,1238
3101,1550500,-18.3,-3.3,16.5,3.19,-10.37,-11.71,588.4,389.0,82.7,400,350,250,1264,1246,1267,1252
3102,1551000,-18.2,-3.6,16.2,3.99,-9.88,-11.58,582.9,390.2,97.0,400,350,250,1268,1249,1262,1272
3103,1551500,-18.1,-3.8,15.9,4.77,-9.4,-11.44,588.6,400.6,100.4,400,350,250,1237,1233,1239,1278
3104,1552000,-17.9,-4.0,15.6,5.51,-8.92,-11.31,591.0,393.6,100.7,400,350,250,1283,1239,1252,1246
3105,1552500,-17.8,-4.2,15.4,6.23,-8.46,-11.17,587.9,391.5,104.7,400,350,250,1254,1269,1258,1257
3106,1553000,-17.6,-4.4,15.1,6.91,-8.0,-11.04,578.1,401.4,103.2,400,350,250,1278,1256,1251,1253
3107,1553500,-17.4,-4.6,14.8,7.57,-7.55,-10.9,579.0,399.3,109.4,400,350,250,1250,1237,1264,1262
3108,1554000,-17.2,-4.8,14.5,8.2,-7.11,-10.77,579.6,399.4,111.6,400,350,250,1273,1260,1256,1250
3109,1554500,-17.0,-5.0,14.3,8.8,-6.69,-10.64,564.6,396.8,108.4,400,350,250,1266,1258,1242,1253
3110,1555000,-16.7,-5.1,14.0,9.38,-6.27,-10.5,566.3,397.5,109.2,400,350,250,1263,1232,1243,1249
3111,1555500,-16.5,-5.3,13.7,9.92,-5.86,-10.37,558.2,396.3,111.8,400,350,250,1282,1251,1242,1274
3112,1556000,-16.2,-5.4,13.5,10.44,-5.46,-10.24,558.6,392.1,108.7,400,350,250,1220,1244,1271,1280
3113,1556500,-16.0,-5.5,13.2,10.92,-5.07,-10.11,567.3,403.6,110.7,400,350,250,1239,1243,1233,1235
3114,1557000,-15.7,-5.6,13.0,11.39,-4.68,-9.97,551.5,400.4,114.3,400,350,250,1246,1226,1257,1249
3115,1557500,-15.4,-5.7,12.7,11.82,-4.31,-9.84,550.0,401.1,111.5,400,350,250,1262,1260,1244,1259
3116,1558000,-15.1,-5.8,12.5,12.22,-3.95,-9.71,545.5,399.6,118.9,400,350,250,1236,1268,1241,1262
3117,1558500,-14.8,-5.9,12.3,12.6,-3.6,-9.58,548.5,403.2,123.8,400,350,250,1270,1219,1280,1257
3118,1559000,-14.4,-6.0,12.0,12.96,-3.25,-9.45,534.1,405.5,133.0,400,350,250,1249,1268,1264,1238
3119,1559500,-14.1,-6.1,11.8,13.28,-2.92,-9.32,538.6,413.9,125.0,400,350,250,1248,1239,1239,1244
3120,1560000,-13.8,-6.2,11.6,13.58,-2.6,-9.19,526.8,406.8,125.3,400,350,250,1232,1238,1263,1230
3121,1560500,-13.4,-6.2,11.3,13.86,-2.28,-9.07,537.3,410.1,133.2,400,350,250,1221,1249,1245,1259
3122,1561000,-13.1,-6.3,11.1,14.11,-1.98,-8.94,529.6,405.8,142.6,400,350,250,1267,1246,1248,1253
3123,1561500,-12.7,-6.3,10.9,14.33,-1.68,-8.81,531.4,426.7,144.0,400,350,250,1253,1260,1254,1220
3124,1562000,-12.3,-6.3,10.7,14.53,-1.39,-8.69,529.8,417.0,144.1,400,350,250,1260,1235,1252,1235
3125,1562500,-12.0,-6.4,10.5,14.71,-1.11,-8.56,528.2,425.0,148.1,400,350,250,1233,1260,1232,1261
3126,1563000,-11.6,-6.4,10.2,14.86,-0.84,-8.44,524.3,417.1,152.1,400,350,250,1265,1257,1247,1248
3127,1563500,-11.2,-6.4,10.0,15.0,-0.58,-8.32,523.8,418.6,158.2,400,350,250,1251,1265,1239,1242
3128,1564000,-10.8,-6.4,9.8,15.1,-0.33,-8.19,516.3,420.2,157.5,400,350,250,1253,1237,1240,1248
3129,1564500,-10.5,-6.4,9.6,15.19,-0.09,-8.07,511.4,418.8,159.5,400,350,250,1226,1233,1233,1228
3130,1565000,-10.1,-6.4,9.4,15.26,0.14,-7.95,511.8,427.7,159.7,400,350,250,1242,1241,1238,1235
3131,1565500,-9.7,-6.4,9.2,15.3,0.37,-7.83,504.3,419.6,156.0,400,350,250,1246,1231,1252,1232
3132,1566000,-9.3,-6.4,9.0,15.33,0.59,-7.71,496.1,412.7,160.5,400,350,250,1249,1253,1222,1235
3133,1566500,-8.9,-6.4,8.9,15.34,0.8,-7.6,486.1,406.8,162.4,400,350,250,1239,1238,1230,1270
3134,1567000,-8.6,-6.3,8.7,15.32,1.0,-7.48,480.1,401.0,160.0,400,350,250,1247,1226,1240,1208
3135,1567500,-8.2,-6.3,8.5,15.29,1.19,-7.37,477.2,409.7,157.9,400,350,250,1225,1226,1234,1258
3136,1568000,-7.8,-6.3,8.3,15.24,1.37,-7.25,473.3,405.4,160.0,400,350,250,1254,1231,1228,1253
3137,1568500,-7.4,-6.2,8.1,15.17,1.55,-7.14,468.1,411.5,161.8,400,350,250,1236,1248,1244,1242
3138,1569000,-7.0,-6.2,7.9,15.09,1.72,-7.02,459.8,402.7,160.8,400,350,250,1234,1260,1227,1248
3139,1569500,-6.7,-6.1,7.8,14.99,1.88,-6.91,461.6,398.4,169.6,400,350,250,1244,1246,1243,1256
3140,1570000,-6.3,-6.1,7.6,14.88,2.03,-6.8,457.9,401.9,164.9,400,350,250,1227,1228,1228,1243
3141,1570500,-5.9,-6.0,7.4,14.75,2.18,-6.69,457.4,403.9,174.1,400,350,250,1257,1250,1215,1201
3142,1571000,-5.6,-6.0,7.3,14.61,2.32,-6.58,457.1,409.2,169.0,400,350,250,1229,1243,1240,1220
3143,1571500,-5.2,-5.9,7.1,14.45,2.45,-6.48,456.0,407.5,182.1,400,350,250,1249,1244,1231,1250
3144,1572000,-4.8,-5.9,7.0,14.28,2.58,-6.37,462.9,414.4,187.8,400,350,250,1219,1252,1216,1237
3145,1572500,-4.5,-5.8,6.8,14.09,2.69,-6.26,451.1,412.8,171.6,400,350,250,1229,1204,1236,1219
3146,1573000,-4.1,-5.7,6.6,13.9,2.81,-6.16,446.0,407.8,175.3,400,350,250,1237,1242,1256,1262
3147,1573500,-3.8,-5.6,6.5,13.69,2.91,-6.06,433.9,394.6,165.6,400,350,250,1218,1224,1253,1221
3148,1574000,-3.5,-5.6,6.3,13.48,3.01,-5.95,437.3,406.6,184.5,400,350,250,1254,1231,1258,1243
3149,1574500,-3.1,-5.5,6.2,13.25,3.1,-5.85,433.4,406.3,184.2,400,350,250,1237,1250,1236,1235
3150,1575000,-2.8,-5.4,6.1,13.01,3.19,-5.75,441.7,422.6,190.9,400,350,250,1261,1242,1242,1230
3151,1575500,-2.5,-5.3,5.9,12.77,3.27,-5.66,426.0,406.8,194.9,400,350,250,1234,1235,1252,1266
3152,1576000,-2.2,-5.3,5.8,12.51,3.34,-5.56,415.3,400.0,190.6,400,350,250,1248,1229,1243,1244
3153,1576500,-1.9,-5.2,5.6,12.25,3.41,-5.46,407.3,395.1,186.9,400,350,250,1233,1268,1248,1230
3154,1577000,-1.6,-5.1,5.5,11.98,3.47,-5.37,418.3,397.6,188.9,400,350,250,1226,1260,1226,1248
3155,1577500,-1.3,-5.0,5.4,11.71,3.53,-5.27,419.4,402.5,204.2,400,350,250,1259,1243,1244,1254
3156,1578000,-1.0,-4.9,5.2,11.43,3.58,-5.18,416.9,411.2,207.4,400,350,250,1246,1248,1238,1254
3157,1578500,-0.7,-4.8,5.1,11.14,3.63,-5.09,406.0,399.8,195.7,400,350,250,1280,1249,1245,1252
3158,1579000,-0.4,-4.7,5.0,10.84,3.67,-4.99,392.7,398.1,188.6,400,350,250,1254,1239,1256,1255
3159,1579500,-0.2,-4.6,4.9,10.55,3.71,-4.9,396.0,393.6,193.4,400,350,250,1249,1241,1235,1229
3160,1580000,0.1,-4.5,4.7,10.24,3.75,-4.82,399.0,400.7,197.6,400,350,250,1238,1235,1252,1215
3161,1580500,0.3,-4.4,4.6,9.94,3.77,-4.73,402.5,396.6,204.9,400,350,250,1249,1249,1250,1264
3162,1581000,0.6,-4.3,4.5,9.63,3.8,-4.64,395.3,404.7,213.8,400,350,250,1283,1267,1254,1217
3163,1581500,0.8,-4.2,4.4,9.32,3.82,-4.56,394.4,400.0,210.8,400,350,250,1245,1228,1247,1224
3164,1582000,1.0,-4.2,4.3,9.01,3.83,-4.47,381.1,384.5,203.5,400,350,250,1237,1246,1246,1251
3165,1582500,1.3,-4.1,4.2,8.69,3.84,-4.39,383.4,385.9,200.5,400,350,250,1250,1238,1229,1238
3166,1583000,1.5,-4.0,4.1,8.37,3.85,-4.3,384.2,380.3,211.4,400,350,250,1253,1224,1232,1234
3167,1583500,1.7,-3.9,4.0,8.06,3.86,-4.22,379.7,387.2,217.7,400,350,250,1218,1281,1269,1272
3168,1584000,1.9,-3.8,3.9,7.74,3.86,-4.14,390.0,399.0,223.3,400,350,250,1233,1272,1236,1243
3169,1584500,2.0,-3.7,3.8,7.42,3.85,-4.06,369.7,386.2,206.3,400,350,250,1283,1254,1262,1241
3170,1585000,2.2,-3.6,3.7,7.1,3.85,-3.99,375.8,382.2,206.1,400,350,250,1257,1242,1229,1218
3171,1585500,2.4,-3.5,3.6,6.78,3.84,-3.91,363.0,380.7,216.0,400,350,250,1242,1240,1269,1247
3172,1586000,2.6,-3.4,3.5,6.47,3.82,-3.83,375.4,383.4,205.0,400,350,250,1228,1254,1251,1245
3173,1586500,2.7,-3.3,3.4,6.15,3.81,-3.76,373.5,389.4,221.1,400,350,250,1234,1246,1253,1283
3174,1587000,2.9,-3.2,3.3,5.84,3.79,-3.68,382.3,384.5,226.8,400,350,250,1226,1214,1238,1279
3175,1587500,3.0,-3.1,3.2,5.53,3.77,-3.61,373.4,378.3,220.0,400,350,250,1218,1247,1235,1231
3176,1588000,3.1,-3.0,3.1,5.22,3.74,-3.54,361.0,370.6,214.2,400,350,250,1231,1256,1258,1263
3177,1588500,3.2,-2.9,3.0,4.91,3.72,-3.47,364.1,375.8,218.0,400,350,250,1270,1267,1269,1230
3178,1589000,3.4,-2.8,2.9,4.61,3.69,-3.4,365.6,384.4,218.5,400,350,250,1263,1268,1272,1242
3179,1589500,3.5,-2.7,2.8,4.31,3.66,-3.33,372.7,383.1,230.6,400,350,250,1222,1250,1270,1251
3180,1590000,3.6,-2.6,2.8,4.01,3.62,-3.26,374.5,388.3,229.1,400,350,250,1245,1243,1233,1245
3181,1590500,3.7,-2.5,2.7,3.72,3.59,-3.2,362.1,378.9,219.8,400,350,250,1242,1251,1249,1272
3182,1591000,3.7,-2.5,2.6,3.43,3.55,-3.13,356.1,373.9,217.8,400,350,250,1212,1250,1235,1253
3183,1591500,3.8,-2.4,2.5,3.15,3.51,-3.07,352.1,371.6,217.7,400,350,250,1247,1285,1248,1246
3184,1592000,3.9,-2.3,2.5,2.87,3.47,-3.0,360.6,376.8,227.4,400,350,250,1254,1271,1244,1264
3185,1592500,4.0,-2.2,2.4,2.59,3.43,-2.94,370.6,380.0,230.9,400,350,250,1251,1271,1212,1277
3186,1593000,4.0,-2.1,2.3,2.32,3.38,-2.88,361.7,380.7,234.8,400,350,250,1260,1262,1246,1279
3187,1593500,4.1,-2.0,2.2,2.06,3.34,-2.82,358.3,372.4,225.5,400,350,250,1249,1271,1239,1254
3188,1594000,4.1,-1.9,2.2,1.8,3.29,-2.76,348.6,356.0,225.5,400,350,250,1255,1226,1253,1290
3189,1594500,4.2,-1.9,2.1,1.54,3.24,-2.7,357.5,362.4,225.1,400,350,250,1251,1258,1253,1258
3190,1595000,4.2,-1.8,2.0,1.29,3.19,-2.64,358.0,373.2,226.6,400,350,250,1228,1229,1244,1257
3191,1595500,4.2,-1.7,2.0,1.05,3.14,-2.58,367.3,377.4,231.0,400,350,250,1231,1265,1283,1265
3192,1596000,4.2,-1.6,1.9,0.81,3.09,-2.53,362.3,375.8,242.8,400,350,250,1271,1259,1251,1247
3193,1596500,4.2,-1.6,1.8,0.58,3.04,-2.47,353.7,358.6,230.9,400,350,250,1272,1252,1268,1267
3194,1597000,4.3,-1.5,1.8,0.36,2.98,-2.42,349.8,357.5,231.1,400,350,250,1245,1246,1250,1245
3195,1597500,4.3,-1.4,1.7,0.14,2.93,-2.36,355.0,361.8,226.8,400,350,250,1267,1229,1258,1294
3196,1598000,4.3,-1.3,1.7,-0.07,2.88,-2.31,364.0,361.7,239.5,400,350,250,1247,1266,1268,1235
3197,1598500,4.2,-1.3,1.6,-0.28,2.82,-2.26,372.5,364.4,239.4,400,350,250,1268,1267,1261,1252
3198,1599000,4.2,-1.2,1.6,-0.48,2.76,-2.21,365.5,368.0,237.7,400,350,250,1275,1282,1249,1252
3199,1599500,4.2,-1.1,1.5,-0.67,2.71,-2.16,350.5,353.5,232.8,400,350,250,1273,1236,1255,1263
3200,1600000,4.2,-1.1,1.4,-0.86,2.65,-2.11,348.4,357.0,230.7,400,350,250,1258,1277,1264,1275
3201,1600500,4.2,-1.0,1.4,-1.04,2.59,-2.06,356.8,354.9,238.3,400,350,250,1249,1265,1254,1246
3202,1601000,4.1,-0.9,1.3,-1.22,2.54,-2.01,356.8,367.7,245.6,400,350,250,1276,1229,1269,1261
3203,1601500,4.1,-0.9,1.3,-1.38,2.48,-1.96,369.0,367.4,247.0,400,350,250,1267,1276,1262,1251
3204,1602000,4.1,-0.8,1.3,-1.54,2.42,-1.92,354.2,363.2,232.7,400,350,250,1251,1260,1258,1248
3205,1602500,4.0,-0.8,1.2,-1.7,2.36,-1.87,363.3,348.0,239.2,400,350,250,1256,1258,1261,1267
3206,1603000,4.0,-0.7,1.2,-1.84,2.31,-1.83,345.8,351.7,230.4,400,350,250,1260,1261,1259,1277
3207,1603500,3.9,-0.6,1.1,-1.99,2.25,-1.78,353.8,350.1,237.8,400,350,250,1258,1275,1217,1257
3208,1604000,3.9,-0.6,1.1,-2.12,2.19,-1.74,365.9,367.6,247.9,400,350,250,1247,1277,1248,1266
3209,1604500,3.8,-0.5,1.0,-2.25,2.13,-1.7,367.8,357.2,250.6,400,350,250,1270,1256,1249,1249
3210,1605000,3.8,-0.5,1.0,-2.37,2.07,-1.66,364.7,362.3,241.2,400,350,250,1261,1256,1243,1256
3211,1605500,3.7,-0.4,0.9,-2.48,2.02,-1.62,355.7,354.5,236.6,400,350,250,1282,1261,1265,1284
3212,1606000,3.6,-0.4,0.9,-2.59,1.96,-1.58,358.2,346.8,235.6,400,350,250,1268,1280,1253,1255
3213,1606500,3.6,-0.3,0.9,-2.69,1.9,-1.54,358.4,356.0,241.8,400,350,250,1258,1271,1292,1275
3214,1607000,3.5,-0.3,0.8,-2.79,1.85,-1.5,369.9,354.2,249.3,400,350,250,1303,1281,1258,1239
3215,1607500,3.4,-0.2,0.8,-2.88,1.79,-1.46,377.1,356.4,247.8,400,350,250,1296,1257,1260,1304
3216,1608000,3.4,-0.2,0.8,-2.96,1.73,-1.43,375.3,344.2,247.5,400,350,250,1260,1266,1254,1268
3217,1608500,3.3,-0.2,0.7,-3.04,1.68,-1.39,364.4,344.9,240.6,400,350,250,1275,1246,1291,1266
3218,1609000,3.2,-0.1,0.7,-3.11,1.62,-1.35,364.5,350.0,236.0,400,350,250,1302,1251,1248,1259
3219,1609500,3.1,-0.1,0.7,-3.18,1.57,-1.32,375.3,356.1,245.7,400,350,250,1250,1259,1262,1266
3220,1610000,3.0,-0.0,0.6,-3.23,1.52,-1.28,371.0,356.6,247.9,400,350,250,1272,1250,1256,1267
3221,1610500,3.0,-0.0,0.6,-3.29,1.46,-1.25,380.2,357.4,251.8,400,350,250,1263,1256,1259,1252
3222,1611000,2.9,0.0,0.6,-3.34,1.41,-1.22,374.2,352.0,244.5,400,350,250,1252,1259,1263,1281
3223,1611500,2.8,0.1,0.5,-3.38,1.36,-1.19,364.4,343.9,235.7,400,350,250,1276,1262,1253,1236
3224,1612000,2.7,0.1,0.5,-3.42,1.31,-1.15,365.0,340.9,243.0,400,350,250,1247,1257,1247,1278
3225,1612500,2.6,0.1,0.5,-3.45,1.26,-1.12,374.9,347.2,247.7,400,350,250,1269,1259,1265,1275
3226,1613000,2.5,0.2,0.4,-3.48,1.21,-1.09,385.2,362.3,253.4,400,350,250,1268,1268,1254,1264
3227,1613500,2.4,0.2,0.4,-3.5,1.16,-1.06,384.3,353.0,251.0,400,350,250,1248,1276,1283,1267
3228,1614000,2.4,0.2,0.4,-3.51,1.11,-1.03,376.6,348.1,245.7,400,350,250,1264,1282,1302,1283
3229,1614500,2.3,0.2,0.4,-3.53,1.06,-1.0,371.6,339.2,234.3,400,350,250,1283,1264,1276,1260
3230,1615000,2.2,0.3,0.3,-3.53,1.01,-0.98,362.2,349.7,235.6,400,350,250,1277,1285,1243,1271
3231,1615500,2.1,0.3,0.3,-3.54,0.97,-0.95,379.9,342.1,255.1,400,350,250,1261,1276,1269,1297
3232,1616000,2.0,0.3,0.3,-3.53,0.92,-0.92,383.6,352.5,255.4,400,350,250,1279,1268,1286,1286
3233,1616500,1.9,0.3,0.3,-3.53,0.88,-0.89,388.3,346.9,249.1,400,350,250,1244,1261,1282,1293
3234,1617000,1.8,0.4,0.3,-3.52,0.83,-0.87,380.8,348.1,244.1,400,350,250,1265,1280,1244,1266
3235,1617500,1.7,0.4,0.2,-3.5,0.79,-0.84,371.7,339.8,242.6,400,350,250,1273,1290,1271,1289
3236,1618000,1.6,0.4,0.2,-3.49,0.75,-0.82,379.2,332.5,242.5,400,350,250,1256,1264,1233,1266
3237,1618500,1.6,0.4,0.2,-3.47,0.71,-0.79,385.5,343.9,249.6,400,350,250,1282,1271,1280,1257
3238,1619000,1.5,0.4,0.2,-3.44,0.67,-0.77,399.8,349.6,251.0,400,350,250,1273,1279,1290,1282
3239,1619500,1.4,0.4,0.2,-3.41,0.63,-0.75,394.8,344.1,254.0,400,350,250,1262,1238,1293,1253
3240,1620000,1.3,0.5,0.1,-3.38,0.59,-0.72,386.4,345.7,244.3,400,350,250,1256,1291,1271,1274
3241,1620500,1.2,0.5,0.1,-3.34,0.55,-0.7,380.6,338.9,243.6,400,350,250,1274,1286,1271,1251
3242,1621000,1.1,0.5,0.1,-3.31,0.51,-0.68,381.2,343.2,241.2,400,350,250,1275,1283,1262,1271
3243,1621500,1.1,0.5,0.1,-3.26,0.48,-0.66,388.1,343.8,254.9,400,350,250,1275,1255,1266,1261
3244,1622000,1.0,0.5,0.1,-3.22,0.44,-0.64,396.7,350.1,255.1,400,350,250,1306,1265,1252,1266
3245,1622500,0.9,0.5,0.1,-3.17,0.41,-0.62,399.5,347.5,255.7,400,350,250,1268,1266,1294,1277
3246,1623000,0.8,0.5,0.0,-3.12,0.37,-0.6,385.1,343.1,239.6,400,350,250,1250,1268,1266,1274
3247,1623500,0.7,0.5,0.0,-3.07,0.34,-0.58,379.8,338.5,241.2,400,350,250,1269,1278,1268,1289
3248,1624000,0.7,0.5,0.0,-3.02,0.31,-0.56,386.9,342.8,246.3,400,350,250,1239,1259,1266,1280
3249,1624500,0.6,0.6,-0.0,-2.96,0.28,-0.54,393.8,347.2,253.0,400,350,250,1252,1266,1288,1288
3250,1625000,0.5,0.6,-0.0,-2.9,0.25,-0.52,398.3,348.9,254.9,400,350,250,1242,1307,1263,1278
3251,1625500,0.5,0.6,-0.0,-2.85,0.22,-0.5,395.6,345.3,246.2,400,350,250,1258,1272,1264,1285
3252,1626000,0.4,0.6,-0.0,-2.78,0.19,-0.48,388.4,340.2,246.7,400,350,250,1256,1292,1271,1311
3253,1626500,0.3,0.6,-0.1,-2.72,0.16,-0.47,387.0,340.7,245.8,400,350,250,1252,1251,1253,1287
3254,1627000,0.2,0.6,-0.1,-2.66,0.14,-0.45,396.0,346.5,244.7,400,350,250,1287,1275,1284,1284
3255,1627500,0.2,0.6,-0.1,-2.59,0.11,-0.43,404.7,355.7,251.2,400,350,250,1270,1291,1260,1287
3256,1628000,0.1,0.6,-0.1,-2.52,0.09,-0.42,406.2,352.6,248.5,400,350,250,1263,1286,1258,1287
3257,1628500,0.1,0.6,-0.1,-2.45,0.06,-0.4,402.9,333.0,252.1,400,350,250,1259,1260,1252,1281
3258,1629000,-0.0,0.6,-0.1,-2.39,0.04,-0.39,398.3,347.7,250.0,400,350,250,1269,1252,1293,1288
3259,1629500,-0.1,0.6,-0.1,-2.32,0.02,-0.37,393.8,331.6,239.2,400,350,250,1273,1300,1299,1262
3260,1630000,-0.1,0.6,-0.1,-2.24,-0.01,-0.36,394.1,343.7,254.4,400,350,250,1266,1279,1291,1252
3261,1630500,-0.2,0.6,-0.1,-2.17,-0.03,-0.34,416.1,356.8,258.6,400,350,250,1282,1286,1266,1289
3262,1631000,-0.2,0.6,-0.1,-2.1,-0.05,-0.33,409.0,347.6,257.4,400,350,250,1274,1270,1289,1289
3263,1631500,-0.3,0.6,-0.1,-2.03,-0.07,-0.32,405.6,341.3,253.2,400,350,250,1274,1304,1262,1294
3264,1632000,-0.3,0.6,-0.2,-1.95,-0.08,-0.3,393.5,329.7,246.9,400,350,250,1258,1265,1278,1284
3265,1632500,-0.4,0.6,-0.2,-1.88,-0.1,-0.29,397.1,339.6,246.7,400,350,250,1254,1298,1300,1270
3266,1633000,-0.4,0.6,-0.2,-1.81,-0.12,-0.28,408.6,344.8,250.0,400,350,250,1275,1250,1269,1289
3267,1633500,-0.5,0.6,-0.2,-1.73,-0.14,-0.27,416.4,353.8,260.4,400,350,250,1269,1294,1307,1285
3268,1634000,-0.5,0.6,-0.2,-1.66,-0.15,-0.25,417.3,350.3,256.2,400,350,250,1293,1281,1276,1271
3269,1634500,-0.5,0.6,-0.2,-1.59,-0.17,-0.24,403.3,341.5,242.8,400,350,250,1287,1306,1285,1287
3270,1635000,-0.6,0.6,-0.2,-1.51,-0.18,-0.23,399.9,340.1,247.0,400,350,250,1276,1263,1287,1287
3271,1635500,-0.6,0.6,-0.2,-1.44,-0.19,-0.22,399.1,338.5,249.1,400,350,250,1304,1272,1267,1281
3272,1636000,-0.6,0.6,-0.2,-1.37,-0.21,-0.21,406.6,345.9,251.6,400,350,250,1299,1287,1284,1304
3273,1636500,-0.7,0.5,-0.2,-1.3,-0.22,-0.2,427.7,354.9,263.6,400,350,250,1267,1290,1272,1259
3274,1637000,-0.7,0.5,-0.2,-1.23,-0.23,-0.19,412.7,346.5,261.9,400,350,250,1278,1278,1269,1279
3275,1637500,-0.7,0.5,-0.2,-1.16,-0.24,-0.18,402.9,342.9,244.9,400,350,250,1271,1266,1272,1276
3276,1638000,-0.8,0.5,-0.2,-1.09,-0.25,-0.17,398.9,334.0,247.7,400,350,250,1272,1286,1280,1288
3277,1638500,-0.8,0.5,-0.2,-1.02,-0.26,-0.16,405.0,339.7,248.9,400,350,250,1275,1281,1299,1295
3278,1639000,-0.8,0.5,-0.2,-0.95,-0.27,-0.15,418.4,346.5,261.9,400,350,250,1290,1292,1279,1309
3279,1639500,-0.8,0.5,-0.2,-0.88,-0.28,-0.14,412.9,353.8,255.0,400,350,250,1279,1289,1287,1288
3280,1640000,-0.9,0.5,-0.2,-0.81,-0.29,-0.13,416.1,343.4,248.0,400,350,250,1299,1261,1279,1318
3281,1640500,-0.9,0.5,-0.2,-0.75,-0.3,-0.13,406.0,338.8,250.5,400,350,250,1271,1295,1278,1274
3282,1641000,-0.9,0.5,-0.2,-0.68,-0.3,-0.12,397.3,335.0,245.6,400,350,250,1312,1298,1298,1282
3283,1641500,-0.9,0.5,-0.2,-0.62,-0.31,-0.11,414.4,343.2,256.7,400,350,250,1266,1294,1269,1280
3284,1642000,-0.9,0.5,-0.2,-0.56,-0.32,-0.1,414.8,344.5,260.3,400,350,250,1286,1260,1283,1283
3285,1642500,-0.9,0.5,-0.3,-0.49,-0.32,-0.1,410.6,350.3,264.1,400,350,250,1279,1283,1283,1282
3286,1643000,-0.9,0.5,-0.3,-0.43,-0.33,-0.09,405.8,345.6,245.4,400,350,250,1288,1281,1266,1263
3287,1643500,-1.0,0.4,-0.3,-0.37,-0.33,-0.08,403.5,336.8,243.1,400,350,250,1278,1289,1301,1280
3288,1644000,-1.0,0.4,-0.3,-0.32,-0.34,-0.07,395.0,335.1,241.7,400,350,250,1293,1302,1292,1274
3289,1644500,-1.0,0.4,-0.3,-0.26,-0.34,-0.07,413.8,344.3,248.3,400,350,250,1283,1317,1286,1276
3290,1645000,-1.0,0.4,-0.3,-0.21,-0.34,-0.06,420.0,350.1,264.4,400,350,250,1298,1267,1281,1281
3291,1645500,-1.0,0.4,-0.3,-0.15,-0.34,-0.05,413.2,353.8,258.3,400,350,250,1312,1291,1301,1302
3292,1646000,-1.0,0.4,-0.3,-0.1,-0.35,-0.05,410.2,348.0,248.6,400,350,250,1302,1302,1304,1279
3293,1646500,-1.0,0.4,-0.3,-0.05,-0.35,-0.04,399.9,342.7,244.6,400,350,250,1325,1296,1271,1297
3294,1647000,-1.0,0.4,-0.3,0.0,-0.35,-0.04,404.8,332.8,244.4,400,350,250,1256,1326,1271,1276
3295,1647500,-1.0,0.4,-0.3,0.05,-0.35,-0.03,410.8,345.4,259.8,400,350,250,1284,1268,1299,1294
3296,1648000,-1.0,0.4,-0.3,0.1,-0.35,-0.03,412.3,358.2,255.5,400,350,250,1275,1310,1281,1289
3297,1648500,-1.0,0.4,-0.3,0.14,-0.35,-0.02,411.7,350.4,249.9,400,350,250,1284,1278,1302,1283
3298,1649000,-1.0,0.3,-0.3,0.18,-0.35,-0.02,403.1,341.4,241.9,400,350,250,1295,1263,1271,1293
3299,1649500,-1.0,0.3,-0.3,0.23,-0.35,-0.01,400.1,346.2,238.9,400,350,250,1294,1316,1280,1270
3300,1650000,-1.0,0.3,-0.3,0.27,-0.35,-0.01,409.1,349.7,245.2,400,350,250,1302,1300,1292,1302
3301,1650500,-0.9,0.3,-0.3,0.31,-0.35,-0.0,412.7,353.5,255.9,400,350,250,1288,1274,1289,1289
3302,1651000,-0.9,0.3,-0.3,0.34,-0.35,0.0,414.2,352.3,259.4,400,350,250,1311,1297,1301,1310
3303,1651500,-0.9,0.3,-0.3,0.38,-0.35,0.01,415.6,356.9,261.7,400,350,250,1301,1290,1293,1290
3304,1652000,-0.9,0.3,-0.3,0.41,-0.35,0.01,401.2,335.9,249.2,400,350,250,1271,1301,1317,1293
3305,1652500,-0.9,0.3,-0.3,0.45,-0.35,0.01,397.2,336.4,246.8,400,350,250,1290,1285,1295,1274
3306,1653000,-0.9,0.3,-0.3,0.48,-0.34,0.02,402.5,346.3,247.3,400,350,250,1301,1285,1293,1290
3307,1653500,-0.9,0.3,-0.3,0.51,-0.34,0.02,419.8,352.1,258.9,400,350,250,1276,1294,1290,1297
3308,1654000,-0.9,0.3,-0.3,0.54,-0.34,0.03,408.8,357.8,260.9,400,350,250,1297,1298,1308,1278
3309,1654500,-0.9,0.3,-0.3,0.56,-0.34,0.03,408.0,349.9,248.3,400,350,250,1325,1263,1301,1286
3310,1655000,-0.8,0.2,-0.3,0.59,-0.33,0.03,404.2,346.8,253.3,400,350,250,1283,1294,1282,1273
3311,1655500,-0.8,0.2,-0.3,0.61,-0.33,0.03,401.2,337.6,240.2,400,350,250,1289,1285,1277,1296
3312,1656000,-0.8,0.2,-0.3,0.64,-0.33,0.04,409.8,348.8,249.6,400,350,250,1281,1260,1304,1308
3313,1656500,-0.8,0.2,-0.3,0.66,-0.32,0.04,411.8,349.8,255.2,400,350,250,1314,1291,1288,1295
3314,1657000,-0.8,0.2,-0.3,0.68,-0.32,0.04,414.9,353.7,259.0,400,350,250,1304,1308,1278,1292
3315,1657500,-0.8,0.2,-0.3,0.7,-0.32,0.05,406.6,347.9,261.1,400,350,250,1305,1306,1293,1303
3316,1658000,-0.7,0.2,-0.3,0.71,-0.31,0.05,404.3,345.0,241.6,400,350,250,1298,1300,1279,1290
3317,1658500,-0.7,0.2,-0.3,0.73,-0.31,0.05,399.0,345.1,246.3,400,350,250,1324,1303,1289,1299
3318,1659000,-0.7,0.2,-0.3,0.74,-0.3,0.05,409.3,347.0,255.8,400,350,250,1276,1298,1289,1297
3319,1659500,-0.7,0.2,-0.3,0.75,-0.3,0.06,412.4,363.2,258.2,400,350,250,1307,1297,1313,1286
3320,1660000,-0.7,0.2,-0.3,0.77,-0.29,0.06,407.4,356.7,262.2,400,350,250,1306,1241,1321,1317
3321,1660500,-0.6,0.2,-0.2,0.78,-0.29,0.06,403.6,341.9,251.5,400,350,250,1272,1292,1305,1317
3322,1661000,-0.6,0.2,-0.2,0.79,-0.28,0.06,396.3,339.2,238.8,400,350,250,1295,1287,1297,1286
3323,1661500,-0.6,0.1,-0.2,0.79,-0.28,0.06,403.1,343.4,245.1,400,350,250,1306,1305,1293,1295
3324,1662000,-0.6,0.1,-0.2,0.8,-0.28,0.07,413.1,354.7,255.9,400,350,250,1326,1290,1279,1288
3325,1662500,-0.6,0.1,-0.2,0.81,-0.27,0.07,415.1,350.4,268.3,400,350,250,1311,1284,1303,1280
3326,1663000,-0.5,0.1,-0.2,0.81,-0.27,0.07,409.1,351.6,262.2,400,350,250,1271,1291,1271,1291
3327,1663500,-0.5,0.1,-0.2,0.81,-0.26,0.07,399.0,343.7,251.3,400,350,250,1285,1291,1320,1299
3328,1664000,-0.5,0.1,-0.2,0.81,-0.26,0.07,392.9,340.5,239.7,400,350,250,1286,1291,1277,1325
3329,1664500,-0.5,0.1,-0.2,0.82,-0.25,0.07,400.7,347.1,248.7,400,350,250,1297,1287,1305,1293
3330,1665000,-0.5,0.1,-0.2,0.82,-0.24,0.07,407.4,358.6,264.2,400,350,250,1306,1307,1295,1301
3331,1665500,-0.4,0.1,-0.2,0.81,-0.24,0.08,415.4,357.4,265.6,400,350,250,1320,1303,1303,1288
3332,1666000,-0.4,0.1,-0.2,0.81,-0.23,0.08,404.0,348.1,252.4,400,350,250,1287,1305,1305,1298
3333,1666500,-0.4,0.1,-0.2,0.81,-0.23,0.08,403.5,343.3,245.2,400,350,250,1303,1292,1311,1287
3334,1667000,-0.4,0.1,-0.2,0.81,-0.22,0.08,395.9,349.1,245.6,400,350,250,1286,1284,1317,1273
3335,1667500,-0.4,0.1,-0.2,0.8,-0.22,0.08,409.8,354.1,250.2,400,350,250,1305,1294,1287,1307
3336,1668000,-0.3,0.1,-0.2,0.8,-0.21,0.08,408.4,359.2,261.0,400,350,250,1292,1302,1302,1299
3337,1668500,-0.3,0.1,-0.2,0.79,-0.21,0.08,409.6,361.3,256.6,400,350,250,1304,1316,1307,1296
3338,1669000,-0.3,0.1,-0.2,0.78,-0.2,0.08,397.7,347.5,243.6,400,350,250,1296,1302,1321,1311
3339,1669500,-0.3,0.1,-0.2,0.77,-0.2,0.08,398.8,343.2,245.0,400,350,250,1279,1294,1299,1301
3340,1670000,-0.3,0.0,-0.2,0.77,-0.19,0.08,391.4,337.3,246.4,400,350,250,1299,1303,1299,1299
3341,1670500,-0.3,0.0,-0.2,0.76,-0.19,0.08,400.4,355.1,255.9,400,350,250,1302,1327,1292,1315
3342,1671000,-0.2,0.0,-0.2,0.75,-0.18,0.08,410.5,358.2,263.9,400,350,250,1303,1303,1286,1307
3343,1671500,-0.2,0.0,-0.2,0.74,-0.18,0.09,409.2,353.5,253.2,400,350,250,1317,1306,1320,1303
3344,1672000,-0.2,0.0,-0.2,0.72,-0.17,0.09,408.4,341.7,251.4,400,350,250,1306,1307,1301,1312
3345,1672500,-0.2,0.0,-0.2,0.71,-0.17,0.09,396.3,341.4,239.5,400,350,250,1318,1318,1287,1308
3346,1673000,-0.2,0.0,-0.2,0.7,-0.16,0.09,403.0,347.7,245.6,400,350,250,1309,1309,1289,1300
3347,1673500,-0.1,0.0,-0.2,0.69,-0.16,0.09,404.8,353.1,261.6,400,350,250,1279,1290,1294,1323
3348,1674000,-0.1,0.0,-0.2,0.67,-0.15,0.09,409.6,357.6,259.8,400,350,250,1327,1333,1309,1291
3349,1674500,-0.1,0.0,-0.2,0.66,-0.15,0.09,403.4,346.5,258.8,400,350,250,1302,1321,1297,1295
3350,1675000,-0.1,0.0,-0.2,0.65,-0.14,0.09,386.9,345.3,250.3,400,350,250,1275,1290,1305,1321
3351,1675500,-0.1,0.0,-0.2,0.63,-0.14,0.09,399.4,347.8,244.5,400,350,250,1285,1294,1313,1306
3352,1676000,-0.1,-0.0,-0.2,0.62,-0.13,0.09,395.4,347.6,250.4,400,350,250,1338,1302,1315,1311
3353,1676500,-0.0,-0.0,-0.2,0.6,-0.13,0.09,410.0,354.0,264.1,400,350,250,1326,1314,1291,1292
3354,1677000,-0.0,-0.0,-0.2,0.59,-0.12,0.09,407.7,357.8,256.6,400,350,250,1305,1284,1304,1287
3355,1677500,-0.0,-0.0,-0.2,0.57,-0.12,0.09,402.0,341.3,249.8,400,350,250,1301,1287,1301,1304
3356,1678000,-0.0,-0.0,-0.2,0.56,-0.11,0.09,397.6,345.3,242.7,400,350,250,1319,1307,1319,1301
3357,1678500,0.0,-0.0,-0.2,0.54,-0.11,0.09,393.4,341.3,247.8,400,350,250,1333,1331,1328,1306
3358,1679000,0.0,-0.0,-0.2,0.52,-0.1,0.09,406.5,349.7,252.2,400,350,250,1296,1322,1285,1307
3359,1679500,0.0,-0.0,-0.2,0.51,-0.1,0.09,410.4,354.0,261.7,400,350,250,1293,1304,1313,1328
3360,1680000,0.0,-0.0,-0.2,0.49,-0.09,0.09,414.3,353.3,252.0,400,350,250,1299,1312,1307,1290
3361,1680500,0.1,-0.0,-0.2,0.47,-0.09,0.09,394.2,349.1,249.9,400,350,250,1338,1293,1301,1358
3362,1681000,0.1,-0.0,-0.2,0.46,-0.09,0.09,385.9,345.8,241.0,400,350,250,1311,1327,1302,1306
3363,1681500,0.1,-0.0,-0.2,0.44,-0.08,0.09,393.4,344.5,252.2,400,350,250,1330,1301,1328,1289
3364,1682000,0.1,-0.0,-0.2,0.42,-0.08,0.09,399.7,350.9,252.4,400,350,250,1312,1314,1297,1315
3365,1682500,0.1,-0.0,-0.2,0.41,-0.07,0.09,405.4,361.2,261.5,400,350,250,1294,1298,1324,1309
3366,1683000,0.1,-0.0,-0.2,0.39,-0.07,0.09,404.7,353.8,262.2,400,350,250,1317,1300,1314,1295
3367,1683500,0.1,-0.0,-0.2,0.37,-0.07,0.08,392.7,344.4,243.1,400,350,250,1298,1326,1298,1308
3368,1684000,0.1,-0.0,-0.2,0.35,-0.06,0.08,385.0,346.1,238.9,400,350,250,1322,1320,1319,1304
3369,1684500,0.1,-0.0,-0.2,0.34,-0.06,0.08,386.9,343.4,247.1,400,350,250,1290,1295,1316,1311
3370,1685000,0.1,-0.0,-0.1,0.32,-0.06,0.08,408.2,357.8,262.1,400,350,250,1316,1310,1314,1324
3371,1685500,0.2,-0.0,-0.1,0.3,-0.05,0.08,410.7,361.6,258.4,400,350,250,1297,1326,1327,1298
3372,1686000,0.2,-0.0,-0.1,0.29,-0.05,0.08,400.6,348.9,253.9,400,350,250,1342,1307,1307,1312
3373,1686500,0.2,-0.0,-0.1,0.27,-0.05,0.08,389.8,345.1,238.7,400,350,250,1324,1302,1313,1348
3374,1687000,0.2,-0.0,-0.1,0.26,-0.04,0.08,394.6,342.9,242.5,400,350,250,1320,1326,1360,1342
3375,1687500,0.2,-0.0,-0.1,0.24,-0.04,0.08,402.9,346.6,256.1,400,350,250,1311,1316,1308,1308
3376,1688000,0.2,-0.0,-0.1,0.22,-0.04,0.08,408.0,358.9,261.9,400,350,250,1307,1301,1308,1310
3377,1688500,0.2,-0.0,-0.1,0.21,-0.03,0.08,407.1,365.2,259.5,400,350,250,1310,1349,1340,1327
3378,1689000,0.2,-0.1,-0.1,0.19,-0.03,0.08,401.1,343.1,249.2,400,350,250,1314,1315,1287,1319
3379,1689500,0.2,-0.1,-0.1,0.18,-0.03,0.08,396.4,347.5,244.0,400,350,250,1322,1315,1284,1322
3380,1690000,0.2,-0.1,-0.1,0.16,-0.02,0.08,394.8,338.3,253.5,400,350,250,1326,1322,1335,1301
3381,1690500,0.2,-0.1,-0.1,0.15,-0.02,0.08,399.8,347.0,257.1,400,350,250,1322,1348,1326,1310
3382,1691000,0.2,-0.1,-0.1,0.13,-0.02,0.08,398.8,358.1,258.7,400,350,250,1315,1308,1311,1318
3383,1691500,0.2,-0.1,-0.1,0.12,-0.02,0.08,401.3,353.1,256.1,400,350,250,1294,1284,1315,1302
3384,1692000,0.2,-0.1,-0.1,0.1,-0.01,0.08,388.4,346.3,247.6,400,350,250,1334,1308,1316,1313
3385,1692500,0.2,-0.1,-0.1,0.09,-0.01,0.08,386.4,336.3,234.8,400,350,250,1290,1301,1303,1309
3386,1693000,0.2,-0.1,-0.1,0.08,-0.01,0.07,386.0,347.0,248.0,400,350,250,1299,1306,1310,1326
3387,1693500,0.2,-0.1,-0.1,0.06,-0.01,0.07,407.2,357.8,258.7,400,350,250,1335,1327,1320,1325
3388,1694000,0.2,-0.1,-0.1,0.05,-0.0,0.07,410.5,360.1,264.0,400,350,250,1310,1301,1317,1325
3389,1694500,0.2,-0.1,-0.1,0.04,-0.0,0.07,408.6,352.9,250.4,400,350,250,1292,1305,1313,1312
3390,1695000,0.2,-0.1,-0.1,0.03,-0.0,0.07,392.8,344.4,242.5,400,350,250,1353,1310,1314,1300
3391,1695500,0.2,-0.1,-0.1,0.01,0.0,0.07,386.5,342.8,235.8,400,350,250,1314,1307,1319,1327
3392,1696000,0.2,-0.1,-0.1,0.0,0.0,0.07,395.6,352.4,247.2,400,350,250,1323,1305,1295,1303
3393,1696500,0.2,-0.1,-0.1,-0.01,0.01,0.07,403.8,359.7,265.2,400,350,250,1325,1328,1306,1343
3394,1697000,0.2,-0.1,-0.1,-0.02,0.01,0.07,403.4,358.2,266.6,400,350,250,1332,1351,1311,1325
3395,1697500,0.2,-0.1,-0.1,-0.03,0.01,0.07,393.2,352.0,248.7,400,350,250,1339,1327,1295,1314
3396,1698000,0.2,-0.1,-0.1,-0.04,0.01,0.07,386.5,342.7,246.8,400,350,250,1303,1316,1329,1307
3397,1698500,0.2,-0.1,-0.1,-0.05,0.01,0.07,388.7,340.4,247.4,400,350,250,1331,1304,1336,1343
3398,1699000,0.2,-0.1,-0.1,-0.06,0.01,0.07,397.9,353.2,254.6,400,350,250,1330,1352,1322,1316
3399,1699500,0.2,-0.1,-0.1,-0.07,0.01,0.07,407.4,358.9,252.8,400,350,250,1333,1325,1309,1308
3400,1700000,0.2,-0.1,-0.1,-0.08,0.02,0.07,398.1,357.5,258.4,400,350,250,1323,1335,1317,1304
3401,1700500,0.2,-0.1,-0.1,-0.08,0.02,0.06,395.1,353.5,253.1,400,350,250,1321,1348,1308,1313
3402,1701000,0.2,-0.1,-0.1,-0.09,0.02,0.06,387.2,349.1,230.4,400,350,250,1326,1323,1309,1328
3403,1701500,0.2,-0.1,-0.1,-0.1,0.02,0.06,385.1,346.1,241.9,400,350,250,1311,1326,1320,1315
3404,1702000,0.2,-0.0,-0.1,-0.11,0.02,0.06,402.4,352.2,260.3,400,350,250,1327,1327,1342,1349
3405,1702500,0.2,-0.0,-0.1,-0.12,0.02,0.06,401.5,360.2,255.4,400,350,250,1332,1314,1313,1319
3406,1703000,0.2,-0.0,-0.1,-0.12,0.02,0.06,406.2,350.6,256.0,400,350,250,1319,1318,1325,1349
3407,1703500,0.2,-0.0,-0.1,-0.13,0.02,0.06,390.5,345.4,246.4,400,350,250,1301,1319,1331,1328
3408,1704000,0.2,-0.0,-0.1,-0.13,0.02,0.06,389.3,337.6,240.3,400,350,250,1332,1313,1337,1329
3409,1704500,0.2,-0.0,-0.1,-0.14,0.03,0.06,401.8,342.0,248.4,400,350,250,1301,1308,1352,1334
3410,1705000,0.2,-0.0,-0.1,-0.15,0.03,0.06,406.5,353.4,257.9,400,350,250,1331,1344,1296,1323
3411,1705500,0.2,-0.0,-0.1,-0.15,0.03,0.06,402.3,367.5,265.3,400,350,250,1325,1320,1346,1348
3412,1706000,0.2,-0.0,-0.1,-0.15,0.03,0.06,397.2,354.6,252.6,400,350,250,1328,1304,1354,1323
3413,1706500,0.2,-0.0,-0.1,-0.16,0.03,0.06,386.1,337.2,248.4,400,350,250,1329,1339,1327,1305
3414,1707000,0.2,-0.0,-0.1,-0.16,0.03,0.06,389.6,339.5,238.6,400,350,250,1328,1315,1330,1328
3415,1707500,0.2,-0.0,-0.1,-0.17,0.03,0.05,397.3,347.9,250.7,400,350,250,1341,1341,1343,1314
3416,1708000,0.2,-0.0,-0.1,-0.17,0.03,0.05,403.6,360.0,259.3,400,350,250,1335,1332,1306,1329
3417,1708500,0.2,-0.0,-0.1,-0.17,0.03,0.05,410.9,356.8,257.3,400,350,250,1327,1304,1337,1332
3418,1709000,0.2,-0.0,-0.1,-0.18,0.03,0.05,399.1,345.6,245.2,400,350,250,1312,1325,1326,1335
3419,1709500,0.2,-0.0,-0.1,-0.18,0.03,0.05,385.6,338.3,237.0,400,350,250,1320,1339,1340,1327
3420,1710000,0.1,-0.0,-0.1,-0.18,0.03,0.05,397.2,346.4,243.3,400,350,250,1337,1309,1317,1330
3421,1710500,0.1,-0.0,-0.1,-0.18,0.03,0.05,402.8,352.0,253.6,400,350,250,1312,1316,1367,1336
3422,1711000,0.1,-0.0,-0.1,-0.18,0.03,0.05,411.7,364.3,254.0,400,350,250,1338,1317,1308,1320
3423,1711500,0.1,-0.0,-0.1,-0.19,0.03,0.05,403.2,358.7,258.9,400,350,250,1330,1346,1299,1326
3424,1712000,0.1,-0.0,-0.1,-0.19,0.03,0.05,395.4,354.0,238.7,400,350,250,1293,1325,1325,1336
3425,1712500,0.1,-0.0,-0.1,-0.19,0.03,0.05,388.6,337.4,239.6,400,350,250,1333,1364,1287,1312
3426,1713000,0.1,-0.0,-0.1,-0.19,0.03,0.05,395.4,345.9,242.1,400,350,250,1322,1321,1331,1337
3427,1713500,0.1,-0.0,-0.1,-0.19,0.03,0.05,404.2,359.6,254.5,400,350,250,1321,1334,1323,1339
3428,1714000,0.1,-0.0,-0.1,-0.19,0.03,0.05,410.8,356.7,267.6,400,350,250,1339,1321,1313,1327
3429,1714500,0.1,-0.0,-0.1,-0.19,0.03,0.04,399.9,353.6,252.6,400,350,250,1339,1309,1322,1329
3430,1715000,0.1,-0.0,-0.1,-0.19,0.03,0.04,393.9,341.7,243.4,400,350,250,1316,1347,1331,1311
3431,1715500,0.1,-0.0,-0.1,-0.19,0.03,0.04,389.8,341.2,242.9,400,350,250,1359,1313,1350,1313
3432,1716000,0.1,-0.0,-0.1,-0.19,0.03,0.04,399.5,346.7,251.1,400,350,250,1346,1356,1344,1329
3433,1716500,0.1,-0.0,-0.0,-0.19,0.03,0.04,411.0,353.2,258.6,400,350,250,1321,1301,1327,1313
3434,1717000,0.1,-0.0,-0.0,-0.18,0.03,0.04,410.7,353.7,262.1,400,350,250,1328,1347,1340,1351
3435,1717500,0.1,-0.0,-0.0,-0.18,0.03,0.04,393.1,342.6,248.4,400,350,250,1366,1349,1333,1347
3436,1718000,0.1,-0.0,-0.0,-0.18,0.03,0.04,389.8,341.6,245.9,400,350,250,1337,1330,1334,1349
3437,1718500,0.1,-0.0,-0.0,-0.18,0.03,0.04,398.4,350.5,246.5,400,350,250,1318,1345,1328,1321
3438,1719000,0.1,-0.0,-0.0,-0.18,0.03,0.04,403.2,351.7,249.8,400,350,250,1334,1319,1345,1338
3439,1719500,0.1,-0.0,-0.0,-0.18,0.03,0.04,404.1,361.5,261.4,400,350,250,1316,1344,1327,1329
3440,1720000,0.1,-0.0,-0.0,-0.17,0.03,0.04,406.4,346.1,252.6,400,350,250,1343,1339,1354,1342
3441,1720500,0.1,-0.0,-0.0,-0.17,0.03,0.04,393.9,348.9,244.0,400,350,250,1345,1297,1313,1349
3442,1721000,0.0,-0.0,-0.0,-0.17,0.03,0.04,394.3,342.7,245.0,400,350,250,1309,1341,1315,1326
3443,1721500,0.0,-0.0,-0.0,-0.17,0.03,0.04,393.9,351.8,244.7,400,350,250,1349,1345,1340,1340
3444,1722000,0.0,-0.0,-0.0,-0.16,0.03,0.04,411.5,358.1,260.4,400,350,250,1342,1311,1362,1343
3445,1722500,0.0,-0.0,-0.0,-0.16,0.03,0.03,408.2,361.6,255.6,400,350,250,1333,1318,1333,1350
3446,1723000,0.0,-0.0,-0.0,-0.16,0.03,0.03,395.4,347.0,253.2,400,350,250,1326,1374,1322,1352
3447,1723500,0.0,-0.0,-0.0,-0.15,0.03,0.03,391.6,343.8,246.1,400,350,250,1364,1355,1346,1334
3448,1724000,0.0,-0.0,-0.0,-0.15,0.03,0.03,394.8,345.3,242.1,400,350,250,1323,1323,1315,1341
3449,1724500,0.0,-0.0,-0.0,-0.15,0.03,0.03,405.0,353.4,250.5,400,350,250,1320,1343,1378,1359
3450,1725000,0.0,-0.0,-0.0,-0.14,0.03,0.03,408.7,364.6,259.5,400,350,250,1336,1338,1317,1360
3451,1725500,0.0,-0.0,-0.0,-0.14,0.03,0.03,405.1,357.7,258.2,400,350,250,1346,1325,1327,1333
3452,1726000,0.0,-0.0,-0.0,-0.14,0.03,0.03,393.4,344.0,250.4,400,350,250,1333,1347,1333,1343
3453,1726500,0.0,-0.0,-0.0,-0.13,0.03,0.03,387.9,346.6,238.4,400,350,250,1345,1363,1360,1328
3454,1727000,0.0,-0.0,-0.0,-0.13,0.03,0.03,391.8,345.5,245.9,400,350,250,1356,1332,1346,1336
3455,1727500,-0.0,-0.0,-0.0,-0.13,0.02,0.03,402.3,360.5,260.5,400,350,250,1348,1343,1333,1364
3456,1728000,-0.0,-0.0,-0.0,-0.12,0.02,0.03,406.3,364.2,257.7,400,350,250,1348,1341,1333,1336
3457,1728500,-0.0,-0.0,-0.0,-0.12,0.02,0.03,404.9,352.5,251.6,400,350,250,1359,1328,1341,1322
3458,1729000,-0.0,-0.0,-0.0,-0.11,0.02,0.03,389.2,342.0,252.7,400,350,250,1342,1350,1351,1325
3459,1729500,-0.0,-0.0,-0.0,-0.11,0.02,0.03,387.0,340.4,244.7,400,350,250,1342,1322,1339,1316
3460,1730000,-0.0,-0.0,-0.0,-0.11,0.02,0.03,399.2,342.7,244.6,400,350,250,1313,1328,1331,1352
3461,1730500,-0.0,-0.0,-0.0,-0.1,0.02,0.03,406.0,356.7,255.7,400,350,250,1341,1334,1323,1336
3462,1731000,-0.0,-0.0,-0.0,-0.1,0.02,0.03,411.5,352.6,251.6,400,350,250,1352,1338,1328,1318
3463,1731500,-0.0,-0.0,-0.0,-0.09,0.02,0.03,399.4,354.6,248.1,400,350,250,1343,1373,1351,1338
3464,1732000,-0.0,-0.0,-0.0,-0.09,0.02,0.03,387.2,346.1,245.6,400,350,250,1336,1353,1349,1365
3465,1732500,-0.0,-0.0,-0.0,-0.09,0.02,0.02,395.8,342.6,245.2,400,350,250,1338,1326,1337,1335
3466,1733000,-0.0,-0.0,-0.0,-0.08,0.02,0.02,406.6,351.9,254.0,400,350,250,1330,1353,1333,1320
3467,1733500,-0.0,-0.0,-0.0,-0.08,0.02,0.02,412.0,360.4,265.0,400,350,250,1367,1341,1323,1310
3468,1734000,-0.0,-0.0,-0.0,-0.08,0.02,0.02,407.3,351.5,262.3,400,350,250,1349,1325,1314,1364
3469,1734500,-0.0,-0.0,-0.0,-0.07,0.02,0.02,401.1,350.7,252.6,400,350,250,1350,1332,1346,1343
3470,1735000,-0.0,-0.0,-0.0,-0.07,0.02,0.02,388.3,339.8,229.5,400,350,250,1326,1339,1309,1346
3471,1735500,-0.0,-0.0,-0.0,-0.06,0.02,0.02,392.6,354.6,250.5,400,350,250,1357,1340,1314,1326
3472,1736000,-0.0,-0.0,-0.0,-0.06,0.02,0.02,404.2,358.9,247.2,400,350,250,1340,1362,1351,1329
3473,1736500,-0.0,-0.0,-0.0,-0.06,0.02,0.02,409.5,361.4,264.0,400,350,250,1337,1340,1341,1327
3474,1737000,-0.0,-0.0,-0.0,-0.05,0.02,0.02,401.6,356.2,252.0,400,350,250,1336,1333,1332,1355
3475,1737500,-0.0,-0.0,-0.0,-0.05,0.02,0.02,394.8,345.0,244.1,400,350,250,1345,1353,1334,1339
3476,1738000,-0.0,-0.0,-0.0,-0.05,0.01,0.02,386.6,345.4,243.7,400,350,250,1345,1351,1354,1355
3477,1738500,-0.0,-0.0,-0.0,-0.04,0.01,0.02,401.2,348.5,248.1,400,350,250,1360,1355,1351,1361
3478,1739000,-0.0,-0.0,-0.0,-0.04,0.01,0.02,405.5,358.1,253.9,400,350,250,1361,1355,1345,1339
3479,1739500,-0.0,-0.0,-0.0,-0.04,0.01,0.02,408.6,348.6,262.0,400,350,250,1355,1353,1334,1340
3480,1740000,-0.0,-0.0,-0.0,-0.03,0.01,0.02,398.2,349.3,247.2,400,350,250,1332,1373,1336,1349
3481,1740500,-0.0,-0.0,-0.0,-0.03,0.01,0.02,393.0,346.1,245.9,400,350,250,1341,1355,1359,1351
3482,1741000,-0.0,0.0,-0.0,-0.03,0.01,0.02,385.0,335.2,239.7,400,350,250,1371,1361,1344,1348
3483,1741500,-0.1,0.0,-0.0,-0.02,0.01,0.02,403.8,352.4,255.3,400,350,250,1335,1340,1343,1327
3484,1742000,-0.1,0.0,-0.0,-0.02,0.01,0.02,405.3,356.4,254.9,400,350,250,1359,1362,1354,1331
3485,1742500,-0.1,0.0,-0.0,-0.02,0.01,0.02,407.9,356.6,250.8,400,350,250,1364,1353,1357,1316
3486,1743000,-0.1,0.0,-0.0,-0.01,0.01,0.02,392.5,353.8,242.3,400,350,250,1372,1354,1339,1336
3487,1743500,-0.1,0.0,-0.0,-0.01,0.01,0.02,387.0,338.2,230.9,400,350,250,1369,1385,1351,1348
3488,1744000,-0.1,0.0,-0.0,-0.01,0.01,0.02,393.6,344.7,243.4,400,350,250,1364,1336,1346,1370
3489,1744500,-0.1,0.0,-0.0,-0.0,0.01,0.02,412.0,353.3,249.0,400,350,250,1376,1336,1343,1349
3490,1745000,-0.1,0.0,-0.0,-0.0,0.01,0.01,413.4,357.8,258.5,400,350,250,1342,1331,1363,1342
3491,1745500,-0.1,0.0,-0.0,0.0,0.01,0.01,403.7,349.8,256.0,400,350,250,1378,1339,1350,1348
3492,1746000,-0.1,0.0,-0.0,0.0,0.01,0.01,398.9,340.3,247.1,400,350,250,1353,1363,1342,1338
3493,1746500,-0.1,0.0,-0.0,0.01,0.01,0.01,390.0,344.2,240.3,400,350,250,1361,1372,1326,1334
3494,1747000,-0.1,0.0,-0.0,0.01,0.01,0.01,397.4,346.6,251.5,400,350,250,1333,1337,1348,1349
3495,1747500,-0.1,0.0,-0.0,0.01,0.01,0.01,409.5,358.5,252.5,400,350,250,1342,1357,1355,1356
3496,1748000,-0.1,0.0,-0.0,0.01,0.01,0.01,404.3,355.5,251.3,400,350,250,1346,1336,1360,1346
3497,1748500,-0.1,0.0,-0.0,0.01,0.01,0.01,403.5,357.0,249.7,400,350,250,1357,1332,1343,1315
3498,1749000,-0.1,0.0,-0.0,0.02,0.01,0.01,388.2,349.4,243.0,400,350,250,1370,1347,1346,1353
3499,1749500,-0.0,0.0,-0.0,0.02,0.01,0.01,391.6,344.8,245.5,400,350,250,1331,1320,1348,1348
3500,1750000,-80.0,-69.9,-50.0,3.94,2.53,0.81,397.0,355.3,258.5,-400,-350,-250,1359,1330,1354,1337
3501,1750500,-79.8,-69.8,-49.9,7.74,4.95,1.58,411.3,359.3,260.8,-400,-350,-250,1365,1361,1390,1331
3502,1751000,-79.5,-69.6,-49.9,11.42,7.29,2.33,400.6,354.9,257.3,-400,-350,-250,1313,1368,1345,1337
3503,1751500,-79.1,-69.4,-49.8,14.98,9.53,3.05,392.4,337.9,245.8,-400,-350,-250,1361,1361,1368,1357
3504,1752000,-78.6,-69.1,-49.7,18.42,11.69,3.74,381.3,330.8,233.5,-400,-350,-250,1374,1354,1364,1331
3505,1752500,-78.1,-68.8,-49.6,21.73,13.75,4.41,367.3,334.4,243.5,-400,-350,-250,1376,1334,1340,1357
3506,1753000,-77.5,-68.4,-49.5,24.92,15.73,5.05,386.4,341.5,253.8,-400,-350,-250,1365,1385,1375,1349
3507,1753500,-76.8,-67.9,-49.3,27.98,17.63,5.67,371.0,331.9,251.8,-400,-350,-250,1340,1355,1351,1319
3508,1754000,-76.0,-67.4,-49.2,30.92,19.44,6.27,365.3,328.2,239.9,-400,-350,-250,1334,1375,1358,1350
3509,1754500,-75.2,-66.9,-49.0,33.73,21.17,6.84,339.2,307.9,237.9,-400,-350,-250,1343,1354,1348,1352
3510,1755000,-74.2,-66.3,-48.8,36.42,22.81,7.4,328.6,309.3,229.7,-400,-350,-250,1366,1340,1352,1384
3511,1755500,-73.3,-65.7,-48.6,38.99,24.38,7.93,333.0,306.0,231.2,-400,-350,-250,1345,1363,1348,1345
3512,1756000,-72.2,-65.1,-48.4,41.44,25.87,8.43,336.0,316.4,243.1,-400,-350,-250,1395,1349,1349,1331
3513,1756500,-71.1,-64.4,-48.2,43.76,27.28,8.92,315.1,298.5,249.1,-400,-350,-250,1338,1354,1358,1362
3514,1757000,-70.0,-63.7,-48.0,45.96,28.62,9.39,288.2,283.2,222.1,-400,-350,-250,1354,1326,1349,1351
3515,1757500,-68.8,-62.9,-47.7,48.03,29.88,9.84,273.2,269.8,218.5,-400,-350,-250,1368,1338,1336,1356
3516,1758000,-67.5,-62.2,-47.5,49.99,31.07,10.27,269.4,262.9,211.7,-400,-350,-250,1356,1372,1342,1364
3517,1758500,-66.2,-61.4,-47.2,51.83,32.19,10.68,262.0,270.7,221.0,-400,-350,-250,1372,1355,1373,1350
3518,1759000,-64.9,-60.5,-46.9,53.56,33.24,11.07,253.6,261.4,225.2,-400,-350,-250,1360,1347,1365,1355
3519,1759500,-63.5,-59.7,-46.6,55.16,34.22,11.44,237.5,248.7,219.4,-400,-350,-250,1364,1376,1350,1358
3520,1760000,-62.1,-58.8,-46.3,56.65,35.13,11.8,218.6,236.8,203.2,-400,-350,-250,1339,1349,1376,1350
3521,1760500,-60.7,-57.9,-46.0,58.03,35.99,12.14,200.3,218.1,202.6,-400,-350,-250,1364,1356,1348,1359
3522,1761000,-59.2,-57.0,-45.7,59.3,36.77,12.46,198.8,213.3,207.9,-400,-350,-250,1354,1338,1356,1371
3523,1761500,-57.7,-56.0,-45.4,60.45,37.5,12.77,179.6,213.7,214.8,-400,-350,-250,1338,1376,1375,1348
3524,1762000,-56.1,-55.1,-45.1,61.5,38.17,13.06,171.1,214.6,213.5,-400,-350,-250,1329,1336,1360,1375
3525,1762500,-54.6,-54.1,-44.7,62.44,38.78,13.34,151.9,192.6,197.0,-400,-350,-250,1346,1369,1359,1388
3526,1763000,-53.0,-53.1,-44.4,63.28,39.33,13.6,128.2,175.1,181.5,-400,-350,-250,1358,1376,1363,1367
3527,1763500,-51.4,-52.1,-44.1,64.02,39.83,13.85,103.3,153.8,185.2,-400,-350,-250,1387,1354,1363,1332
3528,1764000,-49.8,-51.1,-43.7,64.65,40.27,14.09,105.4,172.7,194.5,-400,-350,-250,1345,1362,1362,1365
3529,1764500,-48.1,-50.1,-43.3,65.19,40.66,14.31,89.0,162.8,194.1,-400,-350,-250,1343,1346,1385,1364
3530,1765000,-46.5,-49.1,-43.0,65.63,41.0,14.51,73.5,155.6,183.9,-400,-350,-250,1379,1378,1350,1358
3531,1765500,-44.8,-48.0,-42.6,65.98,41.29,14.71,45.7,120.1,165.3,-400,-350,-250,1352,1380,1357,1384
3532,1766000,-43.2,-47.0,-42.2,66.24,41.53,14.89,14.7,108.5,163.4,-400,-350,-250,1378,1373,1377,1372
3533,1766500,-41.5,-46.0,-41.9,66.41,41.73,15.06,11.1,110.9,167.0,-400,-350,-250,1352,1375,1371,1365
3534,1767000,-39.9,-44.9,-41.5,66.49,41.88,15.22,7.1,104.2,169.3,-400,-350,-250,1338,1356,1383,1323
3535,1767500,-38.2,-43.9,-41.1,66.49,41.99,15.36,-9.2,101.3,173.8,-400,-350,-250,1339,1362,1366,1378
3536,1768000,-36.5,-42.8,-40.7,66.41,42.06,15.5,-31.3,78.5,162.3,-400,-350,-250,1364,1346,1363,1367
3537,1768500,-34.9,-41.8,-40.3,66.25,42.09,15.62,-59.1,58.2,145.5,-400,-350,-250,1364,1373,1346,1355
3538,1769000,-33.2,-40.7,-39.9,66.01,42.08,15.74,-74.8,45.8,136.0,-400,-350,-250,1344,1342,1349,1362
3539,1769500,-31.6,-39.7,-39.5,65.7,42.03,15.84,-82.2,46.4,145.2,-400,-350,-250,1372,1362,1344,1365
3540,1770000,-30.0,-38.6,-39.1,65.31,41.94,15.93,-90.8,53.4,150.4,-400,-350,-250,1395,1361,1344,1359
3541,1770500,-28.3,-37.6,-38.7,64.86,41.82,16.02,-108.9,33.8,144.7,-400,-350,-250,1399,1369,1361,1364
3542,1771000,-26.7,-36.5,-38.3,64.34,41.67,16.09,-134.3,18.0,131.8,-400,-350,-250,1378,1350,1368,1363
3543,1771500,-25.1,-35.5,-37.9,63.76,41.48,16.16,-157.8,-9.9,116.9,-400,-350,-250,1341,1371,1383,1364
3544,1772000,-23.6,-34.5,-37.5,63.12,41.27,16.22,-177.2,-14.0,122.3,-400,-350,-250,1341,1360,1367,1357
3545,1772500,-22.0,-33.4,-37.1,62.42,41.02,16.27,-175.2,-10.3,126.3,-400,-350,-250,1378,1381,1341,1350
3546,1773000,-20.5,-32.4,-36.7,61.66,40.75,16.31,-185.9,-15.1,128.2,-400,-350,-250,1349,1346,1391,1367
3547,1773500,-18.9,-31.4,-36.3,60.85,40.45,16.34,-203.8,-23.7,111.1,-400,-350,-250,1369,1362,1364,1386
3548,1774000,-17.4,-30.4,-35.9,59.99,40.12,16.37,-231.8,-57.3,98.5,-400,-350,-250,1347,1383,1357,1349
3549,1774500,-16.0,-29.4,-35.5,59.08,39.77,16.38,-251.5,-71.9,96.2,-400,-350,-250,1368,1370,1383,1361
3550,1775000,-14.5,-28.4,-35.1,58.13,39.4,16.39,-254.8,-75.7,101.0,-400,-350,-250,1393,1354,1378,1351
3551,1775500,-13.1,-27.4,-34.7,57.13,39.01,16.4,-261.3,-66.1,102.0,-400,-350,-250,1350,1365,1366,1373
3552,1776000,-11.7,-26.5,-34.3,56.09,38.59,16.39,-273.1,-82.0,106.7,-400,-350,-250,1374,1345,1365,1383
3553,1776500,-10.3,-25.5,-33.8,55.01,38.15,16.39,-287.5,-94.2,87.5,-400,-350,-250,1386,1367,1367,1344
3554,1777000,-9.0,-24.6,-33.4,53.9,37.7,16.37,-323.5,-111.4,82.8,-400,-350,-250,1373,1365,1363,1350
3555,1777500,-7.6,-23.7,-33.0,52.75,37.23,16.35,-337.2,-119.5,78.6,-400,-350,-250,1363,1356,1344,1362
3556,1778000,-6.3,-22.7,-32.6,51.58,36.74,16.32,-331.4,-128.0,76.0,-400,-350,-250,1386,1392,1358,1372
3557,1778500,-5.1,-21.8,-32.2,50.37,36.23,16.29,-337.2,-121.2,81.7,-400,-350,-250,1371,1372,1366,1366
3558,1779000,-3.9,-20.9,-31.8,49.14,35.72,16.25,-355.3,-124.0,75.5,-400,-350,-250,1385,1355,1391,1385
3559,1779500,-2.7,-20.1,-31.4,47.89,35.18,16.21,-376.0,-143.0,63.9,-400,-350,-250,1397,1357,1336,1380
3560,1780000,-1.5,-19.2,-31.0,46.61,34.64,16.16,-395.3,-171.0,45.3,-400,-350,-250,1378,1382,1386,1369
3561,1780500,-0.4,-18.3,-30.6,45.31,34.08,16.1,-403.8,-178.0,46.3,-400,-350,-250,1390,1351,1368,1363
3562,1781000,0.7,-17.5,-30.2,44.0,33.52,16.05,-404.8,-174.5,55.6,-400,-350,-250,1377,1366,1375,1360
3563,1781500,1.8,-16.7,-29.8,42.67,32.94,15.98,-411.4,-169.5,58.0,-400,-350,-250,1366,1378,1385,1362
3564,1782000,2.8,-15.9,-29.4,41.33,32.35,15.92,-424.3,-188.4,53.0,-400,-350,-250,1351,1359,1370,1334
3565,1782500,3.8,-15.1,-29.0,39.97,31.76,15.85,-451.5,-204.7,37.1,-400,-350,-250,1395,1367,1379,1372
3566,1783000,4.8,-14.3,-28.6,38.61,31.16,15.77,-461.3,-216.2,25.6,-400,-350,-250,1390,1367,1351,1375
3567,1783500,5.7,-13.5,-28.2,37.24,30.55,15.69,-461.2,-215.8,32.1,-400,-350,-250,1345,1347,1376,1384
3568,1784000,6.6,-12.8,-27.8,35.86,29.94,15.61,-459.9,-213.5,38.8,-400,-350,-250,1363,1370,1364,1387
3569,1784500,7.5,-12.1,-27.4,34.48,29.32,15.52,-465.7,-224.2,34.5,-400,-350,-250,1361,1368,1353,1369
3570,1785000,8.3,-11.3,-27.0,33.1,28.7,15.44,-480.8,-234.7,22.0,-400,-350,-250,1360,1372,1372,1368
3571,1785500,9.1,-10.6,-26.7,31.72,28.07,15.34,-502.1,-259.7,14.1,-400,-350,-250,1361,1375,1375,1357
3572,1786000,9.9,-9.9,-26.3,30.34,27.45,15.25,-509.1,-257.0,4.7,-400,-350,-250,1381,1357,1372,1358
3573,1786500,10.6,-9.3,-25.9,28.97,26.82,15.15,-502.8,-257.0,10.1,-400,-350,-250,1382,1390,1372,1377
3574,1787000,11.3,-8.6,-25.5,27.6,26.19,15.05,-506.2,-255.2,14.0,-400,-350,-250,1380,1399,1346,1391
3575,1787500,11.9,-8.0,-25.2,26.23,25.55,14.95,-507.8,-261.8,6.4,-400,-350,-250,1385,1353,1353,1376
3576,1788000,12.6,-7.4,-24.8,24.88,24.92,14.84,-533.3,-278.8,-11.1,-400,-350,-250,1347,1371,1383,1352
3577,1788500,13.1,-6.8,-24.4,23.53,24.29,14.73,-541.8,-292.9,-14.9,-400,-350,-250,1386,1379,1364,1355
3578,1789000,13.7,-6.2,-24.0,22.19,23.66,14.62,-538.7,-293.5,-10.0,-400,-350,-250,1393,1365,1367,1393
3579,1789500,14.2,-5.6,-23.7,20.87,23.03,14.51,-534.3,-291.6,-6.7,-400,-350,-250,1369,1393,1356,1366
3580,1790000,14.7,-5.0,-23.3,19.56,22.4,14.4,-533.6,-286.1,-5.6,-400,-350,-250,1368,1361,1338,1385
3581,1790500,15.2,-4.5,-23.0,18.26,21.77,14.28,-548.7,-303.2,-23.5,-400,-350,-250,1349,1370,1369,1393
3582,1791000,15.6,-4.0,-22.6,16.98,21.15,14.16,-555.4,-324.5,-35.7,-400,-350,-250,1388,1390,1388,1373
3583,1791500,16.0,-3.4,-22.3,15.72,20.53,14.04,-571.3,-326.9,-42.2,-400,-350,-250,1366,1365,1393,1397
3584,1792000,16.3,-2.9,-21.9,14.47,19.92,13.92,-561.9,-326.2,-31.1,-400,-350,-250,1369,1394,1362,1382
3585,1792500,16.7,-2.5,-21.6,13.25,19.3,13.8,-557.1,-312.2,-26.6,-400,-350,-250,1401,1382,1374,1374
3586,1793000,17.0,-2.0,-21.2,12.04,18.7,13.67,-563.6,-317.7,-26.4,-400,-350,-250,1374,1419,1384,1391
3587,1793500,17.3,-1.5,-20.9,10.86,18.1,13.55,-569.1,-333.1,-42.1,-400,-350,-250,1363,1364,1389,1376
3588,1794000,17.5,-1.1,-20.6,9.69,17.5,13.42,-586.8,-344.7,-52.3,-400,-350,-250,1399,1373,1363,1376
3589,1794500,17.7,-0.7,-20.2,8.55,16.91,13.29,-580.0,-354.0,-54.3,-400,-350,-250,1387,1381,1385,1342
3590,1795000,17.9,-0.3,-19.9,7.43,16.33,13.17,-571.8,-338.4,-49.7,-400,-350,-250,1383,1378,1378,1428
3591,1795500,18.1,0.1,-19.6,6.33,15.75,13.04,-570.9,-345.5,-46.5,-400,-350,-250,1368,1379,1384,1371
3592,1796000,18.2,0.5,-19.2,5.26,15.18,12.91,-567.9,-348.8,-53.1,-400,-350,-250,1374,1382,1366,1376
3593,1796500,18.3,0.9,-18.9,4.22,14.61,12.78,-592.0,-362.7,-70.9,-400,-350,-250,1362,1373,1395,1385
3594,1797000,18.4,1.2,-18.6,3.2,14.05,12.64,-595.9,-373.1,-77.7,-400,-350,-250,1367,1384,1369,1366
3595,1797500,18.4,1.6,-18.3,2.2,13.5,12.51,-587.7,-367.5,-67.0,-400,-350,-250,1372,1383,1386,1405
3596,1798000,18.5,1.9,-18.0,1.24,12.96,12.38,-575.4,-368.8,-60.3,-400,-350,-250,1365,1385,1382,1364
3597,1798500,18.5,2.2,-17.7,0.3,12.43,12.25,-584.1,-360.3,-66.7,-400,-350,-250,1396,1359,1361,1358
3598,1799000,18.4,2.5,-17.4,-0.62,11.9,12.11,-583.9,-369.5,-75.8,-400,-350,-250,1363,1389,1359,1381
3599,1799500,18.4,2.8,-17.1,-1.5,11.38,11.98,-588.2,-388.1,-94.9,-400,-350,-250,1380,1386,1357,1388
3600,1800000,18.4,3.0,-16.8,-2.36,10.87,11.84,-591.7,-397.8,-88.6,-400,-350,-250,1365,1374,1398,1390
3601,1800500,18.3,3.3,-16.5,-3.19,10.37,11.71,-582.2,-377.5,-74.5,-400,-350,-250,1404,1373,1408,1377
3602,1801000,18.2,3.6,-16.2,-3.99,9.88,11.58,-575.6,-378.7,-85.1,-400,-350,-250,1373,1379,1408,1377
3603,1801500,18.1,3.8,-15.9,-4.77,9.4,11.44,-577.8,-379.7,-84.0,-400,-350,-250,1399,1366,1393,1367
3604,1802000,17.9,4.0,-15.6,-5.51,8.92,11.31,-586.1,-391.4,-101.0,-400,-350,-250,1389,1375,1396,1387
3605,1802500,17.8,4.2,-15.4,-6.23,8.46,11.17,-586.7,-396.6,-112.1,-400,-350,-250,1394,1385,1367,1382
3606,1803000,17.6,4.4,-15.1,-6.91,8.0,11.04,-579.1,-403.3,-105.8,-400,-350,-250,1401,1378,1362,1419
3607,1803500,17.4,4.6,-14.8,-7.57,7.55,10.9,-560.3,-391.1,-93.4,-400,-350,-250,1378,1389,1394,1416
3608,1804000,17.2,4.8,-14.5,-8.2,7.11,10.77,-557.6,-379.3,-93.2,-400,-350,-250,1373,1388,1380,1344
3609,1804500,17.0,5.0,-14.3,-8.8,6.69,10.64,-562.0,-400.2,-97.9,-400,-350,-250,1363,1377,1409,1373
3610,1805000,16.7,5.1,-14.0,-9.38,6.27,10.5,-575.7,-403.9,-122.7,-400,-350,-250,1398,1387,1373,1384
3611,1805500,16.5,5.3,-13.7,-9.92,5.86,10.37,-572.4,-405.1,-112.9,-400,-350,-250,1389,1377,1390,1388
3612,1806000,16.2,5.4,-13.5,-10.44,5.46,10.24,-566.4,-409.0,-118.1,-400,-350,-250,1383,1383,1395,1380
3613,1806500,16.0,5.5,-13.2,-10.92,5.07,10.11,-549.9,-390.5,-112.6,-400,-350,-250,1358,1406,1400,1373
3614,1807000,15.7,5.6,-13.0,-11.39,4.68,9.97,-543.2,-396.6,-114.4,-400,-350,-250,1410,1361,1374,1387
3615,1807500,15.4,5.7,-12.7,-11.82,4.31,9.84,-553.3,-409.7,-121.5,-400,-350,-250,1369,1382,1407,1381
3616,1808000,15.1,5.8,-12.5,-12.22,3.95,9.71,-563.8,-421.6,-135.9,-400,-350,-250,1382,1351,1359,1409
3617,1808500,14.8,5.9,-12.3,-12.6,3.6,9.58,-549.1,-416.6,-130.6,-400,-350,-250,1375,1395,1401,1379
3618,1809000,14.4,6.0,-12.0,-12.96,3.25,9.45,-540.4,-404.1,-120.5,-400,-350,-250,1379,1397,1386,1377
3619,1809500,14.1,6.1,-11.8,-13.28,2.92,9.32,-525.4,-394.0,-125.9,-400,-350,-250,1389,1382,1369,1388
3620,1810000,13.8,6.2,-11.6,-13.58,2.6,9.19,-533.2,-409.3,-135.1,-400,-350,-250,1398,1403,1388,1355
3621,1810500,13.4,6.2,-11.3,-13.86,2.28,9.07,-538.5,-412.5,-144.0,-400,-350,-250,1362,1369,1385,1381
3622,1811000,13.1,6.3,-11.1,-14.11,1.98,8.94,-542.7,-423.5,-146.9,-400,-350,-250,1410,1394,1384,1379
3623,1811500,12.7,6.3,-10.9,-14.33,1.68,8.81,-535.6,-409.7,-144.9,-400,-350,-250,1386,1367,1394,1386
3624,1812000,12.3,6.3,-10.7,-14.53,1.39,8.69,-517.8,-402.8,-125.2,-400,-350,-250,1384,1385,1397,1378
3625,1812500,12.0,6.4,-10.5,-14.71,1.11,8.56,-510.9,-397.6,-136.5,-400,-350,-250,1391,1375,1369,1384
3626,1813000,11.6,6.4,-10.2,-14.86,0.84,8.44,-516.6,-418.7,-149.8,-400,-350,-250,1394,1391,1414,1377
3627,1813500,11.2,6.4,-10.0,-15.0,0.58,8.32,-527.0,-422.4,-161.2,-400,-350,-250,1398,1378,1361,1416
3628,1814000,10.8,6.4,-9.8,-15.1,0.33,8.19,-519.0,-420.4,-154.1,-400,-350,-250,1382,1368,1393,1399
3629,1814500,10.5,6.4,-9.6,-15.19,0.09,8.07,-500.1,-418.4,-152.3,-400,-350,-250,1422,1371,1409,1367
3630,1815000,10.1,6.4,-9.4,-15.26,-0.14,7.95,-492.5,-408.2,-140.4,-400,-350,-250,1404,1398,1377,1397
3631,1815500,9.7,6.4,-9.2,-15.3,-0.37,7.83,-488.3,-400.8,-155.7,-400,-350,-250,1388,1399,1387,1375
3632,1816000,9.3,6.4,-9.0,-15.33,-0.59,7.71,-499.7,-410.3,-161.1,-400,-350,-250,1407,1397,1389,1385
3633,1816500,8.9,6.4,-8.9,-15.34,-0.8,7.6,-501.5,-426.0,-173.7,-400,-350,-250,1372,1384,1392,1376
3634,1817000,8.6,6.3,-8.7,-15.32,-1.0,7.48,-484.6,-411.9,-171.8,-400,-350,-250,1373,1356,1391,1380
3635,1817500,8.2,6.3,-8.5,-15.29,-1.19,7.37,-475.4,-412.4,-157.1,-400,-350,-250,1375,1394,1386,1402
3636,1818000,7.8,6.3,-8.3,-15.24,-1.37,7.25,-469.4,-399.1,-157.9,-400,-350,-250,1373,1405,1392,1415
3637,1818500,7.4,6.2,-8.1,-15.17,-1.55,7.14,-471.6,-410.6,-158.5,-400,-350,-250,1379,1374,1397,1372
3638,1819000,7.0,6.2,-7.9,-15.09,-1.72,7.02,-479.7,-427.7,-173.8,-400,-350,-250,1402,1398,1382,1370
3639,1819500,6.7,6.1,-7.8,-14.99,-1.88,6.91,-471.2,-418.9,-183.6,-400,-350,-250,1375,1392,1383,1387
3640,1820000,6.3,6.1,-7.6,-14.88,-2.03,6.8,-468.6,-405.7,-173.3,-400,-350,-250,1422,1398,1391,1402
3641,1820500,5.9,6.0,-7.4,-14.75,-2.18,6.69,-450.7,-397.0,-162.3,-400,-350,-250,1413,1393,1390,1412
3642,1821000,5.6,6.0,-7.3,-14.61,-2.32,6.58,-447.4,-403.4,-164.3,-400,-350,-250,1387,1406,1410,1381
3643,1821500,5.2,5.9,-7.1,-14.45,-2.45,6.48,-454.5,-411.2,-181.9,-400,-350,-250,1389,1413,1395,1396
3644,1822000,4.8,5.9,-7.0,-14.28,-2.58,6.37,-459.2,-421.8,-190.0,-400,-350,-250,1407,1378,1401,1416
3645,1822500,4.5,5.8,-6.8,-14.09,-2.69,6.26,-448.6,-409.3,-188.6,-400,-350,-250,1386,1386,1392,1428
3646,1823000,4.1,5.7,-6.6,-13.9,-2.81,6.16,-436.9,-405.5,-173.4,-400,-350,-250,1410,1401,1401,1388
3647,1823500,3.8,5.6,-6.5,-13.69,-2.91,6.06,-431.5,-395.8,-175.5,-400,-350,-250,1372,1432,1390,1381
3648,1824000,3.5,5.6,-6.3,-13.48,-3.01,5.95,-430.4,-399.2,-181.3,-400,-350,-250,1415,1393,1418,1394
3649,1824500,3.1,5.5,-6.2,-13.25,-3.1,5.85,-437.9,-411.1,-194.8,-400,-350,-250,1382,1370,1371,1386
3650,1825000,2.8,5.4,-6.1,-13.01,-3.19,5.75,-441.2,-416.0,-200.1,-400,-350,-250,1410,1370,1384,1403
3651,1825500,2.5,5.3,-5.9,-12.77,-3.27,5.66,-430.8,-404.4,-196.5,-400,-350,-250,1376,1384,1388,1373
3652,1826000,2.2,5.3,-5.8,-12.51,-3.34,5.56,-413.7,-396.6,-179.4,-400,-350,-250,1376,1402,1385,1385
3653,1826500,1.9,5.2,-5.6,-12.25,-3.41,5.46,-406.1,-388.8,-187.5,-400,-350,-250,1376,1373,1384,1409
3654,1827000,1.6,5.1,-5.5,-11.98,-3.47,5.37,-419.0,-400.5,-200.3,-400,-350,-250,1395,1413,1406,1390
3655,1827500,1.3,5.0,-5.4,-11.71,-3.53,5.27,-420.7,-413.8,-213.3,-400,-350,-250,1386,1370,1404,1410
3656,1828000,1.0,4.9,-5.2,-11.43,-3.58,5.18,-418.5,-406.4,-207.6,-400,-350,-250,1390,1406,1382,1369
3657,1828500,0.7,4.8,-5.1,-11.14,-3.63,5.09,-401.7,-399.0,-188.9,-400,-350,-250,1392,1376,1404,1381
3658,1829000,0.4,4.7,-5.0,-10.84,-3.67,4.99,-397.5,-381.6,-186.0,-400,-350,-250,1419,1424,1419,1409
3659,1829500,0.2,4.6,-4.9,-10.55,-3.71,4.9,-395.8,-392.3,-189.0,-400,-350,-250,1414,1393,1381,1404
3660,1830000,-0.1,4.5,-4.7,-10.24,-3.75,4.82,-397.9,-395.3,-211.3,-400,-350,-250,1379,1402,1391,1392
3661,1830500,-0.3,4.4,-4.6,-9.94,-3.77,4.73,-402.1,-403.5,-210.6,-400,-350,-250,1386,1397,1416,1408
3662,1831000,-0.6,4.3,-4.5,-9.63,-3.8,4.64,-394.1,-394.2,-208.5,-400,-350,-250,1392,1387,1382,1388
3663,1831500,-0.8,4.2,-4.4,-9.32,-3.82,4.56,-386.8,-385.3,-189.4,-400,-350,-250,1400,1392,1402,1413
3664,1832000,-1.0,4.2,-4.3,-9.01,-3.83,4.47,-380.4,-379.6,-191.1,-400,-350,-250,1385,1394,1413,1405
3665,1832500,-1.3,4.1,-4.2,-8.69,-3.84,4.39,-382.2,-387.8,-197.3,-400,-350,-250,1394,1398,1410,1391
3666,1833000,-1.5,4.0,-4.1,-8.37,-3.85,4.3,-387.8,-396.9,-218.3,-400,-350,-250,1373,1424,1421,1410
3667,1833500,-1.7,3.9,-4.0,-8.06,-3.86,4.22,-388.8,-392.7,-221.2,-400,-350,-250,1383,1414,1378,1397
3668,1834000,-1.9,3.8,-3.9,-7.74,-3.86,4.14,-389.6,-391.9,-211.4,-400,-350,-250,1385,1401,1378,1399
3669,1834500,-2.0,3.7,-3.8,-7.42,-3.85,4.06,-363.2,-378.7,-203.2,-400,-350,-250,1383,1393,1373,1397
3670,1835000,-2.2,3.6,-3.7,-7.1,-3.85,3.99,-371.4,-384.8,-200.4,-400,-350,-250,1427,1402,1399,1373
3671,1835500,-2.4,3.5,-3.6,-6.78,-3.84,3.91,-374.9,-389.0,-207.7,-400,-350,-250,1427,1411,1422,1399
3672,1836000,-2.6,3.4,-3.5,-6.47,-3.82,3.83,-390.6,-395.2,-229.2,-400,-350,-250,1410,1399,1386,1397
3673,1836500,-2.7,3.3,-3.4,-6.15,-3.81,3.76,-381.0,-379.4,-224.1,-400,-350,-250,1398,1426,1377,1394
3674,1837000,-2.9,3.2,-3.3,-5.84,-3.79,3.68,-364.2,-370.0,-217.8,-400,-350,-250,1406,1399,1399,1378
3675,1837500,-3.0,3.1,-3.2,-5.53,-3.77,3.61,-359.1,-367.1,-203.1,-400,-350,-250,1392,1400,1404,1391
3676,1838000,-3.1,3.0,-3.1,-5.22,-3.74,3.54,-368.7,-374.0,-210.1,-400,-350,-250,1425,1411,1403,1406
3677,1838500,-3.2,2.9,-3.0,-4.91,-3.72,3.47,-380.4,-388.0,-235.1,-400,-350,-250,1394,1377,1413,1437
3678,1839000,-3.4,2.8,-2.9,-4.61,-3.69,3.4,-378.7,-393.2,-231.2,-400,-350,-250,1392,1412,1382,1422
3679,1839500,-3.5,2.7,-2.8,-4.31,-3.66,3.33,-361.8,-380.7,-228.7,-400,-350,-250,1408,1387,1407,1401
3680,1840000,-3.6,2.6,-2.8,-4.01,-3.62,3.26,-350.1,-364.6,-218.3,-400,-350,-250,1404,1394,1424,1420
3681,1840500,-3.7,2.5,-2.7,-3.72,-3.59,3.2,-353.2,-364.3,-216.7,-400,-350,-250,1386,1408,1411,1392
3682,1841000,-3.7,2.5,-2.6,-3.43,-3.55,3.13,-355.7,-372.5,-216.9,-400,-350,-250,1380,1398,1411,1414
3683,1841500,-3.8,2.4,-2.5,-3.15,-3.51,3.07,-370.7,-387.3,-236.2,-400,-350,-250,1383,1414,1390,1407
3684,1842000,-3.9,2.3,-2.5,-2.87,-3.47,3.0,-366.3,-375.5,-229.9,-400,-350,-250,1408,1371,1403,1389
3685,1842500,-4.0,2.2,-2.4,-2.59,-3.43,2.94,-354.1,-376.9,-224.5,-400,-350,-250,1369,1400,1398,1402
3686,1843000,-4.0,2.1,-2.3,-2.32,-3.38,2.88,-347.0,-360.6,-212.0,-400,-350,-250,1409,1393,1388,1423
3687,1843500,-4.1,2.0,-2.2,-2.06,-3.34,2.82,-348.9,-364.7,-226.1,-400,-350,-250,1394,1398,1412,1409
3688,1844000,-4.1,1.9,-2.2,-1.8,-3.29,2.76,-360.6,-370.8,-236.1,-400,-350,-250,1391,1399,1393,1414
3689,1844500,-4.2,1.9,-2.1,-1.54,-3.24,2.7,-365.2,-378.5,-244.0,-400,-350,-250,1424,1434,1423,1420
3690,1845000,-4.2,1.8,-2.0,-1.29,-3.19,2.64,-366.9,-370.6,-232.8,-400,-350,-250,1400,1420,1376,1429
3691,1845500,-4.2,1.7,-2.0,-1.05,-3.14,2.58,-361.0,-359.7,-224.9,-400,-350,-250,1404,1413,1403,1423
3692,1846000,-4.2,1.6,-1.9,-0.81,-3.09,2.53,-353.5,-350.2,-213.5,-400,-350,-250,1400,1377,1403,1411
3693,1846500,-4.2,1.6,-1.8,-0.58,-3.04,2.47,-354.1,-358.9,-231.8,-400,-350,-250,1421,1390,1393,1403
3694,1847000,-4.3,1.5,-1.8,-0.36,-2.98,2.42,-366.6,-383.3,-243.9,-400,-350,-250,1405,1397,1415,1414
3695,1847500,-4.3,1.4,-1.7,-0.14,-2.93,2.36,-371.2,-378.6,-244.6,-400,-350,-250,1438,1423,1396,1387
3696,1848000,-4.3,1.3,-1.7,0.07,-2.88,2.31,-362.1,-354.9,-237.7,-400,-350,-250,1411,1430,1415,1395
3697,1848500,-4.2,1.3,-1.6,0.28,-2.82,2.26,-351.8,-349.3,-220.4,-400,-350,-250,1405,1409,1426,1412
3698,1849000,-4.2,1.2,-1.6,0.48,-2.76,2.21,-343.6,-348.7,-223.8,-400,-350,-250,1435,1402,1421,1394
3699,1849500,-4.2,1.1,-1.5,0.67,-2.71,2.16,-354.9,-370.1,-241.9,-400,-350,-250,1396,1439,1414,1437
3700,1850000,-4.2,1.1,-1.4,0.86,-2.65,2.11,-366.4,-377.5,-246.6,-400,-350,-250,1415,1401,1424,1420
3701,1850500,-4.2,1.0,-1.4,1.04,-2.59,2.06,-366.5,-369.5,-247.6,-400,-350,-250,1447,1432,1410,1417
3702,1851000,-4.1,0.9,-1.3,1.22,-2.54,2.01,-353.2,-353.8,-232.4,-400,-350,-250,1408,1409,1399,1401
3703,1851500,-4.1,0.9,-1.3,1.38,-2.48,1.96,-339.9,-342.6,-219.9,-400,-350,-250,1438,1406,1408,1419
3704,1852000,-4.1,0.8,-1.3,1.54,-2.42,1.92,-352.9,-353.9,-235.7,-400,-350,-250,1425,1419,1392,1397
3705,1852500,-4.0,0.8,-1.2,1.7,-2.36,1.87,-366.5,-366.3,-251.0,-400,-350,-250,1417,1395,1412,1395
3706,1853000,-4.0,0.7,-1.2,1.84,-2.31,1.83,-368.7,-364.0,-247.8,-400,-350,-250,1413,1425,1410,1447
3707,1853500,-3.9,0.6,-1.1,1.99,-2.25,1.78,-367.3,-363.7,-234.8,-400,-350,-250,1435,1399,1407,1427
3708,1854000,-3.9,0.6,-1.1,2.12,-2.19,1.74,-355.2,-352.7,-226.7,-400,-350,-250,1403,1410,1406,1419
3709,1854500,-3.8,0.5,-1.0,2.25,-2.13,1.7,-353.6,-344.6,-229.6,-400,-350,-250,1397,1421,1393,1413
3710,1855000,-3.8,0.5,-1.0,2.37,-2.07,1.66,-354.0,-354.7,-240.5,-400,-350,-250,1415,1419,1438,1408
3711,1855500,-3.7,0.4,-0.9,2.48,-2.02,1.62,-378.1,-364.8,-253.6,-400,-350,-250,1395,1415,1404,1427
3712,1856000,-3.6,0.4,-0.9,2.59,-1.96,1.58,-369.6,-359.8,-253.6,-400,-350,-250,1397,1419,1384,1402
3713,1856500,-3.6,0.3,-0.9,2.69,-1.9,1.54,-365.8,-353.8,-236.7,-400,-350,-250,1418,1410,1422,1424
3714,1857000,-3.5,0.3,-0.8,2.79,-1.85,1.5,-351.4,-336.2,-224.5,-400,-350,-250,1408,1396,1408,1400
3715,1857500,-3.4,0.2,-0.8,2.88,-1.79,1.46,-354.6,-345.3,-237.6,-400,-350,-250,1416,1423,1432,1416
3716,1858000,-3.4,0.2,-0.8,2.96,-1.73,1.43,-372.0,-358.7,-250.8,-400,-350,-250,1406,1419,1420,1417
3717,1858500,-3.3,0.2,-0.7,3.04,-1.68,1.39,-388.0,-364.8,-249.4,-400,-350,-250,1397,1421,1406,1430
3718,1859000,-3.2,0.1,-0.7,3.11,-1.62,1.35,-372.2,-354.5,-246.6,-400,-350,-250,1430,1399,1401,1406
3719,1859500,-3.1,0.1,-0.7,3.18,-1.57,1.32,-356.8,-352.4,-232.9,-400,-350,-250,1409,1421,1402,1419
3720,1860000,-3.0,0.0,-0.6,3.23,-1.52,1.28,-354.9,-344.5,-227.7,-400,-350,-250,1409,1416,1393,1420
3721,1860500,-3.0,0.0,-0.6,3.29,-1.46,1.25,-366.0,-338.9,-246.4,-400,-350,-250,1411,1418,1422,1442
3722,1861000,-2.9,-0.0,-0.6,3.34,-1.41,1.22,-384.3,-353.5,-254.0,-400,-350,-250,1403,1423,1420,1414
3723,1861500,-2.8,-0.1,-0.5,3.38,-1.36,1.19,-380.2,-366.5,-255.5,-400,-350,-250,1404,1414,1418,1413
3724,1862000,-2.7,-0.1,-0.5,3.42,-1.31,1.15,-372.6,-354.0,-245.9,-400,-350,-250,1414,1452,1423,1398
3725,1862500,-2.6,-0.1,-0.5,3.45,-1.26,1.12,-362.9,-330.6,-232.6,-400,-350,-250,1395,1444,1427,1425
3726,1863000,-2.5,-0.2,-0.4,3.48,-1.21,1.09,-359.4,-345.4,-234.6,-400,-350,-250,1412,1421,1388,1433
3727,1863500,-2.4,-0.2,-0.4,3.5,-1.16,1.06,-381.7,-347.7,-243.1,-400,-350,-250,1418,1419,1398,1406
3728,1864000,-2.4,-0.2,-0.4,3.51,-1.11,1.03,-386.7,-360.2,-254.8,-400,-350,-250,1402,1416,1404,1393
3729,1864500,-2.3,-0.2,-0.4,3.53,-1.06,1.0,-385.0,-356.4,-253.6,-400,-350,-250,1409,1438,1459,1438
3730,1865000,-2.2,-0.3,-0.3,3.53,-1.01,0.98,-379.1,-343.7,-236.7,-400,-350,-250,1431,1403,1411,1418
3731,1865500,-2.1,-0.3,-0.3,3.54,-0.97,0.95,-369.4,-334.3,-226.7,-400,-350,-250,1434,1450,1437,1376
3732,1866000,-2.0,-0.3,-0.3,3.53,-0.92,0.92,-371.6,-345.7,-238.9,-400,-350,-250,1444,1424,1382,1417
3733,1866500,-1.9,-0.3,-0.3,3.53,-0.88,0.89,-388.7,-349.5,-259.0,-400,-350,-250,1413,1416,1419,1423
3734,1867000,-1.8,-0.4,-0.3,3.52,-0.83,0.87,-389.3,-357.6,-253.2,-400,-350,-250,1422,1452,1431,1420
3735,1867500,-1.7,-0.4,-0.2,3.5,-0.79,0.84,-390.7,-351.6,-253.5,-400,-350,-250,1438,1414,1418,1425
3736,1868000,-1.6,-0.4,-0.2,3.49,-0.75,0.82,-375.3,-334.5,-241.8,-400,-350,-250,1408,1415,1434,1404
3737,1868500,-1.6,-0.4,-0.2,3.47,-0.71,0.79,-381.3,-334.2,-238.9,-400,-350,-250,1425,1416,1442,1424
3738,1869000,-1.5,-0.4,-0.2,3.44,-0.67,0.77,-385.7,-345.2,-240.4,-400,-350,-250,1410,1424,1444,1430
3739,1869500,-1.4,-0.4,-0.2,3.41,-0.63,0.75,-392.3,-359.8,-257.7,-400,-350,-250,1441,1430,1392,1438
3740,1870000,-1.3,-0.5,-0.1,3.38,-0.59,0.72,-393.9,-354.9,-256.0,-400,-350,-250,1405,1442,1440,1432
3741,1870500,-1.2,-0.5,-0.1,3.34,-0.55,0.7,-382.8,-349.0,-248.2,-400,-350,-250,1420,1431,1401,1422
3742,1871000,-1.1,-0.5,-0.1,3.31,-0.51,0.68,-372.5,-337.4,-231.1,-400,-350,-250,1429,1413,1407,1444
3743,1871500,-1.1,-0.5,-0.1,3.26,-0.48,0.66,-382.6,-339.3,-240.8,-400,-350,-250,1437,1439,1415,1391
3744,1872000,-1.0,-0.5,-0.1,3.22,-0.44,0.64,-388.1,-348.1,-254.2,-400,-350,-250,1422,1396,1445,1428
3745,1872500,-0.9,-0.5,-0.1,3.17,-0.41,0.62,-394.6,-362.2,-264.9,-400,-350,-250,1398,1441,1411,1424
3746,1873000,-0.8,-0.5,-0.0,3.12,-0.37,0.6,-401.7,-356.1,-259.1,-400,-350,-250,1426,1414,1415,1423
3747,1873500,-0.7,-0.5,-0.0,3.07,-0.34,0.58,-388.8,-338.8,-248.2,-400,-350,-250,1399,1402,1405,1433
3748,1874000,-0.7,-0.5,-0.0,3.02,-0.31,0.56,-387.5,-337.6,-227.7,-400,-350,-250,1415,1438,1408,1416
3749,1874500,-0.6,-0.6,0.0,2.96,-0.28,0.54,-390.5,-341.8,-243.6,-400,-350,-250,1424,1439,1418,1426
3750,1875000,-0.5,-0.6,0.0,2.9,-0.25,0.52,-406.4,-347.9,-263.4,-400,-350,-250,1401,1411,1412,1397
3751,1875500,-0.5,-0.6,0.0,2.85,-0.22,0.5,-414.2,-360.0,-261.4,-400,-350,-250,1446,1412,1408,1424
3752,1876000,-0.4,-0.6,0.0,2.78,-0.19,0.48,-395.0,-341.0,-249.6,-400,-350,-250,1413,1435,1389,1427
3753,1876500,-0.3,-0.6,0.1,2.72,-0.16,0.47,-380.5,-331.0,-231.5,-400,-350,-250,1416,1425,1421,1436
3754,1877000,-0.2,-0.6,0.1,2.66,-0.14,0.45,-382.3,-333.7,-237.5,-400,-350,-250,1429,1426,1403,1426
3755,1877500,-0.2,-0.6,0.1,2.59,-0.11,0.43,-395.2,-347.0,-257.6,-400,-350,-250,1438,1448,1420,1439
3756,1878000,-0.1,-0.6,0.1,2.52,-0.09,0.42,-415.4,-350.2,-263.2,-400,-350,-250,1442,1406,1428,1414
3757,1878500,-0.1,-0.6,0.1,2.45,-0.06,0.4,-416.2,-359.8,-258.0,-400,-350,-250,1415,1436,1430,1436
3758,1879000,0.0,-0.6,0.1,2.39,-0.04,0.39,-398.4,-343.6,-249.0,-400,-350,-250,1431,1412,1433,1424
3759,1879500,0.1,-0.6,0.1,2.32,-0.02,0.37,-388.6,-326.9,-235.4,-400,-350,-250,1398,1408,1457,1448
3760,1880000,0.1,-0.6,0.1,2.24,0.01,0.36,-392.9,-340.4,-247.3,-400,-350,-250,1430,1443,1417,1435
3761,1880500,0.2,-0.6,0.1,2.17,0.03,0.34,-405.1,-352.4,-253.0,-400,-350,-250,1397,1422,1417,1450
3762,1881000,0.2,-0.6,0.1,2.1,0.05,0.33,-416.3,-361.5,-266.3,-400,-350,-250,1397,1432,1406,1432
3763,1881500,0.3,-0.6,0.1,2.03,0.07,0.32,-407.2,-348.4,-256.2,-400,-350,-250,1432,1439,1409,1434
3764,1882000,0.3,-0.6,0.2,1.95,0.08,0.3,-401.5,-337.8,-248.6,-400,-350,-250,1445,1432,1419,1422
3765,1882500,0.4,-0.6,0.2,1.88,0.1,0.29,-395.9,-329.7,-243.2,-400,-350,-250,1435,1445,1396,1453
3766,1883000,0.4,-0.6,0.2,1.81,0.12,0.28,-397.9,-336.1,-252.5,-400,-350,-250,1402,1421,1422,1428
3767,1883500,0.5,-0.6,0.2,1.73,0.14,0.27,-418.9,-344.2,-258.6,-400,-350,-250,1433,1430,1398,1438
3768,1884000,0.5,-0.6,0.2,1.66,0.15,0.25,-418.6,-362.1,-266.9,-400,-350,-250,1423,1448,1451,1413
3769,1884500,0.5,-0.6,0.2,1.59,0.17,0.24,-402.1,-344.6,-249.1,-400,-350,-250,1427,1419,1407,1435
3770,1885000,0.6,-0.6,0.2,1.51,0.18,0.23,-398.4,-336.7,-238.3,-400,-350,-250,1460,1452,1419,1455
3771,1885500,0.6,-0.6,0.2,1.44,0.19,0.22,-403.4,-331.9,-241.2,-400,-350,-250,1424,1433,1410,1414
3772,1886000,0.6,-0.6,0.2,1.37,0.21,0.21,-415.3,-351.4,-259.3,-400,-350,-250,1418,1429,1402,1432
3773,1886500,0.7,-0.5,0.2,1.3,0.22,0.2,-418.9,-358.6,-265.4,-400,-350,-250,1439,1403,1429,1424
3774,1887000,0.7,-0.5,0.2,1.23,0.23,0.19,-413.7,-350.7,-252.4,-400,-350,-250,1426,1441,1408,1407
3775,1887500,0.7,-0.5,0.2,1.16,0.24,0.18,-406.2,-348.5,-244.8,-400,-350,-250,1424,1415,1430,1449
3776,1888000,0.8,-0.5,0.2,1.09,0.25,0.17,-398.6,-332.1,-234.6,-400,-350,-250,1454,1442,1425,1435
3777,1888500,0.8,-0.5,0.2,1.02,0.26,0.16,-401.8,-342.1,-250.7,-400,-350,-250,1432,1405,1413,1414
3778,1889000,0.8,-0.5,0.2,0.95,0.27,0.15,-411.8,-355.5,-261.3,-400,-350,-250,1416,1431,1442,1464
3779,1889500,0.8,-0.5,0.2,0.88,0.28,0.14,-415.9,-356.2,-269.0,-400,-350,-250,1448,1393,1454,1430
3780,1890000,0.9,-0.5,0.2,0.81,0.29,0.13,-415.9,-346.0,-253.9,-400,-350,-250,1438,1425,1404,1446
3781,1890500,0.9,-0.5,0.2,0.75,0.3,0.13,-398.4,-339.0,-243.0,-400,-350,-250,1454,1432,1402,1422
3782,1891000,0.9,-0.5,0.2,0.68,0.3,0.12,-393.2,-329.5,-243.4,-400,-350,-250,1434,1421,1438,1433
3783,1891500,0.9,-0.5,0.2,0.62,0.31,0.11,-404.9,-343.7,-251.8,-400,-350,-250,1431,1438,1443,1400
3784,1892000,0.9,-0.5,0.2,0.56,0.32,0.1,-421.3,-352.1,-266.3,-400,-350,-250,1438,1437,1440,1439
3785,1892500,0.9,-0.5,0.3,0.49,0.32,0.1,-421.5,-350.8,-267.9,-400,-350,-250,1447,1420,1428,1446
3786,1893000,0.9,-0.5,0.3,0.43,0.33,0.09,-409.6,-344.1,-250.5,-400,-350,-250,1418,1432,1399,1421
3787,1893500,1.0,-0.4,0.3,0.37,0.33,0.08,-399.2,-331.3,-242.1,-400,-350,-250,1412,1428,1456,1433
3788,1894000,1.0,-0.4,0.3,0.32,0.34,0.07,-399.1,-336.8,-244.2,-400,-350,-250,1419,1432,1434,1417
3789,1894500,1.0,-0.4,0.3,0.26,0.34,0.07,-409.9,-348.9,-250.5,-400,-350,-250,1433,1445,1413,1440
3790,1895000,1.0,-0.4,0.3,0.21,0.34,0.06,-422.7,-359.3,-269.4,-400,-350,-250,1449,1436,1448,1449
3791,1895500,1.0,-0.4,0.3,0.15,0.34,0.05,-420.4,-360.3,-259.5,-400,-350,-250,1428,1415,1429,1426
3792,1896000,1.0,-0.4,0.3,0.1,0.35,0.05,-407.1,-339.9,-248.9,-400,-350,-250,1433,1451,1444,1439
3793,1896500,1.0,-0.4,0.3,0.05,0.35,0.04,-392.2,-333.4,-239.7,-400,-350,-250,1434,1409,1434,1415
3794,1897000,1.0,-0.4,0.3,-0.0,0.35,0.04,-398.8,-340.2,-251.0,-400,-350,-250,1448,1434,1420,1450
3795,1897500,1.0,-0.4,0.3,-0.05,0.35,0.03,-415.2,-351.9,-255.7,-400,-350,-250,1413,1419,1429,1436
3796,1898000,1.0,-0.4,0.3,-0.1,0.35,0.03,-425.6,-360.6,-262.5,-400,-350,-250,1469,1444,1413,1450
3797,1898500,1.0,-0.4,0.3,-0.14,0.35,0.02,-410.5,-347.5,-257.4,-400,-350,-250,1419,1420,1463,1449
3798,1899000,1.0,-0.3,0.3,-0.18,0.35,0.02,-404.0,-336.8,-247.7,-400,-350,-250,1425,1438,1462,1412
3799,1899500,1.0,-0.3,0.3,-0.23,0.35,0.01,-392.3,-331.9,-246.8,-400,-350,-250,1421,1454,1465,1447
3800,1900000,1.0,-0.3,0.3,-0.27,0.35,0.01,-408.6,-344.5,-255.5,-400,-350,-250,1426,1421,1432,1428
3801,1900500,0.9,-0.3,0.3,-0.31,0.35,0.0,-420.2,-359.9,-259.3,-400,-350,-250,1417,1449,1439,1453
3802,1901000,0.9,-0.3,0.3,-0.34,0.35,-0.0,-419.6,-349.7,-264.1,-400,-350,-250,1462,1421,1445,1440
3803,1901500,0.9,-0.3,0.3,-0.38,0.35,-0.01,-407.6,-343.2,-250.5,-400,-350,-250,1441,1441,1416,1436
3804,1902000,0.9,-0.3,0.3,-0.41,0.35,-0.01,-394.4,-338.9,-238.7,-400,-350,-250,1445,1451,1437,1423
3805,1902500,0.9,-0.3,0.3,-0.45,0.35,-0.01,-403.3,-341.3,-240.5,-400,-350,-250,1454,1443,1428,1453
3806,1903000,0.9,-0.3,0.3,-0.48,0.34,-0.02,-418.8,-347.3,-259.1,-400,-350,-250,1439,1421,1451,1445
3807,1903500,0.9,-0.3,0.3,-0.51,0.34,-0.02,-416.1,-361.5,-256.4,-400,-350,-250,1400,1439,1443,1448
3808,1904000,0.9,-0.3,0.3,-0.54,0.34,-0.03,-417.5,-352.6,-261.0,-400,-350,-250,1447,1440,1425,1451
3809,1904500,0.9,-0.3,0.3,-0.56,0.34,-0.03,-408.0,-341.8,-243.1,-400,-350,-250,1407,1420,1463,1453
3810,1905000,0.8,-0.2,0.3,-0.59,0.33,-0.03,-400.4,-335.3,-239.2,-400,-350,-250,1481,1440,1448,1442
3811,1905500,0.8,-0.2,0.3,-0.61,0.33,-0.03,-406.5,-344.1,-249.3,-400,-350,-250,1434,1438,1427,1424
3812,1906000,0.8,-0.2,0.3,-0.64,0.33,-0.04,-416.5,-354.1,-255.2,-400,-350,-250,1471,1434,1438,1443
3813,1906500,0.8,-0.2,0.3,-0.66,0.32,-0.04,-417.5,-361.5,-266.3,-400,-350,-250,1482,1439,1414,1430
3814,1907000,0.8,-0.2,0.3,-0.68,0.32,-0.04,-407.2,-349.1,-258.0,-400,-350,-250,1428,1473,1420,1456
3815,1907500,0.8,-0.2,0.3,-0.7,0.32,-0.05,-396.4,-332.1,-241.0,-400,-350,-250,1453,1436,1434,1456
3816,1908000,0.7,-0.2,0.3,-0.71,0.31,-0.05,-400.8,-343.9,-239.5,-400,-350,-250,1443,1431,1446,1439
3817,1908500,0.7,-0.2,0.3,-0.73,0.31,-0.05,-412.2,-350.4,-250.3,-400,-350,-250,1425,1476,1436,1423
3818,1909000,0.7,-0.2,0.3,-0.74,0.3,-0.05,-413.7,-359.3,-262.9,-400,-350,-250,1466,1440,1439,1469
3819,1909500,0.7,-0.2,0.3,-0.75,0.3,-0.06,-415.6,-360.0,-262.4,-400,-350,-250,1450,1460,1431,1430
3820,1910000,0.7,-0.2,0.3,-0.77,0.29,-0.06,-401.9,-342.6,-249.9,-400,-350,-250,1434,1418,1452,1438
3821,1910500,0.6,-0.2,0.2,-0.78,0.29,-0.06,-400.2,-332.3,-239.8,-400,-350,-250,1423,1453,1458,1451
3822,1911000,0.6,-0.2,0.2,-0.79,0.28,-0.06,-388.5,-342.6,-248.9,-400,-350,-250,1447,1446,1457,1439
3823,1911500,0.6,-0.1,0.2,-0.79,0.28,-0.06,-415.8,-357.9,-253.2,-400,-350,-250,1441,1440,1456,1429
3824,1912000,0.6,-0.1,0.2,-0.8,0.28,-0.07,-415.9,-367.3,-264.9,-400,-350,-250,1434,1454,1454,1442
3825,1912500,0.6,-0.1,0.2,-0.81,0.27,-0.07,-410.7,-360.8,-259.9,-400,-350,-250,1450,1478,1467,1468
3826,1913000,0.5,-0.1,0.2,-0.81,0.27,-0.07,-397.9,-344.3,-249.3,-400,-350,-250,1438,1424,1460,1436
3827,1913500,0.5,-0.1,0.2,-0.81,0.26,-0.07,-399.5,-340.7,-233.2,-400,-350,-250,1454,1448,1429,1431
3828,1914000,0.5,-0.1,0.2,-0.81,0.26,-0.07,-396.3,-342.1,-247.3,-400,-350,-250,1423,1452,1468,1433
3829,1914500,0.5,-0.1,0.2,-0.82,0.25,-0.07,-421.7,-363.2,-262.6,-400,-350,-250,1421,1447,1438,1451
3830,1915000,0.5,-0.1,0.2,-0.82,0.24,-0.07,-418.2,-360.2,-261.5,-400,-350,-250,1468,1471,1447,1430
3831,1915500,0.4,-0.1,0.2,-0.81,0.24,-0.08,-412.9,-351.8,-257.8,-400,-350,-250,1447,1451,1460,1421
3832,1916000,0.4,-0.1,0.2,-0.81,0.23,-0.08,-390.5,-328.2,-244.9,-400,-350,-250,1421,1444,1430,1434
3833,1916500,0.4,-0.1,0.2,-0.81,0.23,-0.08,-391.7,-335.9,-237.4,-400,-350,-250,1424,1464,1441,1450
3834,1917000,0.4,-0.1,0.2,-0.81,0.22,-0.08,-401.1,-349.8,-245.8,-400,-350,-250,1440,1430,1422,1469
3835,1917500,0.4,-0.1,0.2,-0.8,0.22,-0.08,-414.6,-363.7,-265.9,-400,-350,-250,1466,1449,1460,1451
3836,1918000,0.3,-0.1,0.2,-0.8,0.21,-0.08,-406.9,-357.3,-251.5,-400,-350,-250,1453,1445,1439,1482
3837,1918500,0.3,-0.1,0.2,-0.79,0.21,-0.08,-398.6,-342.0,-254.3,-400,-350,-250,1417,1448,1443,1417
3838,1919000,0.3,-0.1,0.2,-0.78,0.2,-0.08,-390.8,-335.2,-244.8,-400,-350,-250,1448,1460,1435,1445
3839,1919500,0.3,-0.1,0.2,-0.77,0.2,-0.08,-394.8,-337.8,-236.5,-400,-350,-250,1467,1446,1461,1438
3840,1920000,0.3,-0.0,0.2,-0.77,0.19,-0.08,-405.3,-360.0,-261.7,-400,-350,-250,1453,1455,1449,1466
3841,1920500,0.3,-0.0,0.2,-0.76,0.19,-0.08,-412.8,-362.4,-264.9,-400,-350,-250,1442,1447,1435,1438
3842,1921000,0.2,-0.0,0.2,-0.75,0.18,-0.08,-409.2,-356.0,-252.0,-400,-350,-250,1435,1445,1417,1441
3843,1921500,0.2,-0.0,0.2,-0.74,0.18,-0.09,-393.4,-346.2,-246.2,-400,-350,-250,1446,1427,1436,1444
3844,1922000,0.2,-0.0,0.2,-0.72,0.17,-0.09,-388.8,-335.6,-243.3,-400,-350,-250,1466,1461,1453,1441
3845,1922500,0.2,-0.0,0.2,-0.71,0.17,-0.09,-400.1,-338.0,-242.1,-400,-350,-250,1448,1438,1463,1445
3846,1923000,0.2,-0.0,0.2,-0.7,0.16,-0.09,-409.0,-352.0,-264.2,-400,-350,-250,1454,1407,1441,1447
3847,1923500,0.1,-0.0,0.2,-0.69,0.16,-0.09,-407.6,-362.3,-263.8,-400,-350,-250,1457,1455,1448,1424
3848,1924000,0.1,-0.0,0.2,-0.67,0.15,-0.09,-397.1,-347.1,-251.5,-400,-350,-250,1439,1428,1446,1439
3849,1924500,0.1,-0.0,0.2,-0.66,0.15,-0.09,-391.4,-340.5,-245.5,-400,-350,-250,1458,1445,1449,1455
3850,1925000,0.1,-0.0,0.2,-0.65,0.14,-0.09,-392.6,-343.1,-247.3,-400,-350,-250,1442,1459,1466,1465
3851,1925500,0.1,-0.0,0.2,-0.63,0.14,-0.09,-398.8,-350.4,-255.7,-400,-350,-250,1441,1444,1445,1433
3852,1926000,0.1,0.0,0.2,-0.62,0.13,-0.09,-411.4,-358.9,-266.1,-400,-350,-250,1422,1443,1470,1432
3853,1926500,0.0,0.0,0.2,-0.6,0.13,-0.09,-405.5,-361.7,-261.0,-400,-350,-250,1450,1450,1459,1444
3854,1927000,0.0,0.0,0.2,-0.59,0.12,-0.09,-399.8,-353.0,-252.9,-400,-350,-250,1465,1451,1471,1434
3855,1927500,0.0,0.0,0.2,-0.57,0.12,-0.09,-390.4,-336.7,-240.7,-400,-350,-250,1430,1464,1446,1442
3856,1928000,0.0,0.0,0.2,-0.56,0.11,-0.09,-393.6,-342.3,-245.8,-400,-350,-250,1449,1467,1438,1453
3857,1928500,-0.0,0.0,0.2,-0.54,0.11,-0.09,-407.7,-358.5,-257.0,-400,-350,-250,1434,1461,1469,1414
3858,1929000,-0.0,0.0,0.2,-0.52,0.1,-0.09,-416.6,-357.1,-260.2,-400,-350,-250,1421,1450,1476,1468
3859,1929500,-0.0,0.0,0.2,-0.51,0.1,-0.09,-402.6,-352.7,-258.4,-400,-350,-250,1438,1466,1437,1468
3860,1930000,-0.0,0.0,0.2,-0.49,0.09,-0.09,-389.9,-340.8,-240.9,-400,-350,-250,1454,1439,1447,1431
3861,1930500,-0.1,0.0,0.2,-0.47,0.09,-0.09,-380.1,-339.3,-248.1,-400,-350,-250,1461,1444,1460,1468
3862,1931000,-0.1,0.0,0.2,-0.46,0.09,-0.09,-395.7,-349.8,-250.0,-400,-350,-250,1455,1456,1439,1428
3863,1931500,-0.1,0.0,0.2,-0.44,0.08,-0.09,-407.1,-356.2,-260.3,-400,-350,-250,1435,1478,1471,1460
3864,1932000,-0.1,0.0,0.2,-0.42,0.08,-0.09,-413.7,-363.0,-258.2,-400,-350,-250,1422,1429,1485,1430
3865,1932500,-0.1,0.0,0.2,-0.41,0.07,-0.09,-402.2,-353.3,-250.7,-400,-350,-250,1473,1457,1435,1456
3866,1933000,-0.1,0.0,0.2,-0.39,0.07,-0.09,-395.1,-337.3,-237.2,-400,-350,-250,1478,1437,1451,1431
3867,1933500,-0.1,0.0,0.2,-0.37,0.07,-0.08,-383.7,-343.6,-242.0,-400,-350,-250,1452,1469,1439,1444
3868,1934000,-0.1,0.0,0.2,-0.35,0.06,-0.08,-404.3,-349.3,-259.5,-400,-350,-250,1454,1449,1466,1452
3869,1934500,-0.1,0.0,0.2,-0.34,0.06,-0.08,-409.3,-361.9,-267.5,-400,-350,-250,1478,1472,1452,1460
3870,1935000,-0.1,0.0,0.1,-0.32,0.06,-0.08,-413.7,-366.2,-262.6,-400,-350,-250,1454,1451,1439,1455
3871,1935500,-0.2,0.0,0.1,-0.3,0.05,-0.08,-401.6,-342.7,-247.4,-400,-350,-250,1463,1428,1451,1482
3872,1936000,-0.2,0.0,0.1,-0.29,0.05,-0.08,-387.9,-333.1,-241.6,-400,-350,-250,1452,1442,1452,1439
3873,1936500,-0.2,0.0,0.1,-0.27,0.05,-0.08,-378.0,-347.9,-239.8,-400,-350,-250,1447,1469,1448,1451
3874,1937000,-0.2,0.0,0.1,-0.26,0.04,-0.08,-406.8,-360.5,-257.8,-400,-350,-250,1447,1453,1463,1443
3875,1937500,-0.2,0.0,0.1,-0.24,0.04,-0.08,-403.5,-362.5,-267.2,-400,-350,-250,1449,1464,1456,1451
3876,1938000,-0.2,0.0,0.1,-0.22,0.04,-0.08,-408.5,-364.9,-260.2,-400,-350,-250,1477,1447,1465,1450
3877,1938500,-0.2,0.0,0.1,-0.21,0.03,-0.08,-387.9,-343.1,-243.1,-400,-350,-250,1471,1433,1465,1446
3878,1939000,-0.2,0.1,0.1,-0.19,0.03,-0.08,-386.4,-338.0,-230.0,-400,-350,-250,1494,1453,1479,1461
3879,1939500,-0.2,0.1,0.1,-0.18,0.03,-0.08,-397.1,-344.3,-253.6,-400,-350,-250,1461,1447,1418,1445
3880,1940000,-0.2,0.1,0.1,-0.16,0.02,-0.08,-404.8,-362.1,-260.1,-400,-350,-250,1455,1457,1470,1451
3881,1940500,-0.2,0.1,0.1,-0.15,0.02,-0.08,-418.7,-364.3,-258.2,-400,-350,-250,1424,1461,1456,1476
3882,1941000,-0.2,0.1,0.1,-0.13,0.02,-0.08,-403.4,-357.5,-251.1,-400,-350,-250,1429,1469,1468,1458
3883,1941500,-0.2,0.1,0.1,-0.12,0.02,-0.08,-382.4,-333.2,-236.0,-400,-350,-250,1449,1475,1447,1432
3884,1942000,-0.2,0.1,0.1,-0.1,0.01,-0.08,-388.5,-340.3,-242.3,-400,-350,-250,1486,1427,1431,1437
3885,1942500,-0.2,0.1,0.1,-0.09,0.01,-0.08,-396.5,-345.0,-248.9,-400,-350,-250,1476,1443,1464,1460
3886,1943000,-0.2,0.1,0.1,-0.08,0.01,-0.07,-420.9,-364.6,-262.1,-400,-350,-250,1469,1459,1438,1468
3887,1943500,-0.2,0.1,0.1,-0.06,0.01,-0.07,-408.1,-362.6,-268.7,-400,-350,-250,1431,1467,1455,1464
3888,1944000,-0.2,0.1,0.1,-0.05,0.0,-0.07,-400.9,-345.3,-244.9,-400,-350,-250,1427,1468,1433,1470
3889,1944500,-0.2,0.1,0.1,-0.04,0.0,-0.07,-387.4,-336.4,-244.7,-400,-350,-250,1468,1467,1473,1480
3890,1945000,-0.2,0.1,0.1,-0.03,0.0,-0.07,-386.7,-342.6,-243.3,-400,-350,-250,1456,1444,1457,1447
3891,1945500,-0.2,0.1,0.1,-0.01,-0.0,-0.07,-406.3,-354.2,-253.6,-400,-350,-250,1466,1448,1467,1451
3892,1946000,-0.2,0.1,0.1,-0.0,-0.0,-0.07,-409.5,-364.3,-270.8,-400,-350,-250,1480,1462,1486,1478
3893,1946500,-0.2,0.1,0.1,0.01,-0.01,-0.07,-404.0,-357.3,-258.8,-400,-350,-250,1481,1435,1449,1443
3894,1947000,-0.2,0.1,0.1,0.02,-0.01,-0.07,-391.7,-347.3,-244.4,-400,-350,-250,1461,1442,1472,1454
3895,1947500,-0.2,0.1,0.1,0.03,-0.01,-0.07,-385.3,-340.9,-233.9,-400,-350,-250,1484,1458,1461,1432
3896,1948000,-0.2,0.1,0.1,0.04,-0.01,-0.07,-385.6,-346.4,-244.4,-400,-350,-250,1458,1428,1444,1446
3897,1948500,-0.2,0.1,0.1,0.05,-0.01,-0.07,-408.4,-350.7,-257.3,-400,-350,-250,1457,1444,1470,1448
3898,1949000,-0.2,0.1,0.1,0.06,-0.01,-0.07,-416.5,-362.3,-261.9,-400,-350,-250,1459,1446,1460,1464
3899,1949500,-0.2,0.1,0.1,0.07,-0.01,-0.07,-408.7,-347.0,-252.1,-400,-350,-250,1468,1451,1439,1463
3900,1950000,-0.2,0.1,0.1,0.08,-0.02,-0.07,-381.8,-340.8,-246.5,-400,-350,-250,1466,1469,1462,1458
3901,1950500,-0.2,0.1,0.1,0.08,-0.02,-0.06,-382.3,-339.2,-232.2,-400,-350,-250,1453,1430,1462,1468
3902,1951000,-0.2,0.1,0.1,0.09,-0.02,-0.06,-389.4,-355.9,-251.4,-400,-350,-250,1467,1442,1455,1442
3903,1951500,-0.2,0.1,0.1,0.1,-0.02,-0.06,-400.7,-366.6,-266.8,-400,-350,-250,1458,1445,1464,1464
3904,1952000,-0.2,0.0,0.1,0.11,-0.02,-0.06,-404.7,-359.5,-261.3,-400,-350,-250,1460,1442,1454,1441
3905,1952500,-0.2,0.0,0.1,0.12,-0.02,-0.06,-396.0,-345.0,-245.9,-400,-350,-250,1484,1462,1456,1479
3906,1953000,-0.2,0.0,0.1,0.12,-0.02,-0.06,-391.3,-335.5,-240.7,-400,-350,-250,1456,1472,1478,1442
3907,1953500,-0.2,0.0,0.1,0.13,-0.02,-0.06,-390.8,-338.7,-248.6,-400,-350,-250,1451,1463,1448,1494
3908,1954000,-0.2,0.0,0.1,0.13,-0.02,-0.06,-394.4,-351.1,-259.1,-400,-350,-250,1461,1446,1460,1451
3909,1954500,-0.2,0.0,0.1,0.14,-0.03,-0.06,-413.6,-363.5,-261.2,-400,-350,-250,1449,1484,1455,1463
3910,1955000,-0.2,0.0,0.1,0.15,-0.03,-0.06,-408.8,-364.9,-255.6,-400,-350,-250,1475,1461,1460,1467
3911,1955500,-0.2,0.0,0.1,0.15,-0.03,-0.06,-395.0,-350.7,-238.2,-400,-350,-250,1471,1472,1471,1459
3912,1956000,-0.2,0.0,0.1,0.15,-0.03,-0.06,-391.2,-338.2,-236.4,-400,-350,-250,1452,1477,1472,1471
3913,1956500,-0.2,0.0,0.1,0.16,-0.03,-0.06,-390.1,-346.6,-245.0,-400,-350,-250,1468,1430,1473,1486
3914,1957000,-0.2,0.0,0.1,0.16,-0.03,-0.06,-404.7,-361.4,-258.9,-400,-350,-250,1484,1473,1464,1495
3915,1957500,-0.2,0.0,0.1,0.17,-0.03,-0.05,-407.3,-365.2,-257.7,-400,-350,-250,1459,1470,1451,1451
3916,1958000,-0.2,0.0,0.1,0.17,-0.03,-0.05,-398.8,-354.2,-254.5,-400,-350,-250,1447,1456,1459,1473
3917,1958500,-0.2,0.0,0.1,0.17,-0.03,-0.05,-394.9,-342.5,-238.1,-400,-350,-250,1469,1454,1472,1463
3918,1959000,-0.2,0.0,0.1,0.18,-0.03,-0.05,-387.0,-332.2,-244.4,-400,-350,-250,1451,1481,1479,1470
3919,1959500,-0.2,0.0,0.1,0.18,-0.03,-0.05,-399.0,-347.3,-246.1,-400,-350,-250,1473,1487,1439,1465
3920,1960000,-0.1,0.0,0.1,0.18,-0.03,-0.05,-403.9,-360.7,-257.4,-400,-350,-250,1474,1488,1478,1481
3921,1960500,-0.1,0.0,0.1,0.18,-0.03,-0.05,-416.3,-367.8,-261.4,-400,-350,-250,1457,1475,1466,1453
3922,1961000,-0.1,0.0,0.1,0.18,-0.03,-0.05,-398.2,-353.1,-253.7,-400,-350,-250,1469,1472,1483,1471
3923,1961500,-0.1,0.0,0.1,0.19,-0.03,-0.05,-385.9,-337.8,-240.4,-400,-350,-250,1473,1434,1476,1497
3924,1962000,-0.1,0.0,0.1,0.19,-0.03,-0.05,-382.9,-343.6,-236.5,-400,-350,-250,1470,1489,1463,1450
3925,1962500,-0.1,0.0,0.1,0.19,-0.03,-0.05,-406.1,-348.7,-245.9,-400,-350,-250,1450,1466,1509,1461
3926,1963000,-0.1,0.0,0.1,0.19,-0.03,-0.05,-410.5,-358.4,-268.2,-400,-350,-250,1466,1449,1461,1473
3927,1963500,-0.1,0.0,0.1,0.19,-0.03,-0.05,-413.7,-358.6,-255.6,-400,-350,-250,1468,1466,1453,1463
3928,1964000,-0.1,0.0,0.1,0.19,-0.03,-0.05,-390.5,-344.6,-239.6,-400,-350,-250,1450,1456,1469,1472
3929,1964500,-0.1,0.0,0.1,0.19,-0.03,-0.04,-388.4,-338.9,-239.7,-400,-350,-250,1475,1458,1455,1485
3930,1965000,-0.1,0.0,0.1,0.19,-0.03,-0.04,-388.5,-345.1,-251.9,-400,-350,-250,1461,1454,1453,1477
3931,1965500,-0.1,0.0,0.1,0.19,-0.03,-0.04,-408.2,-354.1,-259.6,-400,-350,-250,1477,1457,1495,1460
3932,1966000,-0.1,0.0,0.1,0.19,-0.03,-0.04,-413.1,-361.2,-263.3,-400,-350,-250,1460,1458,1463,1444
3933,1966500,-0.1,0.0,0.0,0.19,-0.03,-0.04,-406.5,-353.2,-256.0,-400,-350,-250,1466,1495,1464,1456
3934,1967000,-0.1,0.0,0.0,0.18,-0.03,-0.04,-392.7,-344.0,-237.3,-400,-350,-250,1475,1453,1468,1468
3935,1967500,-0.1,0.0,0.0,0.18,-0.03,-0.04,-380.7,-334.3,-238.7,-400,-350,-250,1484,1481,1477,1473
3936,1968000,-0.1,0.0,0.0,0.18,-0.03,-0.04,-393.1,-344.9,-245.8,-400,-350,-250,1458,1479,1462,1454
3937,1968500,-0.1,0.0,0.0,0.18,-0.03,-0.04,-403.1,-359.4,-261.5,-400,-350,-250,1460,1468,1469,1459
3938,1969000,-0.1,0.0,0.0,0.18,-0.03,-0.04,-406.3,-365.3,-266.6,-400,-350,-250,1493,1481,1475,1473
3939,1969500,-0.1,0.0,0.0,0.18,-0.03,-0.04,-402.4,-354.0,-256.6,-400,-350,-250,1446,1484,1457,1445
3940,1970000,-0.1,0.0,0.0,0.17,-0.03,-0.04,-389.6,-350.3,-243.0,-400,-350,-250,1482,1462,1460,1500
3941,1970500,-0.1,0.0,0.0,0.17,-0.03,-0.04,-384.3,-334.7,-238.5,-400,-350,-250,1469,1496,1476,1474
3942,1971000,-0.0,0.0,0.0,0.17,-0.03,-0.04,-398.0,-345.6,-247.2,-400,-350,-250,1471,1460,1461,1477
3943,1971500,-0.0,0.0,0.0,0.17,-0.03,-0.04,-409.8,-358.9,-265.5,-400,-350,-250,1433,1449,1462,1464
3944,1972000,-0.0,0.0,0.0,0.16,-0.03,-0.04,-416.2,-359.5,-262.1,-400,-350,-250,1456,1484,1471,1465
3945,1972500,-0.0,0.0,0.0,0.16,-0.03,-0.03,-399.5,-350.2,-246.8,-400,-350,-250,1438,1481,1481,1474
3946,1973000,-0.0,0.0,0.0,0.16,-0.03,-0.03,-377.1,-337.0,-235.9,-400,-350,-250,1479,1483,1449,1448
3947,1973500,-0.0,0.0,0.0,0.15,-0.03,-0.03,-393.4,-334.4,-238.2,-400,-350,-250,1434,1486,1492,1483
3948,1974000,-0.0,0.0,0.0,0.15,-0.03,-0.03,-408.3,-352.3,-249.9,-400,-350,-250,1488,1459,1494,1486
3949,1974500,-0.0,0.0,0.0,0.15,-0.03,-0.03,-413.6,-365.5,-264.4,-400,-350,-250,1473,1451,1479,1483
3950,1975000,-0.0,0.0,0.0,0.14,-0.03,-0.03,-406.0,-357.8,-247.6,-400,-350,-250,1476,1468,1487,1473
3951,1975500,-0.0,0.0,0.0,0.14,-0.03,-0.03,-394.6,-337.4,-237.2,-400,-350,-250,1458,1492,1465,1496
3952,1976000,-0.0,0.0,0.0,0.14,-0.03,-0.03,-389.0,-326.4,-239.6,-400,-350,-250,1464,1471,1479,1472
3953,1976500,-0.0,0.0,0.0,0.13,-0.03,-0.03,-386.2,-337.7,-245.3,-400,-350,-250,1481,1467,1456,1458
3954,1977000,-0.0,0.0,0.0,0.13,-0.03,-0.03,-406.8,-353.5,-256.9,-400,-350,-250,1474,1460,1440,1486
3955,1977500,0.0,0.0,0.0,0.13,-0.02,-0.03,-405.1,-368.0,-267.8,-400,-350,-250,1486,1482,1488,1488
3956,1978000,0.0,0.0,0.0,0.12,-0.02,-0.03,-411.0,-357.4,-257.0,-400,-350,-250,1490,1464,1443,1493
3957,1978500,0.0,0.0,0.0,0.12,-0.02,-0.03,-394.6,-344.0,-245.0,-400,-350,-250,1458,1484,1475,1474
3958,1979000,0.0,0.0,0.0,0.11,-0.02,-0.03,-384.7,-339.9,-241.0,-400,-350,-250,1494,1470,1462,1455
3959,1979500,0.0,0.0,0.0,0.11,-0.02,-0.03,-397.9,-354.5,-242.5,-400,-350,-250,1468,1494,1480,1470
3960,1980000,0.0,0.0,0.0,0.11,-0.02,-0.03,-413.5,-360.1,-271.0,-400,-350,-250,1488,1469,1464,1502
3961,1980500,0.0,0.0,0.0,0.1,-0.02,-0.03,-415.8,-356.8,-259.7,-400,-350,-250,1469,1474,1499,1435
3962,1981000,0.0,0.0,0.0,0.1,-0.02,-0.03,-399.1,-355.7,-248.4,-400,-350,-250,1478,1454,1470,1453
3963,1981500,0.0,0.0,0.0,0.09,-0.02,-0.03,-399.5,-345.8,-241.6,-400,-350,-250,1443,1459,1485,1500
3964,1982000,0.0,0.0,0.0,0.09,-0.02,-0.03,-383.0,-329.9,-239.2,-400,-350,-250,1487,1453,1472,1428
3965,1982500,0.0,0.0,0.0,0.09,-0.02,-0.02,-403.1,-349.3,-245.8,-400,-350,-250,1455,1496,1487,1482
3966,1983000,0.0,0.0,0.0,0.08,-0.02,-0.02,-413.4,-360.8,-261.1,-400,-350,-250,1496,1461,1470,1454
3967,1983500,0.0,0.0,0.0,0.08,-0.02,-0.02,-409.8,-360.8,-265.0,-400,-350,-250,1497,1494,1487,1485
3968,1984000,0.0,0.0,0.0,0.08,-0.02,-0.02,-393.4,-342.3,-247.3,-400,-350,-250,1465,1465,1463,1482
3969,1984500,0.0,0.0,0.0,0.07,-0.02,-0.02,-386.6,-338.3,-240.4,-400,-350,-250,1472,1492,1459,1475
3970,1985000,0.0,0.0,0.0,0.07,-0.02,-0.02,-387.6,-341.9,-241.0,-400,-350,-250,1482,1484,1495,1470
3971,1985500,0.0,0.0,0.0,0.06,-0.02,-0.02,-399.3,-350.1,-251.7,-400,-350,-250,1447,1451,1465,1464
3972,1986000,0.0,0.0,0.0,0.06,-0.02,-0.02,-410.6,-365.3,-262.3,-400,-350,-250,1473,1440,1472,1463
3973,1986500,0.0,0.0,0.0,0.06,-0.02,-0.02,-406.7,-361.0,-258.5,-400,-350,-250,1461,1476,1479,1467
3974,1987000,0.0,0.0,0.0,0.05,-0.02,-0.02,-387.9,-343.0,-239.9,-400,-350,-250,1501,1459,1469,1484
3975,1987500,0.0,0.0,0.0,0.05,-0.02,-0.02,-383.1,-337.1,-237.2,-400,-350,-250,1477,1456,1485,1462
3976,1988000,0.0,0.0,0.0,0.05,-0.01,-0.02,-386.6,-345.9,-246.0,-400,-350,-250,1502,1472,1491,1480
3977,1988500,0.0,0.0,0.0,0.04,-0.01,-0.02,-401.9,-350.8,-255.2,-400,-350,-250,1479,1482,1470,1459
3978,1989000,0.0,0.0,0.0,0.04,-0.01,-0.02,-416.6,-364.1,-263.3,-400,-350,-250,1475,1489,1486,1477
3979,1989500,0.0,0.0,0.0,0.04,-0.01,-0.02,-403.3,-348.5,-261.8,-400,-350,-250,1479,1487,1470,1488
3980,1990000,0.0,0.0,0.0,0.03,-0.01,-0.02,-388.2,-339.3,-239.6,-400,-350,-250,1486,1499,1495,1473
3981,1990500,0.0,0.0,0.0,0.03,-0.01,-0.02,-385.1,-336.9,-239.3,-400,-350,-250,1475,1492,1475,1495
3982,1991000,0.0,-0.0,0.0,0.03,-0.01,-0.02,-393.1,-342.0,-248.4,-400,-350,-250,1469,1494,1490,1467
3983,1991500,0.1,-0.0,0.0,0.02,-0.01,-0.02,-413.9,-362.9,-256.4,-400,-350,-250,1463,1506,1455,1484
3984,1992000,0.1,-0.0,0.0,0.02,-0.01,-0.02,-415.5,-367.4,-261.4,-400,-350,-250,1491,1475,1464,1488
3985,1992500,0.1,-0.0,0.0,0.02,-0.01,-0.02,-401.0,-355.8,-263.6,-400,-350,-250,1480,1469,1479,1501
3986,1993000,0.1,-0.0,0.0,0.01,-0.01,-0.02,-391.4,-336.7,-233.4,-400,-350,-250,1446,1495,1459,1468
3987,1993500,0.1,-0.0,0.0,0.01,-0.01,-0.02,-388.2,-339.1,-234.7,-400,-350,-250,1470,1475,1490,1470
3988,1994000,0.1,-0.0,0.0,0.01,-0.01,-0.02,-407.9,-347.5,-250.4,-400,-350,-250,1458,1512,1488,1476
3989,1994500,0.1,-0.0,0.0,0.0,-0.01,-0.02,-411.2,-371.8,-257.0,-400,-350,-250,1464,1492,1443,1497
3990,1995000,0.1,-0.0,0.0,0.0,-0.01,-0.01,-412.4,-367.3,-262.2,-400,-350,-250,1489,1474,1512,1469
3991,1995500,0.1,-0.0,0.0,-0.0,-0.01,-0.01,-395.0,-346.4,-254.8,-400,-350,-250,1453,1482,1500,1471
3992,1996000,0.1,-0.0,0.0,-0.0,-0.01,-0.01,-390.8,-345.4,-234.7,-400,-350,-250,1483,1482,1463,1468
3993,1996500,0.1,-0.0,0.0,-0.01,-0.01,-0.01,-388.8,-335.8,-244.7,-400,-350,-250,1491,1485,1466,1488
3994,1997000,0.1,-0.0,0.0,-0.01,-0.01,-0.01,-399.9,-357.7,-250.0,-400,-350,-250,1473,1485,1493,1482
3995,1997500,0.1,-0.0,0.0,-0.01,-0.01,-0.01,-414.7,-360.9,-263.5,-400,-350,-250,1485,1494,1493,1478
3996,1998000,0.1,-0.0,0.0,-0.01,-0.01,-0.01,-410.9,-358.5,-261.5,-400,-350,-250,1478,1504,1508,1471
3997,1998500,0.1,-0.0,0.0,-0.01,-0.01,-0.01,-401.5,-348.8,-256.2,-400,-350,-250,1507,1492,1511,1494
3998,1999000,0.1,-0.0,0.0,-0.02,-0.01,-0.01,-396.2,-341.2,-233.1,-400,-350,-250,1481,1490,1488,1468
3999,1999500,0.0,-0.0,0.0,-0.02,-0.01,-0.01,-396.7,-337.7,-240.2,-400,-350,-250,1497,1488,1456,1472
4000,2000000,80.0,69.9,50.0,-3.94,-2.53,-0.81,-405.2,-352.1,-259.4,400,350,250,1447,1491,1461,1488
4001,2000500,79.8,69.8,49.9,-7.74,-4.95,-1.58,-406.7,-357.9,-259.5,400,350,250,1498,1460,1473,1490
4002,2001000,79.5,69.6,49.9,-11.42,-7.29,-2.33,-397.6,-356.9,-263.6,400,350,250,1477,1506,1489,1458
4003,2001500,79.1,69.4,49.8,-14.98,-9.53,-3.05,-388.4,-336.4,-238.9,400,350,250,1493,1507,1485,1490
4004,2002000,78.6,69.1,49.7,-18.42,-11.69,-3.74,-371.4,-323.0,-233.5,400,350,250,1497,1494,1475,1490
4005,2002500,78.1,68.8,49.6,-21.73,-13.75,-4.41,-373.0,-329.3,-238.7,400,350,250,1486,1487,1463,1469
4006,2003000,77.5,68.4,49.5,-24.92,-15.73,-5.05,-381.0,-343.3,-257.9,400,350,250,1515,1480,1463,1496
4007,2003499,76.8,67.9,49.3,-27.98,-17.63,-5.67,-380.5,-341.2,-257.0,400,350,250,1478,1490,1461,1489
4008,2004000,76.0,67.4,49.2,-30.92,-19.44,-6.27,-362.6,-327.3,-245.5,400,350,250,1485,1501,1496,1453
4009,2004500,75.2,66.9,49.0,-33.73,-21.17,-6.84,-346.1,-316.9,-234.4,400,350,250,1511,1473,1497,1467
4010,2005000,74.2,66.3,48.8,-36.42,-22.81,-7.4,-335.2,-303.8,-225.5,400,350,250,1474,1448,1472,1484
4011,2005500,73.3,65.7,48.6,-38.99,-24.38,-7.93,-329.2,-307.2,-237.6,400,350,250,1473,1496,1500,1519
4012,2006000,72.2,65.1,48.4,-41.44,-25.87,-8.43,-331.8,-312.3,-247.5,400,350,250,1496,1476,1478,1464
4013,2006500,71.1,64.4,48.2,-43.76,-27.28,-8.92,-325.3,-305.1,-249.2,400,350,250,1490,1479,1492,1470
4014,2007000,70.0,63.7,48.0,-45.96,-28.62,-9.39,-306.7,-294.3,-233.7,400,350,250,1476,1465,1482,1498
4015,2007499,68.8,62.9,47.7,-48.03,-29.88,-9.84,-275.0,-269.4,-218.3,400,350,250,1504,1469,1521,1499
4016,2008000,67.5,62.2,47.5,-49.99,-31.07,-10.27,-260.7,-256.8,-204.3,400,350,250,1463,1472,1486,1481
4017,2008500,66.2,61.4,47.2,-51.83,-32.19,-10.68,-256.9,-259.6,-222.9,400,350,250,1467,1510,1472,1467
4018,2009000,64.9,60.5,46.9,-53.56,-33.24,-11.07,-263.3,-268.0,-227.7,400,350,250,1483,1462,1510,1509
4019,2009500,63.5,59.7,46.6,-55.16,-34.22,-11.44,-247.9,-266.3,-227.3,400,350,250,1492,1483,1501,1512
4020,2010000,62.1,58.8,46.3,-56.65,-35.13,-11.8,-223.1,-239.7,-213.7,400,350,250,1489,1483,1510,1502
4021,2010500,60.7,57.9,46.0,-58.03,-35.99,-12.14,-189.9,-222.6,-196.4,400,350,250,1481,1460,1508,1463
4022,2011000,59.2,57.0,45.7,-59.3,-36.77,-12.46,-184.4,-216.5,-199.7,400,350,250,1492,1509,1501,1491
4023,2011499,57.7,56.0,45.4,-60.45,-37.5,-12.77,-173.0,-211.9,-204.3,400,350,250,1484,1473,1507,1464
4024,2012000,56.1,55.1,45.1,-61.5,-38.17,-13.06,-172.8,-212.5,-219.5,400,350,250,1467,1493,1474,1489
4025,2012500,54.6,54.1,44.7,-62.44,-38.78,-13.34,-159.0,-202.6,-211.0,400,350,250,1484,1500,1463,1472
4026,2013000,53.0,53.1,44.4,-63.28,-39.33,-13.6,-126.8,-178.2,-189.7,400,350,250,1491,1451,1503,1476
4027,2013500,51.4,52.1,44.1,-64.02,-39.83,-13.85,-101.4,-163.8,-174.7,400,350,250,1490,1470,1496,1503
4028,2014000,49.8,51.1,43.7,-64.65,-40.27,-14.09,-84.2,-158.3,-173.2,400,350,250,1497,1523,1499,1515
4029,2014500,48.1,50.1,43.3,-65.19,-40.66,-14.31,-83.0,-160.9,-193.8,400,350,250,1506,1497,1491,1509
4030,2015000,46.5,49.1,43.0,-65.63,-41.0,-14.51,-78.6,-153.5,-191.8,400,350,250,1489,1480,1488,1495
4031,2015499,44.8,48.0,42.6,-65.98,-41.29,-14.71,-53.3,-140.4,-184.5,400,350,250,1497,1474,1473,1490
4032,2016000,43.2,47.0,42.2,-66.24,-41.53,-14.89,-29.5,-120.3,-170.9,400,350,250,1463,1505,1496,1507
4033,2016500,41.5,46.0,41.9,-66.41,-41.73,-15.06,-11.0,-96.2,-153.9,400,350,250,1477,1502,1488,1495
4034,2017000,39.9,44.9,41.5,-66.49,-41.88,-15.22,10.3,-91.2,-157.6,400,350,250,1489,1509,1487,1477
4035,2017500,38.2,43.9,41.1,-66.49,-41.99,-15.36,10.4,-90.1,-160.1,400,350,250,1498,1495,1500,1473
4036,2018000,36.5,42.8,40.7,-66.41,-42.06,-15.5,18.9,-90.0,-169.5,400,350,250,1519,1482,1503,1513
4037,2018500,34.9,41.8,40.3,-66.25,-42.09,-15.62,39.1,-76.4,-158.7,400,350,250,1496,1495,1513,1508
4038,2019000,33.2,40.7,39.9,-66.01,-42.08,-15.74,69.8,-54.0,-146.8,400,350,250,1486,1501,1493,1504
4039,2019499,31.6,39.7,39.5,-65.7,-42.03,-15.84,100.5,-35.0,-139.3,400,350,250,1482,1471,1470,1484
4040,2020000,30.0,38.6,39.1,-65.31,-41.94,-15.93,115.5,-30.9,-130.9,400,350,250,1500,1491,1476,1519
4041,2020500,28.3,37.6,38.7,-64.86,-41.82,-16.02,109.5,-24.6,-143.2,400,350,250,1489,1490,1483,1480
4042,2021000,26.7,36.5,38.3,-64.34,-41.67,-16.09,121.1,-32.5,-144.5,400,350,250,1474,1463,1486,1507
4043,2021500,25.1,35.5,37.9,-63.76,-41.48,-16.16,139.2,-3.3,-130.7,400,350,250,1489,1509,1486,1490
4044,2022000,23.6,34.5,37.5,-63.12,-41.27,-16.22,174.2,13.2,-112.2,400,350,250,1474,1475,1466,1486
4045,2022500,22.0,33.4,37.1,-62.42,-41.02,-16.27,193.0,25.2,-104.7,400,350,250,1470,1476,1514,1481
4046,2023000,20.5,32.4,36.7,-61.66,-40.75,-16.31,201.7,19.8,-111.6,400,350,250,1492,1489,1501,1487
4047,2023499,18.9,31.4,36.3,-60.85,-40.45,-16.34,201.9,24.2,-122.6,400,350,250,1491,1506,1481,1475
4048,2024000,17.4,30.4,35.9,-59.99,-40.12,-16.37,210.3,29.8,-123.8,400,350,250,1511,1485,1519,1510
4049,2024500,16.0,29.4,35.5,-59.08,-39.77,-16.38,236.1,51.2,-108.7,400,350,250,1479,1500,1499,1487
4050,2025000,14.5,28.4,35.1,-58.13,-39.4,-16.39,262.7,77.6,-96.3,400,350,250,1483,1477,1466,1477
4051,2025500,13.1,27.4,34.7,-57.13,-39.01,-16.4,285.1,94.3,-86.7,400,350,250,1484,1501,1495,1482
4052,2026000,11.7,26.5,34.3,-56.09,-38.59,-16.39,283.9,92.9,-96.4,400,350,250,1471,1492,1497,1479
4053,2026500,10.3,25.5,33.8,-55.01,-38.15,-16.39,282.6,88.9,-98.2,400,350,250,1474,1498,1489,1510
4054,2027000,9.0,24.6,33.4,-53.9,-37.7,-16.37,300.8,87.1,-100.6,400,350,250,1492,1485,1501,1489
4055,2027499,7.6,23.7,33.0,-52.75,-37.23,-16.35,328.3,106.9,-88.4,400,350,250,1485,1485,1485,1483
4056,2028000,6.3,22.7,32.6,-51.58,-36.74,-16.32,344.0,135.4,-65.4,400,350,250,1488,1471,1501,1514
4057,2028500,5.1,21.8,32.2,-50.37,-36.23,-16.29,361.4,144.7,-54.4,400,350,250,1492,1506,1487,1481
4058,2029000,3.9,20.9,31.8,-49.14,-35.72,-16.25,368.5,136.4,-63.7,400,350,250,1512,1496,1494,1509
4059,2029500,2.7,20.1,31.4,-47.89,-35.18,-16.21,357.6,137.4,-74.3,400,350,250,1496,1469,1497,1487
4060,2030000,1.5,19.2,31.0,-46.61,-34.64,-16.16,377.9,153.7,-78.4,400,350,250,1498,1488,1457,1503
4061,2030500,0.4,18.3,30.6,-45.31,-34.08,-16.1,405.5,164.4,-49.5,400,350,250,1517,1502,1497,1521
4062,2031000,-0.7,17.5,30.2,-44.0,-33.52,-16.05,412.4,186.3,-43.6,400,350,250,1502,1495,1499,1502
4063,2031499,-1.8,16.7,29.8,-42.67,-32.94,-15.98,438.8,201.4,-35.3,400,350,250,1491,1515,1501,1510
4064,2032000,-2.8,15.9,29.4,-41.33,-32.35,-15.92,417.3,195.6,-40.0,400,350,250,1456,1496,1501,1469
4065,2032500,-3.8,15.1,29.0,-39.97,-31.76,-15.85,430.5,188.2,-56.5,400,350,250,1482,1494,1496,1487
4066,2033000,-4.8,14.3,28.6,-38.61,-31.16,-15.77,437.6,200.6,-47.1,400,350,250,1494,1524,1512,1489
4067,2033500,-5.7,13.5,28.2,-37.24,-30.55,-15.69,458.6,213.7,-31.3,400,350,250,1490,1482,1506,1489
4068,2034000,-6.6,12.8,27.8,-35.86,-29.94,-15.61,475.9,233.0,-19.3,400,350,250,1494,1492,1482,1510
4069,2034500,-7.5,12.1,27.4,-34.48,-29.32,-15.52,487.0,244.1,-12.6,400,350,250,1505,1473,1491,1510
4070,2035000,-8.3,11.3,27.0,-33.1,-28.7,-15.44,478.9,236.0,-28.5,400,350,250,1469,1474,1526,1505
4071,2035499,-9.1,10.6,26.7,-31.72,-28.07,-15.34,474.4,232.0,-30.4,400,350,250,1502,1489,1495,1512
4072,2036000,-9.9,9.9,26.3,-30.34,-27.45,-15.25,491.2,240.5,-21.0,400,350,250,1498,1501,1482,1493
4073,2036500,-10.6,9.3,25.9,-28.97,-26.82,-15.15,514.7,260.8,-4.2,400,350,250,1520,1514,1524,1513
4074,2037000,-11.3,8.6,25.5,-27.6,-26.19,-15.05,533.3,273.2,10.5,400,350,250,1498,1472,1501,1501
4075,2037500,-11.9,8.0,25.2,-26.23,-25.55,-14.95,530.3,282.3,8.9,400,350,250,1523,1491,1498,1472
4076,2038000,-12.6,7.4,24.8,-24.88,-24.92,-14.84,521.2,275.0,0.4,400,350,250,1507,1499,1501,1490
4077,2038500,-13.1,6.8,24.4,-23.53,-24.29,-14.73,524.2,264.8,-8.7,400,350,250,1477,1512,1493,1497
4078,2039000,-13.7,6.2,24.0,-22.19,-23.66,-14.62,522.1,285.2,-2.5,400,350,250,1514,1498,1498,1495
4079,2039499,-14.2,5.6,23.7,-20.87,-23.03,-14.51,543.9,300.8,20.5,400,350,250,1534,1474,1495,1484
4080,2040000,-14.7,5.0,23.3,-19.56,-22.4,-14.4,559.4,308.6,26.9,400,350,250,1510,1490,1494,1511
4081,2040500,-15.2,4.5,23.0,-18.26,-21.77,-14.28,561.9,315.8,29.1,400,350,250,1500,1491,1519,1496
4082,2041000,-15.6,4.0,22.6,-16.98,-21.15,-14.16,548.5,304.1,19.9,400,350,250,1489,1522,1505,1508
4083,2041500,-16.0,3.4,22.3,-15.72,-20.53,-14.04,546.5,297.5,11.5,400,350,250,1507,1501,1491,1478
4084,2042000,-16.3,2.9,21.9,-14.47,-19.92,-13.92,551.7,314.3,13.7,400,350,250,1525,1461,1487,1520
4085,2042500,-16.7,2.5,21.6,-13.25,-19.3,-13.8,571.7,329.9,32.8,400,350,250,1492,1504,1487,1501
4086,2043000,-17.0,2.0,21.2,-12.04,-18.7,-13.67,581.7,342.3,50.1,400,350,250,1520,1518,1519,1482
4087,2043499,-17.3,1.5,20.9,-10.86,-18.1,-13.55,576.1,338.8,48.2,400,350,250,1512,1522,1477,1513
4088,2044000,-17.5,1.1,20.6,-9.69,-17.5,-13.42,566.7,330.9,41.8,400,350,250,1474,1513,1530,1517
4089,2044500,-17.7,0.7,20.2,-8.55,-16.91,-13.29,559.5,330.4,35.7,400,350,250,1485,1523,1498,1516
4090,2045000,-17.9,0.3,19.9,-7.43,-16.33,-13.17,570.9,337.9,41.9,400,350,250,1510,1508,1519,1476
4091,2045500,-18.1,-0.1,19.6,-6.33,-15.75,-13.04,580.7,361.4,60.5,400,350,250,1519,1509,1497,1504
4092,2046000,-18.2,-0.5,19.2,-5.26,-15.18,-12.91,594.7,365.7,72.9,400,350,250,1493,1499,1497,1480
4093,2046500,-18.3,-0.9,18.9,-4.22,-14.61,-12.78,589.4,367.1,64.1,400,350,250,1511,1492,1533,1465
4094,2047000,-18.4,-1.2,18.6,-3.2,-14.05,-12.64,581.1,361.5,57.6,400,350,250,1486,1499,1530,1497
4095,2047499,-18.4,-1.6,18.3,-2.2,-13.5,-12.51,571.8,351.6,51.4,400,350,250,1506,1522,1527,1481
4096,2048000,-18.5,-1.9,18.0,-1.24,-12.96,-12.38,576.8,361.2,68.1,400,350,250,1493,1490,1493,1502
4097,2048500,-18.5,-2.2,17.7,-0.3,-12.43,-12.25,594.9,381.8,76.9,400,350,250,1482,1544,1501,1487
4098,2049000,-18.4,-2.5,17.4,0.62,-11.9,-12.11,604.0,385.2,89.3,400,350,250,1518,1510,1527,1504
4099,2049500,-18.4,-2.8,17.1,1.5,-11.38,-11.98,593.2,380.9,84.9,400,350,250,1525,1508,1501,1487
4100,2049999,-18.4,-3.0,16.8,2.36,-10.87,-11.84,579.2,380.2,75.6,400,350,250,1525,1509,1490,1513
4101,2050500,-18.3,-3.3,16.5,3.19,-10.37,-11.71,566.3,370.1,76.2,400,350,250,1504,1504,1483,1493
4102,2051000,-18.2,-3.6,16.2,3.99,-9.88,-11.58,576.3,374.1,85.8,400,350,250,1514,1505,1491,1486
4103,2051499,-18.1,-3.8,15.9,4.77,-9.4,-11.44,585.8,397.4,98.2,400,350,250,1479,1502,1489,1483
4104,2052000,-17.9,-4.0,15.6,5.51,-8.92,-11.31,592.3,404.1,110.0,400,350,250,1479,1502,1511,1511
4105,2052500,-17.8,-4.2,15.4,6.23,-8.46,-11.17,579.8,394.2,101.3,400,350,250,1501,1510,1476,1494
4106,2053000,-17.6,-4.4,15.1,6.91,-8.0,-11.04,566.7,386.3,93.4,400,350,250,1474,1499,1494,1496
4107,2053500,-17.4,-4.6,14.8,7.57,-7.55,-10.9,556.1,381.2,90.4,400,350,250,1506,1505,1495,1533
4108,2053999,-17.2,-4.8,14.5,8.2,-7.11,-10.77,561.2,395.0,101.1,400,350,250,1515,1495,1510,1489
4109,2054500,-17.0,-5.0,14.3,8.8,-6.69,-10.64,578.3,413.8,116.7,400,350,250,1526,1513,1491,1506
4110,2055000,-16.7,-5.1,14.0,9.38,-6.27,-10.5,578.0,415.9,128.9,400,350,250,1485,1516,1473,1489
4111,2055499,-16.5,-5.3,13.7,9.92,-5.86,-10.37,571.8,405.6,123.9,400,350,250,1490,1483,1507,1479
4112,2056000,-16.2,-5.4,13.5,10.44,-5.46,-10.24,550.0,391.8,100.3,400,350,250,1500,1501,1498,1510
4113,2056500,-16.0,-5.5,13.2,10.92,-5.07,-10.11,541.8,390.7,96.3,400,350,250,1484,1509,1488,1513
4114,2057000,-15.7,-5.6,13.0,11.39,-4.68,-9.97,559.0,403.8,114.4,400,350,250,1497,1524,1484,1490
4115,2057500,-15.4,-5.7,12.7,11.82,-4.31,-9.84,569.4,420.5,134.6,400,350,250,1500,1494,1497,1494
4116,2057999,-15.1,-5.8,12.5,12.22,-3.95,-9.71,562.1,423.1,132.9,400,350,250,1534,1482,1493,1505
4117,2058500,-14.8,-5.9,12.3,12.6,-3.6,-9.58,551.1,412.3,129.4,400,350,250,1515,1492,1513,1497
4118,2059000,-14.4,-6.0,12.0,12.96,-3.25,-9.45,538.7,404.1,123.5,400,350,250,1538,1504,1498,1506
4119,2059500,-14.1,-6.1,11.8,13.28,-2.92,-9.32,521.9,398.0,116.7,400,350,250,1527,1470,1512,1497
4120,2060000,-13.8,-6.2,11.6,13.58,-2.6,-9.19,534.7,417.0,124.8,400,350,250,1505,1489,1508,1478
4121,2060500,-13.4,-6.2,11.3,13.86,-2.28,-9.07,545.2,424.9,144.1,400,350,250,1519,1518,1502,1528
4122,2061000,-13.1,-6.3,11.1,14.11,-1.98,-8.94,544.6,427.3,154.1,400,350,250,1503,1479,1513,1507
4123,2061500,-12.7,-6.3,10.9,14.33,-1.68,-8.81,525.6,427.6,142.2,400,350,250,1509,1528,1537,1505
4124,2061999,-12.3,-6.3,10.7,14.53,-1.39,-8.69,515.0,403.9,129.6,400,350,250,1509,1491,1521,1532
4125,2062500,-12.0,-6.4,10.5,14.71,-1.11,-8.56,502.5,400.9,129.1,400,350,250,1530,1499,1503,1513
4126,2063000,-11.6,-6.4,10.2,14.86,-0.84,-8.44,518.0,409.0,143.9,400,350,250,1487,1502,1534,1522
4127,2063500,-11.2,-6.4,10.0,15.0,-0.58,-8.32,517.5,427.4,155.0,400,350,250,1535,1506,1503,1523
4128,2064000,-10.8,-6.4,9.8,15.1,-0.33,-8.19,520.9,427.1,167.6,400,350,250,1522,1518,1525,1477
4129,2064500,-10.5,-6.4,9.6,15.19,-0.09,-8.07,502.4,411.6,154.8,400,350,250,1509,1490,1517,1478
4130,2065000,-10.1,-6.4,9.4,15.26,0.14,-7.95,489.2,400.4,142.9,400,350,250,1512,1512,1541,1516
4131,2065500,-9.7,-6.4,9.2,15.3,0.37,-7.83,480.8,400.3,144.2,400,350,250,1509,1491,1496,1528
4132,2065999,-9.3,-6.4,9.0,15.33,0.59,-7.71,485.2,407.1,161.8,400,350,250,1502,1490,1517,1524
4133,2066500,-8.9,-6.4,8.9,15.34,0.8,-7.6,495.7,420.9,168.6,400,350,250,1529,1481,1488,1510
4134,2067000,-8.6,-6.3,8.7,15.32,1.0,-7.48,496.0,428.3,179.0,400,350,250,1491,1525,1499,1531
4135,2067500,-8.2,-6.3,8.5,15.29,1.19,-7.37,487.7,423.7,165.8,400,350,250,1527,1509,1523,1484
4136,2068000,-7.8,-6.3,8.3,15.24,1.37,-7.25,474.1,405.6,151.3,400,350,250,1514,1523,1492,1527
4137,2068500,-7.4,-6.2,8.1,15.17,1.55,-7.14,454.3,395.7,154.1,400,350,250,1501,1477,1509,1516
4138,2069000,-7.0,-6.2,7.9,15.09,1.72,-7.02,468.0,410.2,168.5,400,350,250,1501,1510,1524,1528
4139,2069500,-6.7,-6.1,7.8,14.99,1.88,-6.91,479.8,424.9,191.1,400,350,250,1499,1500,1520,1506
4140,2069999,-6.3,-6.1,7.6,14.88,2.03,-6.8,479.3,423.1,191.4,400,350,250,1522,1520,1499,1523
4141,2070500,-5.9,-6.0,7.4,14.75,2.18,-6.69,464.1,415.7,176.5,400,350,250,1530,1497,1520,1519
4142,2071000,-5.6,-6.0,7.3,14.61,2.32,-6.58,447.0,403.8,171.1,400,350,250,1513,1545,1512,1522
4143,2071500,-5.2,-5.9,7.1,14.45,2.45,-6.48,433.7,395.2,167.7,400,350,250,1501,1499,1518,1502
4144,2072000,-4.8,-5.9,7.0,14.28,2.58,-6.37,442.8,408.4,177.5,400,350,250,1492,1531,1516,1501
4145,2072500,-4.5,-5.8,6.8,14.09,2.69,-6.26,457.3,423.1,192.7,400,350,250,1492,1469,1513,1508
4146,2073000,-4.1,-5.7,6.6,13.9,2.81,-6.16,455.8,421.4,195.0,400,350,250,1503,1529,1490,1500
4147,2073500,-3.8,-5.6,6.5,13.69,2.91,-6.06,437.1,412.6,195.1,400,350,250,1502,1518,1493,1490
4148,2073999,-3.5,-5.6,6.3,13.48,3.01,-5.95,430.2,391.5,182.6,400,350,250,1492,1508,1507,1521
4149,2074500,-3.1,-5.5,6.2,13.25,3.1,-5.85,413.7,387.3,170.4,400,350,250,1537,1481,1490,1505
4150,2075000,-2.8,-5.4,6.1,13.01,3.19,-5.75,420.5,400.3,187.4,400,350,250,1511,1519,1491,1520
4151,2075500,-2.5,-5.3,5.9,12.77,3.27,-5.66,435.1,414.5,198.0,400,350,250,1501,1501,1539,1522
4152,2076000,-2.2,-5.3,5.8,12.51,3.34,-5.56,433.7,411.0,204.6,400,350,250,1516,1518,1533,1512
4153,2076500,-1.9,-5.2,5.6,12.25,3.41,-5.46,427.2,403.7,196.6,400,350,250,1530,1499,1550,1505
4154,2077000,-1.6,-5.1,5.5,11.98,3.47,-5.37,412.2,387.0,183.9,400,350,250,1502,1515,1523,1531
4155,2077500,-1.3,-5.0,5.4,11.71,3.53,-5.27,401.7,387.1,178.2,400,350,250,1499,1551,1493,1525
4156,2077999,-1.0,-4.9,5.2,11.43,3.58,-5.18,404.1,394.4,198.3,400,350,250,1496,1501,1504,1490
4157,2078500,-0.7,-4.8,5.1,11.14,3.63,-5.09,416.7,411.8,210.7,400,350,250,1527,1516,1506,1508
4158,2079000,-0.4,-4.7,5.0,10.84,3.67,-4.99,416.3,408.2,212.5,400,350,250,1534,1519,1513,1483
4159,2079500,-0.2,-4.6,4.9,10.55,3.71,-4.9,405.5,396.6,204.6,400,350,250,1491,1550,1508,1508
4160,2080000,0.1,-4.5,4.7,10.24,3.75,-4.82,383.3,377.3,194.8,400,350,250,1522,1516,1514,1488
4161,2080500,0.3,-4.4,4.6,9.94,3.77,-4.73,382.5,375.3,191.6,400,350,250,1513,1503,1521,1481
4162,2081000,0.6,-4.3,4.5,9.63,3.8,-4.64,389.8,396.1,198.4,400,350,250,1514,1516,1495,1524
4163,2081500,0.8,-4.2,4.4,9.32,3.82,-4.56,407.0,403.5,211.9,400,350,250,1501,1517,1536,1525
4164,2081999,1.0,-4.2,4.3,9.01,3.83,-4.47,406.8,410.5,225.0,400,350,250,1545,1519,1524,1526
4165,2082500,1.3,-4.1,4.2,8.69,3.84,-4.39,392.9,387.8,215.7,400,350,250,1543,1522,1501,1536
4166,2083000,1.5,-4.0,4.1,8.37,3.85,-4.3,369.3,383.8,192.6,400,350,250,1534,1528,1522,1529
4167,2083500,1.7,-3.9,4.0,8.06,3.86,-4.22,366.2,369.9,202.4,400,350,250,1508,1524,1502,1542
4168,2084000,1.9,-3.8,3.9,7.74,3.86,-4.14,376.0,390.7,211.0,400,350,250,1501,1503,1507,1489
4169,2084500,2.0,-3.7,3.8,7.42,3.85,-4.06,385.8,394.2,225.2,400,350,250,1519,1514,1528,1511
4170,2085000,2.2,-3.6,3.7,7.1,3.85,-3.99,392.8,400.3,222.5,400,350,250,1526,1533,1536,1508
4171,2085500,2.4,-3.5,3.6,6.78,3.84,-3.91,389.7,390.7,223.5,400,350,250,1512,1517,1520,1529
4172,2085999,2.6,-3.4,3.5,6.47,3.82,-3.83,363.9,376.4,208.8,400,350,250,1530,1525,1493,1541
4173,2086500,2.7,-3.3,3.4,6.15,3.81,-3.76,355.3,371.8,198.8,400,350,250,1510,1507,1486,1506
4174,2087000,2.9,-3.2,3.3,5.84,3.79,-3.68,365.2,383.7,211.4,400,350,250,1507,1524,1525,1515
4175,2087500,3.0,-3.1,3.2,5.53,3.77,-3.61,381.6,384.1,224.2,400,350,250,1546,1498,1493,1491
4176,2088000,3.1,-3.0,3.1,5.22,3.74,-3.54,380.7,402.1,241.3,400,350,250,1539,1557,1540,1529
4177,2088500,3.2,-2.9,3.0,4.91,3.72,-3.47,365.9,390.7,224.0,400,350,250,1519,1497,1517,1490
4178,2089000,3.4,-2.8,2.9,4.61,3.69,-3.4,365.1,375.8,212.3,400,350,250,1493,1518,1508,1511
4179,2089500,3.5,-2.7,2.8,4.31,3.66,-3.33,354.0,366.0,207.4,400,350,250,1535,1527,1523,1520
4180,2089999,3.6,-2.6,2.8,4.01,3.62,-3.26,358.7,361.3,210.5,400,350,250,1523,1523,1526,1514
4181,2090500,3.7,-2.5,2.7,3.72,3.59,-3.2,366.3,388.6,229.5,400,350,250,1516,1504,1516,1505
4182,2091000,3.7,-2.5,2.6,3.43,3.55,-3.13,374.0,390.5,237.3,400,350,250,1518,1518,1514,1512
4183,2091500,3.8,-2.4,2.5,3.15,3.51,-3.07,365.3,382.5,235.4,400,350,250,1512,1539,1520,1533
4184,2092000,3.9,-2.3,2.5,2.87,3.47,-3.0,348.4,365.3,216.4,400,350,250,1492,1495,1527,1547
4185,2092500,4.0,-2.2,2.4,2.59,3.43,-2.94,334.9,356.3,217.4,400,350,250,1525,1508,1480,1517
4186,2093000,4.0,-2.1,2.3,2.32,3.38,-2.88,358.7,369.3,213.8,400,350,250,1522,1523,1498,1495
4187,2093500,4.1,-2.0,2.2,2.06,3.34,-2.82,363.4,381.4,230.4,400,350,250,1515,1513,1530,1548
4188,2093999,4.1,-1.9,2.2,1.8,3.29,-2.76,375.2,388.3,253.2,400,350,250,1481,1543,1521,1542
4189,2094500,4.2,-1.9,2.1,1.54,3.24,-2.7,371.4,380.2,235.9,400,350,250,1512,1516,1513,1528
4190,2095000,4.2,-1.8,2.0,1.29,3.19,-2.64,353.9,366.2,224.4,400,350,250,1517,1534,1526,1497
4191,2095500,4.2,-1.7,2.0,1.05,3.14,-2.58,348.2,351.7,211.9,400,350,250,1511,1504,1516,1503
4192,2096000,4.2,-1.6,1.9,0.81,3.09,-2.53,344.9,355.8,225.9,400,350,250,1518,1519,1524,1523
4193,2096500,4.2,-1.6,1.8,0.58,3.04,-2.47,362.1,374.5,240.3,400,350,250,1486,1508,1518,1539
4194,2097000,4.3,-1.5,1.8,0.36,2.98,-2.42,373.9,371.0,248.1,400,350,250,1522,1519,1519,1531
4195,2097500,4.3,-1.4,1.7,0.14,2.93,-2.36,370.1,366.9,237.4,400,350,250,1522,1493,1547,1507
4196,2098000,4.3,-1.3,1.7,-0.07,2.88,-2.31,352.9,362.4,225.6,400,350,250,1504,1526,1503,1530
4197,2098500,4.2,-1.3,1.6,-0.28,2.82,-2.26,344.7,351.0,219.3,400,350,250,1509,1503,1492,1492
4198,2099000,4.2,-1.2,1.6,-0.48,2.76,-2.21,346.0,355.5,228.6,400,350,250,1494,1523,1513,1522
4199,2099500,4.2,-1.1,1.5,-0.67,2.71,-2.16,359.8,365.0,245.8,400,350,250,1510,1504,1536,1527
4200,2100000,4.2,-1.1,1.4,-0.86,2.65,-2.11,373.4,383.5,253.1,400,350,250,1513,1532,1514,1514
4201,2100500,4.2,-1.0,1.4,-1.04,2.59,-2.06,372.7,365.5,248.4,400,350,250,1513,1509,1520,1502
4202,2101000,4.1,-0.9,1.3,-1.22,2.54,-2.01,357.7,352.0,232.0,400,350,250,1515,1520,1545,1500
4203,2101500,4.1,-0.9,1.3,-1.38,2.48,-1.96,344.0,347.6,234.2,400,350,250,1520,1535,1529,1507
4204,2102000,4.1,-0.8,1.3,-1.54,2.42,-1.92,350.1,351.9,228.9,400,350,250,1516,1521,1501,1503
4205,2102500,4.0,-0.8,1.2,-1.7,2.36,-1.87,358.9,366.9,238.0,400,350,250,1537,1509,1540,1506
4206,2103000,4.0,-0.7,1.2,-1.84,2.31,-1.83,369.0,372.0,255.5,400,350,250,1510,1519,1508,1506
4207,2103500,3.9,-0.6,1.1,-1.99,2.25,-1.78,376.2,374.0,252.4,400,350,250,1532,1519,1520,1507
4208,2104000,3.9,-0.6,1.1,-2.12,2.19,-1.74,361.9,355.2,241.2,400,350,250,1527,1505,1497,1517
4209,2104500,3.8,-0.5,1.0,-2.25,2.13,-1.7,348.6,336.0,226.2,400,350,250,1498,1523,1500,1514
4210,2105000,3.8,-0.5,1.0,-2.37,2.07,-1.66,350.8,340.9,228.7,400,350,250,1517,1496,1508,1518
4211,2105500,3.7,-0.4,0.9,-2.48,2.02,-1.62,363.4,349.8,245.3,400,350,250,1532,1502,1523,1507
4212,2106000,3.6,-0.4,0.9,-2.59,1.96,-1.58,373.4,362.7,260.5,400,350,250,1519,1537,1513,1508
4213,2106500,3.6,-0.3,0.9,-2.69,1.9,-1.54,379.0,371.4,263.2,400,350,250,1514,1522,1501,1512
4214,2107000,3.5,-0.3,0.8,-2.79,1.85,-1.5,370.1,356.1,239.9,400,350,250,1499,1519,1554,1501
4215,2107500,3.4,-0.2,0.8,-2.88,1.79,-1.46,353.8,335.5,227.2,400,350,250,1526,1507,1519,1517
4216,2108000,3.4,-0.2,0.8,-2.96,1.73,-1.43,351.7,338.9,221.7,400,350,250,1525,1548,1519,1497
4217,2108500,3.3,-0.2,0.7,-3.04,1.68,-1.39,368.5,348.0,239.8,400,350,250,1517,1539,1513,1511
4218,2109000,3.2,-0.1,0.7,-3.11,1.62,-1.35,381.9,360.6,254.7,400,350,250,1533,1523,1530,1524
4219,2109500,3.1,-0.1,0.7,-3.18,1.57,-1.32,388.8,365.3,258.3,400,350,250,1515,1533,1494,1503
4220,2110000,3.0,-0.0,0.6,-3.23,1.52,-1.28,378.3,351.7,248.6,400,350,250,1545,1510,1535,1506
4221,2110500,3.0,-0.0,0.6,-3.29,1.46,-1.25,357.5,343.8,232.3,400,350,250,1507,1514,1533,1536
4222,2111000,2.9,0.0,0.6,-3.34,1.41,-1.22,361.2,325.6,224.0,400,350,250,1512,1537,1506,1499
4223,2111500,2.8,0.1,0.5,-3.38,1.36,-1.19,353.6,339.0,245.0,400,350,250,1544,1520,1521,1518
4224,2112000,2.7,0.1,0.5,-3.42,1.31,-1.15,386.6,361.9,258.4,400,350,250,1510,1536,1552,1534
4225,2112500,2.6,0.1,0.5,-3.45,1.26,-1.12,391.9,362.5,258.5,400,350,250,1555,1522,1520,1513
4226,2113000,2.5,0.2,0.4,-3.48,1.21,-1.09,382.7,359.2,247.0,400,350,250,1492,1515,1527,1512
4227,2113500,2.4,0.2,0.4,-3.5,1.16,-1.06,365.0,343.2,240.2,400,350,250,1506,1527,1520,1528
4228,2114000,2.4,0.2,0.4,-3.51,1.11,-1.03,362.1,335.1,227.4,400,350,250,1529,1498,1515,1507
4229,2114500,2.3,0.2,0.4,-3.53,1.06,-1.0,369.3,343.1,245.1,400,350,250,1515,1543,1517,1521
4230,2115000,2.2,0.3,0.3,-3.53,1.01,-0.98,381.6,354.2,264.5,400,350,250,1529,1534,1533,1498
4231,2115500,2.1,0.3,0.3,-3.54,0.97,-0.95,391.7,363.4,256.5,400,350,250,1539,1520,1511,1513
4232,2116000,2.0,0.3,0.3,-3.53,0.92,-0.92,392.1,355.6,258.7,400,350,250,1496,1543,1522,1530
4233,2116500,1.9,0.3,0.3,-3.53,0.88,-0.89,379.1,334.6,238.5,400,350,250,1535,1531,1534,1502
4234,2117000,1.8,0.4,0.3,-3.52,0.83,-0.87,368.4,331.7,235.5,400,350,250,1503,1518,1523,1549
4235,2117500,1.7,0.4,0.2,-3.5,0.79,-0.84,374.7,332.3,234.8,400,350,250,1521,1482,1519,1542
4236,2118000,1.6,0.4,0.2,-3.49,0.75,-0.82,391.8,344.4,251.6,400,350,250,1541,1504,1516,1507
4237,2118500,1.6,0.4,0.2,-3.47,0.71,-0.79,395.5,356.9,250.7,400,350,250,1539,1530,1519,1529
4238,2119000,1.5,0.4,0.2,-3.44,0.67,-0.77,394.0,354.0,258.8,400,350,250,1535,1533,1523,1549
4239,2119500,1.4,0.4,0.2,-3.41,0.63,-0.75,381.2,335.3,249.5,400,350,250,1516,1509,1526,1526
4240,2120000,1.3,0.5,0.1,-3.38,0.59,-0.72,371.9,325.3,233.1,400,350,250,1532,1549,1532,1543
4241,2120500,1.2,0.5,0.1,-3.34,0.55,-0.7,383.1,338.5,241.5,400,350,250,1538,1534,1509,1501
4242,2121000,1.1,0.5,0.1,-3.31,0.51,-0.68,389.0,350.7,257.6,400,350,250,1521,1519,1546,1541
4243,2121500,1.1,0.5,0.1,-3.26,0.48,-0.66,404.5,358.7,255.8,400,350,250,1544,1531,1524,1526
4244,2122000,1.0,0.5,0.1,-3.22,0.44,-0.64,400.8,358.6,260.9,400,350,250,1522,1537,1504,1526
4245,2122500,0.9,0.5,0.1,-3.17,0.41,-0.62,386.8,332.8,235.1,400,350,250,1542,1557,1533,1543
4246,2123000,0.8,0.5,0.0,-3.12,0.37,-0.6,382.7,331.2,236.0,400,350,250,1550,1531,1536,1498
4247,2123500,0.7,0.5,0.0,-3.07,0.34,-0.58,380.3,336.8,234.3,400,350,250,1519,1530,1534,1509
4248,2124000,0.7,0.5,0.0,-3.02,0.31,-0.56,394.0,347.3,244.7,400,350,250,1538,1498,1540,1536
4249,2124500,0.6,0.6,-0.0,-2.96,0.28,-0.54,412.3,348.4,263.0,400,350,250,1521,1528,1512,1545
4250,2125000,0.5,0.6,-0.0,-2.9,0.25,-0.52,407.6,357.5,259.0,400,350,250,1519,1497,1521,1514
4251,2125500,0.5,0.6,-0.0,-2.85,0.22,-0.5,397.0,338.5,250.5,400,350,250,1535,1520,1524,1512
4252,2126000,0.4,0.6,-0.0,-2.78,0.19,-0.48,382.3,332.9,236.4,400,350,250,1538,1507,1520,1534
4253,2126500,0.3,0.6,-0.1,-2.72,0.16,-0.47,387.1,322.9,238.0,400,350,250,1519,1526,1527,1524
4254,2127000,0.2,0.6,-0.1,-2.66,0.14,-0.45,396.3,340.1,250.9,400,350,250,1535,1499,1534,1526
4255,2127500,0.2,0.6,-0.1,-2.59,0.11,-0.43,401.0,349.0,257.8,400,350,250,1538,1532,1526,1505
4256,2128000,0.1,0.6,-0.1,-2.52,0.09,-0.42,414.0,358.9,266.8,400,350,250,1535,1530,1520,1527
4257,2128500,0.1,0.6,-0.1,-2.45,0.06,-0.4,392.8,352.0,258.1,400,350,250,1530,1513,1529,1520
4258,2129000,-0.0,0.6,-0.1,-2.39,0.04,-0.39,390.7,338.6,243.7,400,350,250,1526,1529,1528,1525
4259,2129500,-0.1,0.6,-0.1,-2.32,0.02,-0.37,384.0,331.5,234.1,400,350,250,1528,1533,1525,1529
4260,2130000,-0.1,0.6,-0.1,-2.24,-0.01,-0.36,400.2,339.4,245.3,400,350,250,1520,1515,1529,1530
4261,2130500,-0.2,0.6,-0.1,-2.17,-0.03,-0.34,414.6,348.3,264.1,400,350,250,1525,1530,1541,1539
4262,2131000,-0.2,0.6,-0.1,-2.1,-0.05,-0.33,419.1,356.3,266.4,400,350,250,1524,1545,1515,1546
4263,2131500,-0.3,0.6,-0.1,-2.03,-0.07,-0.32,411.4,349.8,260.1,400,350,250,1534,1511,1546,1525
4264,2132000,-0.3,0.6,-0.2,-1.95,-0.08,-0.3,401.0,336.0,242.8,400,350,250,1539,1538,1528,1505
4265,2132500,-0.4,0.6,-0.2,-1.88,-0.1,-0.29,392.7,332.5,230.5,400,350,250,1505,1525,1535,1530
4266,2133000,-0.4,0.6,-0.2,-1.81,-0.12,-0.28,388.9,335.6,243.8,400,350,250,1536,1525,1518,1516
4267,2133500,-0.5,0.6,-0.2,-1.73,-0.14,-0.27,412.7,349.8,256.7,400,350,250,1534,1539,1535,1543
4268,2134000,-0.5,0.6,-0.2,-1.66,-0.15,-0.25,414.2,363.4,269.8,400,350,250,1520,1538,1518,1534
4269,2134500,-0.5,0.6,-0.2,-1.59,-0.17,-0.24,414.7,344.4,266.0,400,350,250,1510,1541,1526,1555
4270,2135000,-0.6,0.6,-0.2,-1.51,-0.18,-0.23,390.7,338.1,243.1,400,350,250,1535,1517,1512,1516
4271,2135500,-0.6,0.6,-0.2,-1.44,-0.19,-0.22,389.4,332.2,240.5,400,350,250,1555,1494,1499,1507
4272,2136000,-0.6,0.6,-0.2,-1.37,-0.21,-0.21,395.0,330.5,243.6,400,350,250,1535,1520,1520,1556
4273,2136500,-0.7,0.5,-0.2,-1.3,-0.22,-0.2,403.7,340.9,249.0,400,350,250,1535,1534,1540,1507
4274,2137000,-0.7,0.5,-0.2,-1.23,-0.23,-0.19,421.1,354.0,265.7,400,350,250,1506,1516,1524,1529
4275,2137500,-0.7,0.5,-0.2,-1.16,-0.24,-0.18,411.8,359.6,262.7,400,350,250,1531,1539,1552,1546
4276,2138000,-0.8,0.5,-0.2,-1.09,-0.25,-0.17,413.5,350.2,248.0,400,350,250,1521,1528,1529,1549
4277,2138500,-0.8,0.5,-0.2,-1.02,-0.26,-0.16,398.3,335.9,241.9,400,350,250,1506,1549,1535,1529
4278,2139000,-0.8,0.5,-0.2,-0.95,-0.27,-0.15,388.4,323.9,240.7,400,350,250,1543,1509,1504,1534
4279,2139500,-0.8,0.5,-0.2,-0.88,-0.28,-0.14,402.0,346.5,250.9,400,350,250,1531,1491,1555,1526
4280,2140000,-0.9,0.5,-0.2,-0.81,-0.29,-0.13,414.5,356.9,261.2,400,350,250,1539,1557,1513,1546
4281,2140500,-0.9,0.5,-0.2,-0.75,-0.3,-0.13,420.0,361.4,269.5,400,350,250,1558,1532,1537,1525
4282,2141000,-0.9,0.5,-0.2,-0.68,-0.3,-0.12,412.7,348.5,251.3,400,350,250,1504,1522,1540,1532
4283,2141500,-0.9,0.5,-0.2,-0.62,-0.31,-0.11,406.1,330.8,241.6,400,350,250,1528,1549,1517,1538
4284,2142000,-0.9,0.5,-0.2,-0.56,-0.32,-0.1,398.8,334.7,235.9,400,350,250,1529,1546,1528,1541
4285,2142500,-0.9,0.5,-0.3,-0.49,-0.32,-0.1,402.1,342.1,246.7,400,350,250,1538,1526,1540,1529
4286,2143000,-0.9,0.5,-0.3,-0.43,-0.33,-0.09,429.0,354.1,260.2,400,350,250,1527,1501,1531,1538
4287,2143500,-1.0,0.4,-0.3,-0.37,-0.33,-0.08,426.5,360.1,272.5,400,350,250,1538,1522,1515,1549
4288,2144000,-1.0,0.4,-0.3,-0.32,-0.34,-0.07,417.6,353.0,257.4,400,350,250,1521,1542,1540,1530
4289,2144500,-1.0,0.4,-0.3,-0.26,-0.34,-0.07,408.2,345.2,251.2,400,350,250,1504,1531,1525,1558
4290,2145000,-1.0,0.4,-0.3,-0.21,-0.34,-0.06,401.8,332.8,234.3,400,350,250,1548,1530,1523,1549
4291,2145500,-1.0,0.4,-0.3,-0.15,-0.34,-0.05,399.6,335.0,238.5,400,350,250,1521,1559,1522,1509
4292,2146000,-1.0,0.4,-0.3,-0.1,-0.35,-0.05,418.1,346.9,254.7,400,350,250,1533,1566,1512,1537
4293,2146500,-1.0,0.4,-0.3,-0.05,-0.35,-0.04,424.9,361.7,268.2,400,350,250,1537,1569,1538,1552
4294,2147000,-1.0,0.4,-0.3,0.0,-0.35,-0.04,422.8,356.0,264.5,400,350,250,1507,1566,1511,1554
4295,2147500,-1.0,0.4,-0.3,0.05,-0.35,-0.03,407.9,345.2,250.2,400,350,250,1524,1518,1531,1535
4296,2148000,-1.0,0.4,-0.3,0.1,-0.35,-0.03,388.0,326.9,240.7,400,350,250,1552,1537,1514,1558
4297,2148500,-1.0,0.4,-0.3,0.14,-0.35,-0.02,392.7,331.7,238.5,400,350,250,1520,1562,1526,1537
4298,2149000,-1.0,0.3,-0.3,0.18,-0.35,-0.02,404.2,341.6,249.7,400,350,250,1532,1539,1519,1549
4299,2149500,-1.0,0.3,-0.3,0.23,-0.35,-0.01,424.4,359.7,262.3,400,350,250,1552,1533,1543,1540
4300,2150000,-1.0,0.3,-0.3,0.27,-0.35,-0.01,419.8,362.5,270.6,400,350,250,1514,1554,1517,1506
4301,2150500,-0.9,0.3,-0.3,0.31,-0.35,-0.0,417.5,355.1,260.6,400,350,250,1529,1553,1551,1549
4302,2151000,-0.9,0.3,-0.3,0.34,-0.35,0.0,401.4,336.5,242.6,400,350,250,1524,1530,1559,1524
4303,2151500,-0.9,0.3,-0.3,0.38,-0.35,0.01,399.1,331.6,242.1,400,350,250,1562,1508,1524,1529
4304,2152000,-0.9,0.3,-0.3,0.41,-0.35,0.01,400.9,338.0,246.5,400,350,250,1529,1536,1534,1539
4305,2152500,-0.9,0.3,-0.3,0.45,-0.35,0.01,406.4,361.6,259.5,400,350,250,1547,1559,1519,1538
4306,2153000,-0.9,0.3,-0.3,0.48,-0.34,0.02,424.8,364.6,261.8,400,350,250,1525,1556,1525,1530
4307,2153500,-0.9,0.3,-0.3,0.51,-0.34,0.02,413.7,357.3,263.6,400,350,250,1541,1565,1531,1546
4308,2154000,-0.9,0.3,-0.3,0.54,-0.34,0.03,398.7,342.3,246.0,400,350,250,1538,1554,1533,1543
4309,2154500,-0.9,0.3,-0.3,0.56,-0.34,0.03,396.8,334.8,240.0,400,350,250,1524,1549,1535,1523
4310,2155000,-0.8,0.2,-0.3,0.59,-0.33,0.03,389.4,344.9,241.9,400,350,250,1545,1549,1533,1522
4311,2155500,-0.8,0.2,-0.3,0.61,-0.33,0.03,413.3,351.1,262.0,400,350,250,1532,1531,1513,1527
4312,2156000,-0.8,0.2,-0.3,0.64,-0.33,0.04,415.1,352.3,266.1,400,350,250,1536,1554,1527,1541
4313,2156500,-0.8,0.2,-0.3,0.66,-0.32,0.04,420.8,357.2,264.6,400,350,250,1533,1530,1537,1541
4314,2157000,-0.8,0.2,-0.3,0.68,-0.32,0.04,403.9,347.1,255.3,400,350,250,1522,1552,1523,1538
4315,2157500,-0.8,0.2,-0.3,0.7,-0.32,0.05,395.2,335.1,237.8,400,350,250,1536,1534,1545,1501
4316,2158000,-0.7,0.2,-0.3,0.71,-0.31,0.05,394.2,334.2,235.1,400,350,250,1545,1528,1537,1556
4317,2158500,-0.7,0.2,-0.3,0.73,-0.31,0.05,409.5,341.6,252.7,400,350,250,1538,1576,1550,1526
4318,2159000,-0.7,0.2,-0.3,0.74,-0.3,0.05,419.1,360.2,263.7,400,350,250,1510,1538,1522,1537
4319,2159500,-0.7,0.2,-0.3,0.75,-0.3,0.06,425.6,367.0,265.9,400,350,250,1531,1508,1546,1543
4320,2160000,-0.7,0.2,-0.3,0.77,-0.29,0.06,414.5,352.3,252.1,400,350,250,1539,1547,1555,1538
4321,2160500,-0.6,0.2,-0.2,0.78,-0.29,0.06,401.9,334.3,249.5,400,350,250,1562,1525,1520,1539
4322,2161000,-0.6,0.2,-0.2,0.79,-0.28,0.06,394.6,331.9,228.1,400,350,250,1550,1554,1536,1549
4323,2161500,-0.6,0.1,-0.2,0.79,-0.28,0.06,394.3,336.5,237.9,400,350,250,1547,1521,1549,1537
4324,2162000,-0.6,0.1,-0.2,0.8,-0.28,0.07,409.9,352.4,256.4,400,350,250,1503,1541,1531,1545
4325,2162500,-0.6,0.1,-0.2,0.81,-0.27,0.07,415.7,361.7,263.5,400,350,250,1527,1536,1539,1515
4326,2163000,-0.5,0.1,-0.2,0.81,-0.27,0.07,415.1,366.6,268.4,400,350,250,1543,1537,1528,1532
4327,2163500,-0.5,0.1,-0.2,0.81,-0.26,0.07,400.3,340.6,244.5,400,350,250,1528,1556,1524,1511
4328,2164000,-0.5,0.1,-0.2,0.81,-0.26,0.07,393.0,334.4,237.6,400,350,250,1533,1520,1554,1557
4329,2164500,-0.5,0.1,-0.2,0.82,-0.25,0.07,389.7,336.9,239.3,400,350,250,1538,1539,1505,1524
4330,2165000,-0.5,0.1,-0.2,0.82,-0.24,0.07,405.8,349.6,243.8,400,350,250,1547,1543,1519,1534
4331,2165500,-0.4,0.1,-0.2,0.81,-0.24,0.08,419.2,356.3,266.9,400,350,250,1554,1566,1559,1528
4332,2166000,-0.4,0.1,-0.2,0.81,-0.23,0.08,423.8,357.9,269.0,400,350,250,1546,1521,1535,1529
4333,2166500,-0.4,0.1,-0.2,0.81,-0.23,0.08,405.4,358.5,256.7,400,350,250,1537,1544,1535,1554
4334,2167000,-0.4,0.1,-0.2,0.81,-0.22,0.08,389.2,336.2,239.2,400,350,250,1523,1531,1534,1541
4335,2167500,-0.4,0.1,-0.2,0.8,-0.22,0.08,387.6,332.1,234.1,400,350,250,1559,1540,1539,1516
4336,2168000,-0.3,0.1,-0.2,0.8,-0.21,0.08,391.8,342.2,247.1,400,350,250,1545,1537,1542,1534
4337,2168500,-0.3,0.1,-0.2,0.79,-0.21,0.08,408.9,355.7,258.7,400,350,250,1546,1558,1535,1540
4338,2169000,-0.3,0.1,-0.2,0.78,-0.2,0.08,422.7,357.3,260.7,400,350,250,1576,1539,1537,1538
4339,2169500,-0.3,0.1,-0.2,0.77,-0.2,0.08,410.2,356.1,262.0,400,350,250,1522,1536,1542,1530
4340,2170000,-0.3,0.0,-0.2,0.77,-0.19,0.08,396.3,343.6,250.4,400,350,250,1530,1527,1545,1556
4341,2170500,-0.3,0.0,-0.2,0.76,-0.19,0.08,384.0,340.1,233.2,400,350,250,1557,1553,1544,1551
4342,2171000,-0.2,0.0,-0.2,0.75,-0.18,0.08,392.7,342.6,241.6,400,350,250,1549,1555,1534,1506
4343,2171500,-0.2,0.0,-0.2,0.74,-0.18,0.09,402.1,348.1,257.0,400,350,250,1560,1525,1548,1523
4344,2172000,-0.2,0.0,-0.2,0.72,-0.17,0.09,417.9,365.6,264.6,400,350,250,1540,1546,1556,1546
4345,2172500,-0.2,0.0,-0.2,0.71,-0.17,0.09,411.9,358.0,263.3,400,350,250,1521,1518,1564,1549
4346,2173000,-0.2,0.0,-0.2,0.7,-0.16,0.09,398.9,351.3,255.5,400,350,250,1527,1520,1536,1545
4347,2173500,-0.1,0.0,-0.2,0.69,-0.16,0.09,394.1,333.9,237.1,400,350,250,1548,1541,1518,1538
4348,2174000,-0.1,0.0,-0.2,0.67,-0.15,0.09,384.7,337.6,241.1,400,350,250,1543,1539,1538,1542
4349,2174500,-0.1,0.0,-0.2,0.66,-0.15,0.09,395.2,340.8,244.8,400,350,250,1540,1548,1547,1558
4350,2175000,-0.1,0.0,-0.2,0.65,-0.14,0.09,405.9,352.9,259.9,400,350,250,1547,1504,1536,1557
4351,2175500,-0.1,0.0,-0.2,0.63,-0.14,0.09,409.4,360.2,260.2,400,350,250,1526,1581,1511,1529
4352,2176000,-0.1,-0.0,-0.2,0.62,-0.13,0.09,407.9,359.0,264.6,400,350,250,1558,1524,1544,1533
4353,2176500,-0.0,-0.0,-0.2,0.6,-0.13,0.09,390.8,346.3,240.0,400,350,250,1523,1544,1521,1534
4354,2177000,-0.0,-0.0,-0.2,0.59,-0.12,0.09,384.1,335.7,228.9,400,350,250,1514,1549,1527,1533
4355,2177500,-0.0,-0.0,-0.2,0.57,-0.12,0.09,394.3,339.5,243.3,400,350,250,1530,1525,1546,1538
4356,2178000,-0.0,-0.0,-0.2,0.56,-0.11,0.09,398.1,346.5,250.1,400,350,250,1534,1530,1541,1514
4357,2178500,0.0,-0.0,-0.2,0.54,-0.11,0.09,409.4,368.2,268.9,400,350,250,1552,1553,1558,1541
4358,2179000,0.0,-0.0,-0.2,0.52,-0.1,0.09,415.0,369.0,270.9,400,350,250,1514,1543,1549,1520
4359,2179500,0.0,-0.0,-0.2,0.51,-0.1,0.09,401.8,355.2,254.9,400,350,250,1556,1506,1530,1539
4360,2180000,0.0,-0.0,-0.2,0.49,-0.09,0.09,386.1,348.1,237.9,400,350,250,1534,1563,1540,1551
4361,2180500,0.1,-0.0,-0.2,0.47,-0.09,0.09,387.0,339.0,238.4,400,350,250,1560,1538,1511,1533
4362,2181000,0.1,-0.0,-0.2,0.46,-0.09,0.09,397.7,348.6,243.7,400,350,250,1543,1554,1531,1554
4363,2181500,0.1,-0.0,-0.2,0.44,-0.08,0.09,407.6,363.8,266.6,400,350,250,1551,1564,1527,1544
4364,2182000,0.1,-0.0,-0.2,0.42,-0.08,0.09,408.5,359.4,271.6,400,350,250,1521,1501,1527,1526
4365,2182500,0.1,-0.0,-0.2,0.41,-0.07,0.09,406.1,361.0,261.1,400,350,250,1552,1553,1542,1537
4366,2183000,0.1,-0.0,-0.2,0.39,-0.07,0.09,396.2,346.1,246.4,400,350,250,1530,1552,1508,1522
4367,2183500,0.1,-0.0,-0.2,0.37,-0.07,0.08,383.0,334.3,239.5,400,350,250,1563,1518,1546,1540
4368,2184000,0.1,-0.0,-0.2,0.35,-0.06,0.08,393.6,344.0,246.2,400,350,250,1539,1497,1558,1533
4369,2184500,0.1,-0.0,-0.2,0.34,-0.06,0.08,406.5,355.9,254.3,400,350,250,1512,1531,1558,1548
4370,2185000,0.1,-0.0,-0.1,0.32,-0.06,0.08,409.9,361.5,266.4,400,350,250,1523,1525,1572,1530
4371,2185500,0.2,-0.0,-0.1,0.3,-0.05,0.08,411.5,362.2,262.5,400,350,250,1537,1539,1553,1545
4372,2186000,0.2,-0.0,-0.1,0.29,-0.05,0.08,401.4,352.1,256.1,400,350,250,1534,1560,1546,1551
4373,2186500,0.2,-0.0,-0.1,0.27,-0.05,0.08,384.6,336.7,241.2,400,350,250,1550,1546,1512,1540
4374,2187000,0.2,-0.0,-0.1,0.26,-0.04,0.08,387.5,334.1,236.9,400,350,250,1546,1546,1508,1540
4375,2187500,0.2,-0.0,-0.1,0.24,-0.04,0.08,393.4,336.5,242.8,400,350,250,1554,1519,1520,1549
4376,2188000,0.2,-0.0,-0.1,0.22,-0.04,0.08,406.1,355.9,259.3,400,350,250,1495,1571,1565,1536
4377,2188500,0.2,-0.0,-0.1,0.21,-0.03,0.08,413.0,367.3,268.9,400,350,250,1540,1526,1549,1525
4378,2189000,0.2,-0.1,-0.1,0.19,-0.03,0.08,407.9,358.1,258.4,400,350,250,1555,1534,1552,1554
4379,2189500,0.2,-0.1,-0.1,0.18,-0.03,0.08,396.4,339.8,246.6,400,350,250,1547,1543,1551,1543
4380,2190000,0.2,-0.1,-0.1,0.16,-0.02,0.08,384.4,342.9,237.8,400,350,250,1529,1564,1561,1513
4381,2190500,0.2,-0.1,-0.1,0.15,-0.02,0.08,390.4,335.2,239.0,400,350,250,1538,1544,1550,1562
4382,2191000,0.2,-0.1,-0.1,0.13,-0.02,0.08,396.5,352.1,254.8,400,350,250,1539,1519,1556,1532
4383,2191500,0.2,-0.1,-0.1,0.12,-0.02,0.08,414.7,358.0,270.8,400,350,250,1528,1533,1551,1541
4384,2192000,0.2,-0.1,-0.1,0.1,-0.01,0.08,410.6,369.1,271.6,400,350,250,1569,1547,1536,1546
4385,2192500,0.2,-0.1,-0.1,0.09,-0.01,0.08,400.1,351.7,259.8,400,350,250,1506,1551,1544,1548
4386,2193000,0.2,-0.1,-0.1,0.08,-0.01,0.07,391.1,344.9,240.7,400,350,250,1564,1554,1538,1553
4387,2193500,0.2,-0.1,-0.1,0.06,-0.01,0.07,383.9,335.9,231.2,400,350,250,1529,1519,1527,1542
4388,2194000,0.2,-0.1,-0.1,0.05,-0.0,0.07,391.1,343.5,243.3,400,350,250,1522,1552,1565,1531
4389,2194500,0.2,-0.1,-0.1,0.04,-0.0,0.07,404.6,358.8,256.2,400,350,250,1555,1527,1560,1526
4390,2195000,0.2,-0.1,-0.1,0.03,-0.0,0.07,416.4,366.7,263.0,400,350,250,1550,1547,1529,1553
4391,2195500,0.2,-0.1,-0.1,0.01,0.0,0.07,402.9,360.7,260.2,400,350,250,1512,1540,1545,1540
4392,2196000,0.2,-0.1,-0.1,0.0,0.0,0.07,392.9,352.8,249.8,400,350,250,1545,1532,1527,1543
4393,2196500,0.2,-0.1,-0.1,-0.01,0.01,0.07,387.5,339.3,237.6,400,350,250,1516,1570,1525,1535
4394,2197000,0.2,-0.1,-0.1,-0.02,0.01,0.07,384.7,342.3,227.9,400,350,250,1529,1535,1562,1557
4395,2197500,0.2,-0.1,-0.1,-0.03,0.01,0.07,399.5,349.4,249.5,400,350,250,1533,1548,1562,1548
4396,2198000,0.2,-0.1,-0.1,-0.04,0.01,0.07,411.5,357.4,265.7,400,350,250,1531,1521,1549,1556
4397,2198500,0.2,-0.1,-0.1,-0.05,0.01,0.07,404.8,359.0,268.3,400,350,250,1559,1550,1557,1566
4398,2199000,0.2,-0.1,-0.1,-0.06,0.01,0.07,407.5,359.0,254.4,400,350,250,1554,1550,1547,1553
4399,2199500,0.2,-0.1,-0.1,-0.07,0.01,0.07,389.9,342.7,236.7,400,350,250,1540,1530,1544,1531
4400,2200000,0.2,-0.1,-0.1,-0.08,0.02,0.07,377.3,337.1,241.8,400,350,250,1537,1531,1556,1551
4401,2200500,0.2,-0.1,-0.1,-0.08,0.02,0.06,389.4,344.1,241.5,400,350,250,1562,1551,1542,1550
4402,2201000,0.2,-0.1,-0.1,-0.09,0.02,0.06,407.2,360.4,255.3,400,350,250,1579,1541,1521,1527
4403,2201500,0.2,-0.1,-0.1,-0.1,0.02,0.06,406.3,366.3,263.7,400,350,250,1544,1531,1547,1532
4404,2202000,0.2,-0.0,-0.1,-0.11,0.02,0.06,409.9,366.9,263.6,400,350,250,1554,1525,1515,1554
4405,2202500,0.2,-0.0,-0.1,-0.12,0.02,0.06,397.9,348.8,243.4,400,350,250,1538,1542,1552,1522
4406,2203000,0.2,-0.0,-0.1,-0.12,0.02,0.06,378.9,337.0,237.5,400,350,250,1554,1544,1545,1536
4407,2203500,0.2,-0.0,-0.1,-0.13,0.02,0.06,377.4,331.2,244.8,400,350,250,1545,1537,1555,1543
4408,2204000,0.2,-0.0,-0.1,-0.13,0.02,0.06,392.3,349.3,246.0,400,350,250,1520,1512,1532,1519
4409,2204500,0.2,-0.0,-0.1,-0.14,0.03,0.06,407.9,359.2,257.3,400,350,250,1524,1549,1558,1539
4410,2205000,0.2,-0.0,-0.1,-0.15,0.03,0.06,415.5,365.6,263.9,400,350,250,1560,1538,1538,1575
4411,2205500,0.2,-0.0,-0.1,-0.15,0.03,0.06,409.1,359.5,261.8,400,350,250,1550,1554,1553,1557
4412,2206000,0.2,-0.0,-0.1,-0.15,0.03,0.06,397.3,344.7,241.7,400,350,250,1520,1529,1573,1569
4413,2206500,0.2,-0.0,-0.1,-0.16,0.03,0.06,376.4,336.7,234.8,400,350,250,1567,1530,1530,1568
4414,2207000,0.2,-0.0,-0.1,-0.16,0.03,0.06,384.1,341.5,241.5,400,350,250,1537,1564,1526,1517
4415,2207500,0.2,-0.0,-0.1,-0.17,0.03,0.05,396.6,355.8,245.9,400,350,250,1552,1572,1534,1531
4416,2208000,0.2,-0.0,-0.1,-0.17,0.03,0.05,405.1,362.2,261.8,400,350,250,1569,1572,1562,1555
4417,2208500,0.2,-0.0,-0.1,-0.17,0.03,0.05,413.5,357.1,267.3,400,350,250,1506,1539,1559,1534
4418,2209000,0.2,-0.0,-0.1,-0.18,0.03,0.05,398.1,355.4,252.5,400,350,250,1546,1548,1572,1526
4419,2209500,0.2,-0.0,-0.1,-0.18,0.03,0.05,394.9,342.1,235.6,400,350,250,1543,1529,1526,1530
4420,2210000,0.1,-0.0,-0.1,-0.18,0.03,0.05,377.0,336.6,245.5,400,350,250,1560,1539,1532,1536
4421,2210500,0.1,-0.0,-0.1,-0.18,0.03,0.05,388.3,339.3,233.5,400,350,250,1573,1539,1545,1560
4422,2211000,0.1,-0.0,-0.1,-0.18,0.03,0.05,402.0,351.4,254.5,400,350,250,1513,1566,1528,1539
4423,2211500,0.1,-0.0,-0.1,-0.19,0.03,0.05,409.1,358.7,260.1,400,350,250,1526,1501,1533,1538
4424,2212000,0.1,-0.0,-0.1,-0.19,0.03,0.05,413.1,358.9,260.1,400,350,250,1548,1556,1556,1542
4425,2212500,0.1,-0.0,-0.1,-0.19,0.03,0.05,400.5,344.4,255.1,400,350,250,1538,1511,1548,1551
4426,2213000,0.1,-0.0,-0.1,-0.19,0.03,0.05,387.9,340.7,239.5,400,350,250,1555,1541,1563,1574
4427,2213500,0.1,-0.0,-0.1,-0.19,0.03,0.05,388.9,334.8,236.7,400,350,250,1536,1541,1546,1565
4428,2214000,0.1,-0.0,-0.1,-0.19,0.03,0.05,392.2,348.7,237.4,400,350,250,1581,1526,1536,1528
4429,2214500,0.1,-0.0,-0.1,-0.19,0.03,0.04,404.4,358.8,258.5,400,350,250,1532,1541,1544,1556
4430,2215000,0.1,-0.0,-0.1,-0.19,0.03,0.04,413.2,369.8,266.6,400,350,250,1560,1566,1542,1566
4431,2215500,0.1,-0.0,-0.1,-0.19,0.03,0.04,408.3,357.6,261.0,400,350,250,1578,1557,1572,1548
4432,2216000,0.1,-0.0,-0.1,-0.19,0.03,0.04,396.6,343.1,246.5,400,350,250,1561,1538,1552,1527
4433,2216500,0.1,-0.0,-0.0,-0.19,0.03,0.04,381.5,335.1,242.1,400,350,250,1554,1557,1542,1523
4434,2217000,0.1,-0.0,-0.0,-0.18,0.03,0.04,383.2,339.9,241.6,400,350,250,1531,1518,1550,1547
4435,2217500,0.1,-0.0,-0.0,-0.18,0.03,0.04,395.4,337.6,251.5,400,350,250,1582,1555,1555,1544
4436,2218000,0.1,-0.0,-0.0,-0.18,0.03,0.04,412.2,364.8,261.7,400,350,250,1539,1544,1537,1549
4437,2218500,0.1,-0.0,-0.0,-0.18,0.03,0.04,412.1,369.8,271.6,400,350,250,1564,1547,1533,1555
4438,2219000,0.1,-0.0,-0.0,-0.18,0.03,0.04,408.8,357.9,254.2,400,350,250,1540,1567,1546,1561
4439,2219500,0.1,-0.0,-0.0,-0.18,0.03,0.04,394.2,340.7,245.0,400,350,250,1541,1561,1546,1543
4440,2220000,0.1,-0.0,-0.0,-0.17,0.03,0.04,382.3,332.2,229.6,400,350,250,1537,1533,1580,1556
4441,2220500,0.1,-0.0,-0.0,-0.17,0.03,0.04,389.8,338.5,237.6,400,350,250,1559,1531,1540,1526
4442,2221000,0.0,-0.0,-0.0,-0.17,0.03,0.04,402.2,357.7,247.2,400,350,250,1532,1564,1539,1562
4443,2221500,0.0,-0.0,-0.0,-0.17,0.03,0.04,412.5,363.3,262.1,400,350,250,1547,1536,1553,1538
4444,2222000,0.0,-0.0,-0.0,-0.16,0.03,0.04,413.3,366.7,264.3,400,350,250,1527,1549,1555,1542
4445,2222500,0.0,-0.0,-0.0,-0.16,0.03,0.03,404.7,358.2,252.3,400,350,250,1549,1545,1551,1529
4446,2223000,0.0,-0.0,-0.0,-0.16,0.03,0.03,388.9,342.4,244.0,400,350,250,1568,1538,1513,1552
4447,2223500,0.0,-0.0,-0.0,-0.15,0.03,0.03,382.4,338.5,230.1,400,350,250,1548,1530,1547,1569
4448,2224000,0.0,-0.0,-0.0,-0.15,0.03,0.03,395.5,343.5,245.0,400,350,250,1553,1545,1569,1563
4449,2224500,0.0,-0.0,-0.0,-0.15,0.03,0.03,405.9,359.5,257.1,400,350,250,1565,1525,1535,1541
4450,2225000,0.0,-0.0,-0.0,-0.14,0.03,0.03,415.5,363.4,266.4,400,350,250,1540,1556,1581,1539
4451,2225500,0.0,-0.0,-0.0,-0.14,0.03,0.03,411.0,358.7,265.7,400,350,250,1528,1562,1545,1537
4452,2226000,0.0,-0.0,-0.0,-0.14,0.03,0.03,406.9,348.8,253.6,400,350,250,1575,1530,1542,1564
4453,2226500,0.0,-0.0,-0.0,-0.13,0.03,0.03,389.1,339.3,239.8,400,350,250,1551,1520,1508,1521
4454,2227000,0.0,-0.0,-0.0,-0.13,0.03,0.03,390.1,337.6,238.4,400,350,250,1560,1550,1539,1554
4455,2227500,-0.0,-0.0,-0.0,-0.13,0.02,0.03,393.4,347.1,239.3,400,350,250,1566,1566,1534,1523
4456,2228000,-0.0,-0.0,-0.0,-0.12,0.02,0.03,408.4,356.1,257.5,400,350,250,1538,1526,1557,1526
4457,2228500,-0.0,-0.0,-0.0,-0.12,0.02,0.03,416.8,365.9,262.2,400,350,250,1547,1552,1557,1553
4458,2229000,-0.0,-0.0,-0.0,-0.11,0.02,0.03,395.8,365.3,264.5,400,350,250,1523,1537,1520,1537
4459,2229500,-0.0,-0.0,-0.0,-0.11,0.02,0.03,397.3,349.1,246.0,400,350,250,1528,1559,1547,1564
4460,2230000,-0.0,-0.0,-0.0,-0.11,0.02,0.03,379.9,327.3,241.3,400,350,250,1556,1552,1563,1573
4461,2230500,-0.0,-0.0,-0.0,-0.1,0.02,0.03,384.7,333.2,240.6,400,350,250,1557,1536,1563,1539
4462,2231000,-0.0,-0.0,-0.0,-0.1,0.02,0.03,401.0,347.1,242.9,400,350,250,1549,1515,1544,1546
4463,2231500,-0.0,-0.0,-0.0,-0.09,0.02,0.03,410.0,361.0,262.0,400,350,250,1558,1556,1542,1568
4464,2232000,-0.0,-0.0,-0.0,-0.09,0.02,0.03,418.8,367.1,267.0,400,350,250,1550,1508,1541,1540
4465,2232500,-0.0,-0.0,-0.0,-0.09,0.02,0.02,404.2,360.9,263.5,400,350,250,1556,1540,1552,1554
4466,2233000,-0.0,-0.0,-0.0,-0.08,0.02,0.02,391.7,346.0,252.2,400,350,250,1541,1535,1544,1511
4467,2233500,-0.0,-0.0,-0.0,-0.08,0.02,0.02,381.3,335.2,233.7,400,350,250,1556,1543,1553,1553
4468,2234000,-0.0,-0.0,-0.0,-0.08,0.02,0.02,381.8,332.5,232.7,400,350,250,1532,1562,1541,1569
4469,2234500,-0.0,-0.0,-0.0,-0.07,0.02,0.02,403.8,347.3,245.1,400,350,250,1542,1566,1519,1541
4470,2235000,-0.0,-0.0,-0.0,-0.07,0.02,0.02,418.5,359.7,264.9,400,350,250,1565,1554,1558,1557
4471,2235500,-0.0,-0.0,-0.0,-0.06,0.02,0.02,417.5,359.6,270.1,400,350,250,1569,1543,1534,1552
4472,2236000,-0.0,-0.0,-0.0,-0.06,0.02,0.02,407.3,358.9,257.2,400,350,250,1551,1536,1566,1547
4473,2236500,-0.0,-0.0,-0.0,-0.06,0.02,0.02,397.3,344.0,237.8,400,350,250,1558,1559,1548,1551
4474,2237000,-0.0,-0.0,-0.0,-0.05,0.02,0.02,383.0,334.4,236.2,400,350,250,1544,1544,1563,1536
4475,2237500,-0.0,-0.0,-0.0,-0.05,0.02,0.02,387.3,345.3,241.9,400,350,250,1543,1542,1530,1562
4476,2238000,-0.0,-0.0,-0.0,-0.05,0.01,0.02,403.5,359.0,251.1,400,350,250,1561,1559,1541,1575
4477,2238500,-0.0,-0.0,-0.0,-0.04,0.01,0.02,417.7,367.8,260.6,400,350,250,1549,1545,1553,1559
4478,2239000,-0.0,-0.0,-0.0,-0.04,0.01,0.02,415.5,359.5,268.5,400,350,250,1557,1548,1562,1540
4479,2239500,-0.0,-0.0,-0.0,-0.04,0.01,0.02,405.1,358.5,259.3,400,350,250,1556,1544,1557,1552
4480,2240000,-0.0,-0.0,-0.0,-0.03,0.01,0.02,390.4,346.3,235.7,400,350,250,1551,1575,1514,1571
4481,2240500,-0.0,-0.0,-0.0,-0.03,0.01,0.02,388.0,334.6,226.3,400,350,250,1559,1546,1550,1561
4482,2241000,-0.0,0.0,-0.0,-0.03,0.01,0.02,389.8,336.8,248.7,400,350,250,1576,1546,1566,1570
4483,2241500,-0.1,0.0,-0.0,-0.02,0.01,0.02,404.4,355.7,256.6,400,350,250,1554,1566,1546,1570
4484,2242000,-0.1,0.0,-0.0,-0.02,0.01,0.02,407.4,368.6,259.2,400,350,250,1547,1567,1576,1556
4485,2242500,-0.1,0.0,-0.0,-0.02,0.01,0.02,427.9,368.5,266.1,400,350,250,1561,1557,1548,1554
4486,2243000,-0.1,0.0,-0.0,-0.01,0.01,0.02,409.0,354.1,257.9,400,350,250,1559,1552,1555,1571
4487,2243500,-0.1,0.0,-0.0,-0.01,0.01,0.02,393.4,339.7,237.7,400,350,250,1553,1544,1582,1552
4488,2244000,-0.1,0.0,-0.0,-0.01,0.01,0.02,383.2,331.8,235.2,400,350,250,1540,1566,1526,1542
4489,2244500,-0.1,0.0,-0.0,-0.0,0.01,0.02,386.7,337.5,245.4,400,350,250,1571,1526,1566,1570
4490,2245000,-0.1,0.0,-0.0,-0.0,0.01,0.01,404.5,356.3,253.3,400,350,250,1542,1548,1547,1561
4491,2245500,-0.1,0.0,-0.0,0.0,0.01,0.01,420.7,360.1,264.8,400,350,250,1564,1577,1561,1532
4492,2246000,-0.1,0.0,-0.0,0.0,0.01,0.01,416.2,362.5,263.5,400,350,250,1547,1557,1558,1517
4493,2246500,-0.1,0.0,-0.0,0.01,0.01,0.01,407.2,348.6,251.2,400,350,250,1542,1590,1568,1536
4494,2247000,-0.1,0.0,-0.0,0.01,0.01,0.01,392.5,339.5,237.6,400,350,250,1560,1557,1535,1546
4495,2247500,-0.1,0.0,-0.0,0.01,0.01,0.01,384.5,332.7,238.6,400,350,250,1551,1551,1549,1576
4496,2248000,-0.1,0.0,-0.0,0.01,0.01,0.01,394.0,338.8,241.9,400,350,250,1569,1544,1553,1536
4497,2248500,-0.1,0.0,-0.0,0.01,0.01,0.01,405.3,354.4,251.3,400,350,250,1577,1550,1554,1576
4498,2249000,-0.1,0.0,-0.0,0.02,0.01,0.01,415.3,358.8,267.3,400,350,250,1545,1545,1559,1564
4499,2249500,-0.0,0.0,-0.0,0.02,0.01,0.01,418.8,369.9,266.8,400,350,250,1540,1572,1570,1551
4500,2250000,-80.0,-69.9,-50.0,3.94,2.53,0.81,406.8,345.8,255.3,-400,-350,-250,1539,1528,1547,1543
4501,2250500,-79.8,-69.8,-49.9,7.74,4.95,1.58,385.2,340.8,234.7,-400,-350,-250,1542,1533,1549,1535
4502,2251000,-79.5,-69.6,-49.9,11.42,7.29,2.33,378.3,332.4,229.7,-400,-350,-250,1566,1554,1552,1538
4503,2251500,-79.1,-69.4,-49.8,14.98,9.53,3.05,391.5,333.2,231.4,-400,-350,-250,1559,1566,1522,1556
4504,2252000,-78.6,-69.1,-49.7,18.42,11.69,3.74,387.4,343.0,256.6,-400,-350,-250,1549,1568,1539,1529
4505,2252500,-78.1,-68.8,-49.6,21.73,13.75,4.41,395.1,349.1,259.8,-400,-350,-250,1539,1537,1545,1561
4506,2253000,-77.5,-68.4,-49.5,24.92,15.73,5.05,387.4,350.4,253.9,-400,-350,-250,1547,1531,1546,1579
4507,2253500,-76.8,-67.9,-49.3,27.98,17.63,5.67,369.9,332.5,242.5,-400,-350,-250,1556,1531,1587,1518
4508,2254000,-76.0,-67.4,-49.2,30.92,19.44,6.27,352.0,311.5,231.2,-400,-350,-250,1549,1569,1548,1558
4509,2254500,-75.2,-66.9,-49.0,33.73,21.17,6.84,333.9,310.2,223.4,-400,-350,-250,1555,1560,1573,1544
4510,2255000,-74.2,-66.3,-48.8,36.42,22.81,7.4,332.0,299.3,229.2,-400,-350,-250,1558,1585,1535,1553
4511,2255500,-73.3,-65.7,-48.6,38.99,24.38,7.93,333.7,312.4,240.4,-400,-350,-250,1564,1553,1522,1568
4512,2256000,-72.2,-65.1,-48.4,41.44,25.87,8.43,336.3,317.5,251.3,-400,-350,-250,1546,1569,1544,1539
4513,2256500,-71.1,-64.4,-48.2,43.76,27.28,8.92,321.5,304.5,247.8,-400,-350,-250,1564,1543,1559,1562
4514,2257000,-70.0,-63.7,-48.0,45.96,28.62,9.39,305.1,287.9,229.4,-400,-350,-250,1558,1566,1550,1581
4515,2257500,-68.8,-62.9,-47.7,48.03,29.88,9.84,276.4,273.4,213.0,-400,-350,-250,1547,1569,1542,1548
4516,2258000,-67.5,-62.2,-47.5,49.99,31.07,10.27,262.9,251.1,209.8,-400,-350,-250,1553,1569,1527,1548
4517,2258500,-66.2,-61.4,-47.2,51.83,32.19,10.68,250.3,248.2,211.8,-400,-350,-250,1558,1572,1547,1555
4518,2259000,-64.9,-60.5,-46.9,53.56,33.24,11.07,250.3,268.7,232.3,-400,-350,-250,1537,1532,1544,1557
4519,2259500,-63.5,-59.7,-46.6,55.16,34.22,11.44,248.4,257.1,227.9,-400,-350,-250,1541,1549,1571,1559
4520,2260000,-62.1,-58.8,-46.3,56.65,35.13,11.8,242.4,252.7,232.7,-400,-350,-250,1587,1559,1545,1531
4521,2260500,-60.7,-57.9,-46.0,58.03,35.99,12.14,203.6,234.9,213.1,-400,-350,-250,1552,1587,1565,1540
4522,2261000,-59.2,-57.0,-45.7,59.3,36.77,12.46,182.5,214.8,190.9,-400,-350,-250,1540,1558,1540,1563
4523,2261500,-57.7,-56.0,-45.4,60.45,37.5,12.77,165.6,195.2,190.0,-400,-350,-250,1551,1552,1601,1539
4524,2262000,-56.1,-55.1,-45.1,61.5,38.17,13.06,153.1,189.5,190.7,-400,-350,-250,1566,1554,1574,1546
4525,2262500,-54.6,-54.1,-44.7,62.44,38.78,13.34,150.2,200.9,197.9,-400,-350,-250,1540,1543,1555,1573
4526,2263000,-53.0,-53.1,-44.4,63.28,39.33,13.6,143.2,198.8,206.5,-400,-350,-250,1555,1533,1529,1562
4527,2263500,-51.4,-52.1,-44.1,64.02,39.83,13.85,125.2,188.4,203.5,-400,-350,-250,1548,1560,1558,1538
4528,2264000,-49.8,-51.1,-43.7,64.65,40.27,14.09,95.7,160.6,190.4,-400,-350,-250,1563,1561,1551,1550
4529,2264500,-48.1,-50.1,-43.3,65.19,40.66,14.31,58.4,135.2,180.1,-400,-350,-250,1538,1562,1565,1543
4530,2265000,-46.5,-49.1,-43.0,65.63,41.0,14.51,43.8,129.2,165.5,-400,-350,-250,1546,1531,1579,1533
4531,2265500,-44.8,-48.0,-42.6,65.98,41.29,14.71,36.7,116.5,164.7,-400,-350,-250,1547,1539,1570,1552
4532,2266000,-43.2,-47.0,-42.2,66.24,41.53,14.89,30.9,120.1,181.0,-400,-350,-250,1554,1564,1557,1570
4533,2266500,-41.5,-46.0,-41.9,66.41,41.73,15.06,27.3,123.8,179.1,-400,-350,-250,1526,1566,1561,1559
4534,2267000,-39.9,-44.9,-41.5,66.49,41.88,15.22,15.4,111.8,177.5,-400,-350,-250,1541,1568,1537,1532
4535,2267500,-38.2,-43.9,-41.1,66.49,41.99,15.36,-11.2,96.2,169.1,-400,-350,-250,1545,1554,1578,1527
4536,2268000,-36.5,-42.8,-40.7,66.41,42.06,15.5,-40.7,70.3,149.0,-400,-350,-250,1530,1558,1563,1583
4537,2268500,-34.9,-41.8,-40.3,66.25,42.09,15.62,-63.9,49.4,136.8,-400,-350,-250,1528,1551,1553,1557
4538,2269000,-33.2,-40.7,-39.9,66.01,42.08,15.74,-76.8,51.2,138.3,-400,-350,-250,1559,1537,1561,1551
4539,2269500,-31.6,-39.7,-39.5,65.7,42.03,15.84,-86.2,40.7,137.8,-400,-350,-250,1551,1536,1560,1558
4540,2270000,-30.0,-38.6,-39.1,65.31,41.94,15.93,-88.9,54.9,149.7,-400,-350,-250,1553,1533,1562,1527
4541,2270500,-28.3,-37.6,-38.7,64.86,41.82,16.02,-99.6,35.5,156.4,-400,-350,-250,1553,1575,1538,1569
4542,2271000,-26.7,-36.5,-38.3,64.34,41.67,16.09,-122.0,20.4,137.2,-400,-350,-250,1542,1563,1553,1556
4543,2271500,-25.1,-35.5,-37.9,63.76,41.48,16.16,-161.9,-0.5,117.5,-400,-350,-250,1554,1547,1550,1544
4544,2272000,-23.6,-34.5,-37.5,63.12,41.27,16.22,-182.6,-22.1,109.7,-400,-350,-250,1575,1562,1558,1538
4545,2272500,-22.0,-33.4,-37.1,62.42,41.02,16.27,-193.2,-32.1,106.9,-400,-350,-250,1575,1554,1568,1555
4546,2273000,-20.5,-32.4,-36.7,61.66,40.75,16.31,-199.1,-35.1,112.9,-400,-350,-250,1577,1587,1562,1551
4547,2273500,-18.9,-31.4,-36.3,60.85,40.45,16.34,-199.5,-22.8,121.5,-400,-350,-250,1583,1581,1536,1567
4548,2274000,-17.4,-30.4,-35.9,59.99,40.12,16.37,-212.5,-25.8,126.0,-400,-350,-250,1563,1560,1538,1554
4549,2274500,-16.0,-29.4,-35.5,59.08,39.77,16.38,-239.3,-50.7,108.4,-400,-350,-250,1561,1565,1571,1545
4550,2275000,-14.5,-28.4,-35.1,58.13,39.4,16.39,-262.4,-76.1,92.0,-400,-350,-250,1557,1560,1547,1573
4551,2275500,-13.1,-27.4,-34.7,57.13,39.01,16.4,-278.7,-90.3,75.0,-400,-350,-250,1544,1581,1556,1536
4552,2276000,-11.7,-26.5,-34.3,56.09,38.59,16.39,-289.0,-100.8,76.8,-400,-350,-250,1545,1556,1547,1561
4553,2276500,-10.3,-25.5,-33.8,55.01,38.15,16.39,-300.7,-95.9,89.4,-400,-350,-250,1578,1539,1571,1548
4554,2277000,-9.0,-24.6,-33.4,53.9,37.7,16.37,-294.8,-95.8,106.2,-400,-350,-250,1565,1572,1571,1549
4555,2277500,-7.6,-23.7,-33.0,52.75,37.23,16.35,-307.5,-99.6,96.7,-400,-350,-250,1581,1546,1518,1553
4556,2278000,-6.3,-22.7,-32.6,51.58,36.74,16.32,-329.4,-113.4,75.0,-400,-350,-250,1544,1569,1577,1577
4557,2278500,-5.1,-21.8,-32.2,50.37,36.23,16.29,-350.6,-130.9,71.1,-400,-350,-250,1558,1557,1529,1556
4558,2279000,-3.9,-20.9,-31.8,49.14,35.72,16.25,-370.5,-149.6,51.8,-400,-350,-250,1511,1564,1573,1563
4559,2279500,-2.7,-20.1,-31.4,47.89,35.18,16.21,-384.2,-162.6,50.7,-400,-350,-250,1546,1551,1561,1562
4560,2280000,-1.5,-19.2,-31.0,46.61,34.64,16.16,-392.1,-156.3,55.8,-400,-350,-250,1535,1570,1591,1544
4561,2280500,-0.4,-18.3,-30.6,45.31,34.08,16.1,-387.9,-157.6,63.7,-400,-350,-250,1559,1576,1553,1574
4562,2281000,0.7,-17.5,-30.2,44.0,33.52,16.05,-390.8,-156.0,71.8,-400,-350,-250,1543,1575,1522,1560
4563,2281500,1.8,-16.7,-29.8,42.67,32.94,15.98,-401.0,-167.8,60.5,-400,-350,-250,1561,1592,1556,1537
4564,2282000,2.8,-15.9,-29.4,41.33,32.35,15.92,-425.6,-189.0,42.9,-400,-350,-250,1573,1557,1551,1554
4565,2282500,3.8,-15.1,-29.0,39.97,31.76,15.85,-452.2,-210.0,24.5,-400,-350,-250,1541,1552,1588,1524
4566,2283000,4.8,-14.3,-28.6,38.61,31.16,15.77,-467.9,-223.8,17.0,-400,-350,-250,1563,1554,1561,1558
4567,2283500,5.7,-13.5,-28.2,37.24,30.55,15.69,-466.0,-226.1,31.1,-400,-350,-250,1557,1540,1537,1502
4568,2284000,6.6,-12.8,-27.8,35.86,29.94,15.61,-457.0,-212.2,35.0,-400,-350,-250,1547,1548,1561,1574
4569,2284500,7.5,-12.1,-27.4,34.48,29.32,15.52,-451.6,-215.6,39.0,-400,-350,-250,1557,1571,1547,1567
4570,2285000,8.3,-11.3,-27.0,33.1,28.7,15.44,-472.8,-218.4,43.0,-400,-350,-250,1535,1526,1540,1540
4571,2285500,9.1,-10.6,-26.7,31.72,28.07,15.34,-485.8,-237.8,17.6,-400,-350,-250,1539,1555,1546,1544
4572,2286000,9.9,-9.9,-26.3,30.34,27.45,15.25,-507.5,-265.3,4.8,-400,-350,-250,1532,1552,1560,1534
4573,2286500,10.6,-9.3,-25.9,28.97,26.82,15.15,-515.8,-273.8,-14.8,-400,-350,-250,1547,1541,1548,1538
4574,2287000,11.3,-8.6,-25.5,27.6,26.19,15.05,-523.0,-276.9,-13.2,-400,-350,-250,1538,1545,1567,1529
4575,2287500,11.9,-8.0,-25.2,26.23,25.55,14.95,-524.0,-266.1,2.3,-400,-350,-250,1547,1526,1554,1547
4576,2288000,12.6,-7.4,-24.8,24.88,24.92,14.84,-520.3,-264.1,9.7,-400,-350,-250,1537,1545,1537,1588
4577,2288500,13.1,-6.8,-24.4,23.53,24.29,14.73,-519.9,-260.5,14.3,-400,-350,-250,1581,1570,1540,1550
4578,2289000,13.7,-6.2,-24.0,22.19,23.66,14.62,-532.7,-283.2,1.2,-400,-350,-250,1570,1567,1561,1591
4579,2289500,14.2,-5.6,-23.7,20.87,23.03,14.51,-546.7,-299.0,-18.0,-400,-350,-250,1563,1556,1564,1541
4580,2290000,14.7,-5.0,-23.3,19.56,22.4,14.4,-562.0,-318.4,-29.7,-400,-350,-250,1550,1557,1568,1560
4581,2290500,15.2,-4.5,-23.0,18.26,21.77,14.28,-559.1,-319.7,-32.3,-400,-350,-250,1565,1547,1561,1555
4582,2291000,15.6,-4.0,-22.6,16.98,21.15,14.16,-555.4,-317.3,-29.9,-400,-350,-250,1561,1558,1535,1564
4583,2291500,16.0,-3.4,-22.3,15.72,20.53,14.04,-549.4,-305.1,-18.7,-400,-350,-250,1548,1566,1549,1567
4584,2292000,16.3,-2.9,-21.9,14.47,19.92,13.92,-549.9,-303.5,-19.8,-400,-350,-250,1569,1546,1560,1561
4585,2292500,16.7,-2.5,-21.6,13.25,19.3,13.8,-555.6,-316.5,-29.7,-400,-350,-250,1543,1536,1527,1565
4586,2293000,17.0,-2.0,-21.2,12.04,18.7,13.67,-573.6,-330.3,-39.0,-400,-350,-250,1549,1546,1564,1560
4587,2293500,17.3,-1.5,-20.9,10.86,18.1,13.55,-584.1,-344.1,-55.8,-400,-350,-250,1560,1555,1561,1559
4588,2294000,17.5,-1.1,-20.6,9.69,17.5,13.42,-598.2,-354.9,-56.3,-400,-350,-250,1578,1545,1551,1546
4589,2294500,17.7,-0.7,-20.2,8.55,16.91,13.29,-584.3,-355.0,-53.5,-400,-350,-250,1558,1568,1576,1561
4590,2295000,17.9,-0.3,-19.9,7.43,16.33,13.17,-578.3,-339.0,-48.8,-400,-350,-250,1563,1545,1541,1565
4591,2295500,18.1,0.1,-19.6,6.33,15.75,13.04,-567.5,-337.9,-39.3,-400,-350,-250,1564,1547,1560,1553
4592,2296000,18.2,0.5,-19.2,5.26,15.18,12.91,-563.0,-334.9,-45.3,-400,-350,-250,1545,1537,1584,1581
4593,2296500,18.3,0.9,-18.9,4.22,14.61,12.78,-577.2,-358.9,-59.4,-400,-350,-250,1562,1586,1526,1564
4594,2297000,18.4,1.2,-18.6,3.2,14.05,12.64,-592.1,-367.6,-71.0,-400,-350,-250,1554,1559,1551,1553
4595,2297500,18.4,1.6,-18.3,2.2,13.5,12.51,-603.7,-382.1,-79.1,-400,-350,-250,1582,1567,1546,1556
4596,2298000,18.5,1.9,-18.0,1.24,12.96,12.38,-596.6,-381.7,-79.7,-400,-350,-250,1530,1553,1550,1581
4597,2298500,18.5,2.2,-17.7,0.3,12.43,12.25,-579.8,-370.9,-74.7,-400,-350,-250,1538,1555,1567,1576
4598,2299000,18.4,2.5,-17.4,-0.62,11.9,12.11,-576.4,-362.5,-61.5,-400,-350,-250,1565,1536,1565,1557
4599,2299500,18.4,2.8,-17.1,-1.5,11.38,11.98,-568.3,-363.4,-59.8,-400,-350,-250,1571,1569,1542,1563
4600,2300000,18.4,3.0,-16.8,-2.36,10.87,11.84,-577.2,-370.3,-70.6,-400,-350,-250,1553,1539,1559,1562
4601,2300500,18.3,3.3,-16.5,-3.19,10.37,11.71,-592.5,-388.5,-92.2,-400,-350,-250,1571,1546,1549,1543
4602,2301000,18.2,3.6,-16.2,-3.99,9.88,11.58,-595.5,-397.7,-102.4,-400,-350,-250,1570,1550,1542,1546
4603,2301500,18.1,3.8,-15.9,-4.77,9.4,11.44,-594.5,-394.4,-103.0,-400,-350,-250,1562,1561,1523,1574
4604,2302000,17.9,4.0,-15.6,-5.51,8.92,11.31,-580.4,-395.5,-92.1,-400,-350,-250,1560,1573,1542,1555
4605,2302500,17.8,4.2,-15.4,-6.23,8.46,11.17,-570.3,-381.4,-93.9,-400,-350,-250,1553,1569,1572,1556
4606,2303000,17.6,4.4,-15.1,-6.91,8.0,11.04,-557.6,-375.4,-79.6,-400,-350,-250,1561,1544,1566,1548
4607,2303500,17.4,4.6,-14.8,-7.57,7.55,10.9,-564.0,-391.2,-86.5,-400,-350,-250,1545,1552,1553,1548
4608,2304000,17.2,4.8,-14.5,-8.2,7.11,10.77,-571.9,-397.1,-101.9,-400,-350,-250,1553,1570,1571,1543
4609,2304500,17.0,5.0,-14.3,-8.8,6.69,10.64,-582.2,-414.2,-122.4,-400,-350,-250,1528,1566,1536,1576
4610,2305000,16.7,5.1,-14.0,-9.38,6.27,10.5,-581.5,-418.7,-126.1,-400,-350,-250,1524,1557,1561,1570
4611,2305500,16.5,5.3,-13.7,-9.92,5.86,10.37,-575.0,-416.7,-125.2,-400,-350,-250,1551,1551,1544,1546
4612,2306000,16.2,5.4,-13.5,-10.44,5.46,10.24,-563.3,-403.0,-109.9,-400,-350,-250,1556,1554,1563,1578
4613,2306500,16.0,5.5,-13.2,-10.92,5.07,10.11,-541.9,-393.2,-101.8,-400,-350,-250,1570,1565,1594,1553
4614,2307000,15.7,5.6,-13.0,-11.39,4.68,9.97,-543.1,-389.7,-107.4,-400,-350,-250,1548,1548,1566,1556
4615,2307500,15.4,5.7,-12.7,-11.82,4.31,9.84,-548.4,-399.2,-120.5,-400,-350,-250,1585,1554,1540,1550
4616,2308000,15.1,5.8,-12.5,-12.22,3.95,9.71,-558.3,-414.8,-133.4,-400,-350,-250,1527,1531,1569,1581
4617,2308500,14.8,5.9,-12.3,-12.6,3.6,9.58,-554.8,-422.6,-145.9,-400,-350,-250,1579,1550,1593,1543
4618,2309000,14.4,6.0,-12.0,-12.96,3.25,9.45,-560.1,-422.1,-144.9,-400,-350,-250,1564,1562,1554,1548
4619,2309500,14.1,6.1,-11.8,-13.28,2.92,9.32,-553.2,-412.5,-134.0,-400,-350,-250,1545,1555,1580,1544
4620,2310000,13.8,6.2,-11.6,-13.58,2.6,9.19,-530.1,-407.7,-123.6,-400,-350,-250,1535,1548,1543,1558
4621,2310500,13.4,6.2,-11.3,-13.86,2.28,9.07,-515.1,-398.2,-127.4,-400,-350,-250,1572,1554,1551,1544
4622,2311000,13.1,6.3,-11.1,-14.11,1.98,8.94,-517.9,-398.5,-133.1,-400,-350,-250,1567,1547,1557,1526
4623,2311500,12.7,6.3,-10.9,-14.33,1.68,8.81,-520.2,-416.0,-145.7,-400,-350,-250,1519,1558,1567,1560
4624,2312000,12.3,6.3,-10.7,-14.53,1.39,8.69,-540.0,-428.4,-159.9,-400,-350,-250,1593,1547,1561,1543
4625,2312500,12.0,6.4,-10.5,-14.71,1.11,8.56,-532.9,-429.4,-161.3,-400,-350,-250,1562,1563,1555,1570
4626,2313000,11.6,6.4,-10.2,-14.86,0.84,8.44,-521.5,-425.0,-158.0,-400,-350,-250,1576,1534,1579,1570
4627,2313500,11.2,6.4,-10.0,-15.0,0.58,8.32,-504.1,-415.3,-143.5,-400,-350,-250,1559,1540,1519,1568
4628,2314000,10.8,6.4,-9.8,-15.1,0.33,8.19,-491.9,-404.1,-145.6,-400,-350,-250,1567,1585,1544,1545
4629,2314500,10.5,6.4,-9.6,-15.19,0.09,8.07,-494.4,-398.6,-144.0,-400,-350,-250,1595,1564,1562,1532
4630,2315000,10.1,6.4,-9.4,-15.26,-0.14,7.95,-491.5,-404.0,-145.7,-400,-350,-250,1551,1545,1539,1559
4631,2315500,9.7,6.4,-9.2,-15.3,-0.37,7.83,-516.1,-416.9,-163.6,-400,-350,-250,1575,1576,1552,1576
4632,2316000,9.3,6.4,-9.0,-15.33,-0.59,7.71,-508.4,-422.6,-170.6,-400,-350,-250,1541,1567,1565,1561
4633,2316500,8.9,6.4,-8.9,-15.34,-0.8,7.6,-508.2,-422.3,-172.7,-400,-350,-250,1579,1560,1547,1544
4634,2317000,8.6,6.3,-8.7,-15.32,-1.0,7.48,-487.5,-414.9,-168.0,-400,-350,-250,1559,1551,1568,1571
4635,2317500,8.2,6.3,-8.5,-15.29,-1.19,7.37,-471.2,-406.2,-155.2,-400,-350,-250,1564,1551,1575,1554
4636,2318000,7.8,6.3,-8.3,-15.24,-1.37,7.25,-462.3,-399.4,-145.2,-400,-350,-250,1587,1565,1560,1538
4637,2318500,7.4,6.2,-8.1,-15.17,-1.55,7.14,-468.0,-403.0,-157.3,-400,-350,-250,1554,1542,1559,1561
4638,2319000,7.0,6.2,-7.9,-15.09,-1.72,7.02,-465.9,-414.4,-175.4,-400,-350,-250,1556,1532,1532,1556
4639,2319500,6.7,6.1,-7.8,-14.99,-1.88,6.91,-478.6,-424.6,-182.1,-400,-350,-250,1563,1553,1549,1570
4640,2320000,6.3,6.1,-7.6,-14.88,-2.03,6.8,-476.9,-421.8,-187.5,-400,-350,-250,1565,1563,1543,1560
4641,2320500,5.9,6.0,-7.4,-14.75,-2.18,6.69,-468.7,-417.8,-185.2,-400,-350,-250,1568,1566,1563,1556
4642,2321000,5.6,6.0,-7.3,-14.61,-2.32,6.58,-454.6,-404.8,-170.3,-400,-350,-250,1540,1575,1576,1564
4643,2321500,5.2,5.9,-7.1,-14.45,-2.45,6.48,-443.2,-390.0,-161.8,-400,-350,-250,1559,1570,1553,1559
4644,2322000,4.8,5.9,-7.0,-14.28,-2.58,6.37,-433.5,-390.3,-163.0,-400,-350,-250,1561,1573,1552,1555
4645,2322500,4.5,5.8,-6.8,-14.09,-2.69,6.26,-443.0,-399.1,-171.8,-400,-350,-250,1545,1569,1558,1568
4646,2323000,4.1,5.7,-6.6,-13.9,-2.81,6.16,-444.6,-416.2,-190.1,-400,-350,-250,1558,1576,1549,1582
4647,2323500,3.8,5.6,-6.5,-13.69,-2.91,6.06,-458.2,-421.5,-202.2,-400,-350,-250,1563,1559,1565,1567
4648,2324000,3.5,5.6,-6.3,-13.48,-3.01,5.95,-448.8,-424.3,-199.0,-400,-350,-250,1562,1524,1552,1562
4649,2324500,3.1,5.5,-6.2,-13.25,-3.1,5.85,-436.6,-418.3,-192.2,-400,-350,-250,1561,1544,1540,1547
4650,2325000,2.8,5.4,-6.1,-13.01,-3.19,5.75,-416.8,-389.3,-180.4,-400,-350,-250,1550,1536,1540,1568
4651,2325500,2.5,5.3,-5.9,-12.77,-3.27,5.66,-411.9,-388.5,-173.6,-400,-350,-250,1571,1547,1573,1569
4652,2326000,2.2,5.3,-5.8,-12.51,-3.34,5.56,-411.3,-389.2,-182.6,-400,-350,-250,1571,1544,1552,1555
4653,2326500,1.9,5.2,-5.6,-12.25,-3.41,5.46,-410.0,-396.0,-190.3,-400,-350,-250,1565,1565,1554,1568
4654,2327000,1.6,5.1,-5.5,-11.98,-3.47,5.37,-426.7,-412.2,-204.2,-400,-350,-250,1563,1551,1546,1540
4655,2327500,1.3,5.0,-5.4,-11.71,-3.53,5.27,-427.1,-417.0,-207.5,-400,-350,-250,1555,1567,1576,1566
4656,2328000,1.0,4.9,-5.2,-11.43,-3.58,5.18,-420.3,-413.4,-209.8,-400,-350,-250,1588,1562,1535,1568
4657,2328500,0.7,4.8,-5.1,-11.14,-3.63,5.09,-414.2,-392.1,-193.9,-400,-350,-250,1590,1531,1561,1513
4658,2329000,0.4,4.7,-5.0,-10.84,-3.67,4.99,-385.9,-383.3,-193.8,-400,-350,-250,1580,1537,1569,1575
4659,2329500,0.2,4.6,-4.9,-10.55,-3.71,4.9,-380.0,-380.2,-184.5,-400,-350,-250,1564,1566,1558,1570
4660,2330000,-0.1,4.5,-4.7,-10.24,-3.75,4.82,-383.7,-380.8,-193.3,-400,-350,-250,1580,1548,1549,1567
4661,2330500,-0.3,4.4,-4.6,-9.94,-3.77,4.73,-402.0,-393.7,-198.0,-400,-350,-250,1565,1541,1563,1559
4662,2331000,-0.6,4.3,-4.5,-9.63,-3.8,4.64,-408.3,-406.8,-212.7,-400,-350,-250,1572,1559,1564,1557
4663,2331500,-0.8,4.2,-4.4,-9.32,-3.82,4.56,-405.5,-410.8,-216.0,-400,-350,-250,1572,1567,1544,1569
4664,2332000,-1.0,4.2,-4.3,-9.01,-3.83,4.47,-398.5,-408.9,-220.0,-400,-350,-250,1557,1541,1552,1577
4665,2332500,-1.3,4.1,-4.2,-8.69,-3.84,4.39,-378.7,-385.2,-209.0,-400,-350,-250,1544,1559,1560,1543
4666,2333000,-1.5,4.0,-4.1,-8.37,-3.85,4.3,-372.3,-375.7,-197.5,-400,-350,-250,1554,1578,1557,1563
4667,2333500,-1.7,3.9,-4.0,-8.06,-3.86,4.22,-373.2,-370.9,-200.4,-400,-350,-250,1562,1534,1563,1555
4668,2334000,-1.9,3.8,-3.9,-7.74,-3.86,4.14,-372.9,-383.4,-200.1,-400,-350,-250,1547,1540,1574,1566
4669,2334500,-2.0,3.7,-3.8,-7.42,-3.85,4.06,-376.9,-393.2,-219.4,-400,-350,-250,1562,1583,1577,1567
4670,2335000,-2.2,3.6,-3.7,-7.1,-3.85,3.99,-389.0,-401.4,-228.9,-400,-350,-250,1561,1553,1556,1555
4671,2335500,-2.4,3.5,-3.6,-6.78,-3.84,3.91,-393.3,-404.3,-231.8,-400,-350,-250,1539,1571,1518,1553
4672,2336000,-2.6,3.4,-3.5,-6.47,-3.82,3.83,-383.8,-395.3,-220.8,-400,-350,-250,1553,1588,1537,1580
4673,2336500,-2.7,3.3,-3.4,-6.15,-3.81,3.76,-366.0,-376.1,-212.5,-400,-350,-250,1534,1553,1560,1543
4674,2337000,-2.9,3.2,-3.3,-5.84,-3.79,3.68,-352.9,-371.7,-206.5,-400,-350,-250,1553,1564,1547,1557
4675,2337500,-3.0,3.1,-3.2,-5.53,-3.77,3.61,-349.0,-363.7,-202.1,-400,-350,-250,1546,1576,1559,1575
4676,2338000,-3.1,3.0,-3.1,-5.22,-3.74,3.54,-364.1,-377.8,-208.4,-400,-350,-250,1545,1559,1572,1566
4677,2338500,-3.2,2.9,-3.0,-4.91,-3.72,3.47,-380.1,-384.4,-219.4,-400,-350,-250,1573,1546,1584,1564
4678,2339000,-3.4,2.8,-2.9,-4.61,-3.69,3.4,-386.2,-386.7,-238.5,-400,-350,-250,1574,1573,1569,1560
4679,2339500,-3.5,2.7,-2.8,-4.31,-3.66,3.33,-376.1,-395.8,-235.7,-400,-350,-250,1532,1570,1543,1583
4680,2340000,-3.6,2.6,-2.8,-4.01,-3.62,3.26,-373.6,-384.7,-229.1,-400,-350,-250,1577,1567,1566,1580
4681,2340500,-3.7,2.5,-2.7,-3.72,-3.59,3.2,-361.0,-364.5,-214.9,-400,-350,-250,1534,1547,1573,1542
4682,2341000,-3.7,2.5,-2.6,-3.43,-3.55,3.13,-346.4,-360.7,-212.3,-400,-350,-250,1546,1538,1553,1599
4683,2341500,-3.8,2.4,-2.5,-3.15,-3.51,3.07,-352.7,-362.4,-211.2,-400,-350,-250,1563,1559,1540,1545
4684,2342000,-3.9,2.3,-2.5,-2.87,-3.47,3.0,-360.3,-371.9,-223.5,-400,-350,-250,1565,1559,1571,1550
4685,2342500,-4.0,2.2,-2.4,-2.59,-3.43,2.94,-364.1,-382.1,-234.6,-400,-350,-250,1559,1573,1531,1549
4686,2343000,-4.0,2.1,-2.3,-2.32,-3.38,2.88,-377.7,-384.3,-241.0,-400,-350,-250,1562,1583,1567,1578
4687,2343500,-4.1,2.0,-2.2,-2.06,-3.34,2.82,-372.2,-380.9,-244.7,-400,-350,-250,1575,1546,1573,1568
4688,2344000,-4.1,1.9,-2.2,-1.8,-3.29,2.76,-365.8,-372.1,-231.4,-400,-350,-250,1554,1548,1574,1545
4689,2344500,-4.2,1.9,-2.1,-1.54,-3.24,2.7,-348.9,-359.3,-225.0,-400,-350,-250,1567,1558,1552,1554
4690,2345000,-4.2,1.8,-2.0,-1.29,-3.19,2.64,-345.2,-354.4,-219.1,-400,-350,-250,1572,1571,1553,1539
4691,2345500,-4.2,1.7,-2.0,-1.05,-3.14,2.58,-352.5,-359.4,-210.2,-400,-350,-250,1545,1551,1553,1531
4692,2346000,-4.2,1.6,-1.9,-0.81,-3.09,2.53,-358.2,-365.3,-227.4,-400,-350,-250,1558,1566,1555,1543
4693,2346500,-4.2,1.6,-1.8,-0.58,-3.04,2.47,-366.1,-374.8,-241.6,-400,-350,-250,1538,1581,1566,1571
4694,2347000,-4.3,1.5,-1.8,-0.36,-2.98,2.42,-373.7,-386.9,-252.7,-400,-350,-250,1575,1595,1525,1578
4695,2347500,-4.3,1.4,-1.7,-0.14,-2.93,2.36,-367.9,-375.9,-244.9,-400,-350,-250,1572,1567,1575,1554
4696,2348000,-4.3,1.3,-1.7,0.07,-2.88,2.31,-358.2,-365.4,-238.6,-400,-350,-250,1555,1549,1568,1559
4697,2348500,-4.2,1.3,-1.6,0.28,-2.82,2.26,-339.6,-351.3,-225.6,-400,-350,-250,1578,1560,1552,1554
4698,2349000,-4.2,1.2,-1.6,0.48,-2.76,2.21,-337.6,-348.4,-219.2,-400,-350,-250,1571,1587,1585,1561
4699,2349500,-4.2,1.1,-1.5,0.67,-2.71,2.16,-341.3,-348.7,-225.8,-400,-350,-250,1554,1560,1567,1556
4700,2350000,-4.2,1.1,-1.4,0.86,-2.65,2.11,-358.2,-358.6,-233.9,-400,-350,-250,1589,1571,1566,1584
4701,2350500,-4.2,1.0,-1.4,1.04,-2.59,2.06,-370.3,-364.4,-242.6,-400,-350,-250,1587,1577,1555,1584
4702,2351000,-4.1,0.9,-1.3,1.22,-2.54,2.01,-372.4,-373.1,-254.0,-400,-350,-250,1565,1519,1535,1571
4703,2351500,-4.1,0.9,-1.3,1.38,-2.48,1.96,-370.9,-372.9,-246.0,-400,-350,-250,1575,1573,1546,1576
4704,2352000,-4.1,0.8,-1.3,1.54,-2.42,1.92,-358.7,-357.1,-233.1,-400,-350,-250,1573,1575,1565,1546
4705,2352500,-4.0,0.8,-1.2,1.7,-2.36,1.87,-349.5,-342.8,-231.7,-400,-350,-250,1553,1550,1546,1558
4706,2353000,-4.0,0.7,-1.2,1.84,-2.31,1.83,-344.5,-345.1,-221.1,-400,-350,-250,1546,1577,1565,1545
4707,2353500,-3.9,0.6,-1.1,1.99,-2.25,1.78,-348.3,-350.6,-226.9,-400,-350,-250,1535,1565,1577,1537
4708,2354000,-3.9,0.6,-1.1,2.12,-2.19,1.74,-362.7,-353.2,-237.4,-400,-350,-250,1551,1574,1567,1541
4709,2354500,-3.8,0.5,-1.0,2.25,-2.13,1.7,-367.8,-372.0,-253.4,-400,-350,-250,1560,1535,1558,1565
4710,2355000,-3.8,0.5,-1.0,2.37,-2.07,1.66,-374.3,-376.0,-255.2,-400,-350,-250,1565,1548,1536,1549
4711,2355500,-3.7,0.4,-0.9,2.48,-2.02,1.62,-374.1,-366.9,-250.0,-400,-350,-250,1549,1553,1552,1549
4712,2356000,-3.6,0.4,-0.9,2.59,-1.96,1.58,-371.1,-356.8,-242.8,-400,-350,-250,1551,1536,1549,1561
4713,2356500,-3.6,0.3,-0.9,2.69,-1.9,1.54,-349.0,-345.2,-231.5,-400,-350,-250,1548,1561,1550,1580
4714,2357000,-3.5,0.3,-0.8,2.79,-1.85,1.5,-347.0,-333.7,-226.1,-400,-350,-250,1559,1583,1563,1585
4715,2357500,-3.4,0.2,-0.8,2.88,-1.79,1.46,-352.4,-340.0,-232.4,-400,-350,-250,1554,1511,1576,1560
4716,2358000,-3.4,0.2,-0.8,2.96,-1.73,1.43,-369.0,-351.4,-250.1,-400,-350,-250,1555,1542,1572,1579
4717,2358500,-3.3,0.2,-0.7,3.04,-1.68,1.39,-379.7,-356.5,-252.7,-400,-350,-250,1569,1555,1561,1552
4718,2359000,-3.2,0.1,-0.7,3.11,-1.62,1.35,-381.6,-371.8,-259.6,-400,-350,-250,1576,1564,1520,1547
4719,2359500,-3.1,0.1,-0.7,3.18,-1.57,1.32,-379.9,-358.2,-255.3,-400,-350,-250,1572,1576,1541,1557
4720,2360000,-3.0,0.0,-0.6,3.23,-1.52,1.28,-366.4,-352.2,-241.8,-400,-350,-250,1579,1552,1563,1549
4721,2360500,-3.0,0.0,-0.6,3.29,-1.46,1.25,-353.9,-333.2,-242.4,-400,-350,-250,1563,1532,1535,1558
4722,2361000,-2.9,-0.0,-0.6,3.34,-1.41,1.22,-342.9,-336.8,-230.0,-400,-350,-250,1567,1562,1564,1577
4723,2361500,-2.8,-0.1,-0.5,3.38,-1.36,1.19,-359.8,-342.4,-234.6,-400,-350,-250,1555,1546,1552,1554
4724,2362000,-2.7,-0.1,-0.5,3.42,-1.31,1.15,-370.8,-352.8,-242.4,-400,-350,-250,1554,1550,1550,1574
4725,2362500,-2.6,-0.1,-0.5,3.45,-1.26,1.12,-385.1,-361.8,-259.3,-400,-350,-250,1562,1545,1553,1569
4726,2363000,-2.5,-0.2,-0.4,3.48,-1.21,1.09,-386.5,-370.3,-260.6,-400,-350,-250,1579,1572,1548,1562
4727,2363500,-2.4,-0.2,-0.4,3.5,-1.16,1.06,-389.1,-363.0,-253.7,-400,-350,-250,1569,1563,1573,1575
4728,2364000,-2.4,-0.2,-0.4,3.51,-1.11,1.03,-376.7,-348.1,-245.7,-400,-350,-250,1533,1556,1558,1524
4729,2364500,-2.3,-0.2,-0.4,3.53,-1.06,1.0,-363.8,-336.7,-235.5,-400,-350,-250,1556,1573,1570,1554
4730,2365000,-2.2,-0.3,-0.3,3.53,-1.01,0.98,-368.5,-327.3,-225.2,-400,-350,-250,1570,1572,1557,1557
4731,2365500,-2.1,-0.3,-0.3,3.54,-0.97,0.95,-365.2,-335.3,-242.6,-400,-350,-250,1536,1577,1541,1542
4732,2366000,-2.0,-0.3,-0.3,3.53,-0.92,0.92,-375.2,-340.4,-246.8,-400,-350,-250,1556,1542,1543,1538
4733,2366500,-1.9,-0.3,-0.3,3.53,-0.88,0.89,-392.8,-355.1,-261.1,-400,-350,-250,1536,1562,1563,1558
4734,2367000,-1.8,-0.4,-0.3,3.52,-0.83,0.87,-394.5,-362.3,-259.2,-400,-350,-250,1553,1553,1547,1561
4735,2367500,-1.7,-0.4,-0.2,3.5,-0.79,0.84,-394.6,-361.5,-258.8,-400,-350,-250,1569,1561,1543,1565
4736,2368000,-1.6,-0.4,-0.2,3.49,-0.75,0.82,-391.1,-353.0,-250.8,-400,-350,-250,1565,1560,1559,1567
4737,2368500,-1.6,-0.4,-0.2,3.47,-0.71,0.79,-371.5,-339.1,-237.2,-400,-350,-250,1563,1560,1582,1541
4738,2369000,-1.5,-0.4,-0.2,3.44,-0.67,0.77,-367.7,-324.9,-223.9,-400,-350,-250,1566,1559,1552,1536
4739,2369500,-1.4,-0.4,-0.2,3.41,-0.63,0.75,-371.9,-327.4,-234.8,-400,-350,-250,1552,1560,1561,1562
4740,2370000,-1.3,-0.5,-0.1,3.38,-0.59,0.72,-377.2,-338.8,-239.2,-400,-350,-250,1557,1572,1540,1551
4741,2370500,-1.2,-0.5,-0.1,3.34,-0.55,0.7,-395.7,-356.3,-258.4,-400,-350,-250,1555,1555,1571,1534
4742,2371000,-1.1,-0.5,-0.1,3.31,-0.51,0.68,-395.3,-364.0,-277.2,-400,-350,-250,1572,1565,1576,1545
4743,2371500,-1.1,-0.5,-0.1,3.26,-0.48,0.66,-397.3,-362.0,-260.3,-400,-350,-250,1563,1564,1608,1536
4744,2372000,-1.0,-0.5,-0.1,3.22,-0.44,0.64,-389.9,-342.1,-254.3,-400,-350,-250,1552,1568,1531,1566
4745,2372500,-0.9,-0.5,-0.1,3.17,-0.41,0.62,-385.5,-337.5,-246.2,-400,-350,-250,1544,1533,1540,1556
4746,2373000,-0.8,-0.5,-0.0,3.12,-0.37,0.6,-380.1,-322.2,-240.8,-400,-350,-250,1563,1545,1551,1564
4747,2373500,-0.7,-0.5,-0.0,3.07,-0.34,0.58,-378.6,-325.2,-231.9,-400,-350,-250,1562,1544,1547,1577
4748,2374000,-0.7,-0.5,-0.0,3.02,-0.31,0.56,-387.4,-329.1,-237.8,-400,-350,-250,1537,1559,1547,1563
4749,2374500,-0.6,-0.6,0.0,2.96,-0.28,0.54,-397.2,-353.2,-254.0,-400,-350,-250,1545,1562,1567,1551
4750,2375000,-0.5,-0.6,0.0,2.9,-0.25,0.52,-407.7,-353.1,-265.7,-400,-350,-250,1543,1563,1550,1557
4751,2375500,-0.5,-0.6,0.0,2.85,-0.22,0.5,-405.6,-360.0,-269.3,-400,-350,-250,1575,1554,1568,1542
4752,2376000,-0.4,-0.6,0.0,2.78,-0.19,0.48,-401.9,-356.1,-258.9,-400,-350,-250,1552,1545,1559,1543
4753,2376500,-0.3,-0.6,0.1,2.72,-0.16,0.47,-392.9,-340.5,-237.3,-400,-350,-250,1556,1561,1554,1528
4754,2377000,-0.2,-0.6,0.1,2.66,-0.14,0.45,-381.9,-337.9,-235.4,-400,-350,-250,1559,1558,1546,1588
4755,2377500,-0.2,-0.6,0.1,2.59,-0.11,0.43,-384.8,-328.5,-233.2,-400,-350,-250,1555,1551,1581,1547
4756,2378000,-0.1,-0.6,0.1,2.52,-0.09,0.42,-392.1,-335.8,-248.0,-400,-350,-250,1552,1547,1547,1519
4757,2378500,-0.1,-0.6,0.1,2.45,-0.06,0.4,-408.1,-344.4,-254.3,-400,-350,-250,1582,1573,1541,1567
4758,2379000,0.0,-0.6,0.1,2.39,-0.04,0.39,-411.6,-347.6,-262.8,-400,-350,-250,1542,1567,1579,1560
4759,2379500,0.1,-0.6,0.1,2.32,-0.02,0.37,-414.4,-360.5,-268.7,-400,-350,-250,1553,1598,1551,1560
4760,2380000,0.1,-0.6,0.1,2.24,0.01,0.36,-411.7,-357.5,-260.5,-400,-350,-250,1560,1573,1573,1560
4761,2380500,0.2,-0.6,0.1,2.17,0.03,0.34,-403.7,-340.5,-247.7,-400,-350,-250,1542,1547,1566,1535
4762,2381000,0.2,-0.6,0.1,2.1,0.05,0.33,-390.8,-329.9,-239.6,-400,-350,-250,1575,1571,1570,1541
4763,2381500,0.3,-0.6,0.1,2.03,0.07,0.32,-383.7,-332.4,-235.2,-400,-350,-250,1547,1564,1551,1569
4764,2382000,0.3,-0.6,0.2,1.95,0.08,0.3,-391.8,-334.6,-243.8,-400,-350,-250,1567,1584,1568,1521
4765,2382500,0.4,-0.6,0.2,1.88,0.1,0.29,-399.2,-344.1,-246.4,-400,-350,-250,1573,1546,1555,1541
4766,2383000,0.4,-0.6,0.2,1.81,0.12,0.28,-411.7,-356.9,-258.2,-400,-350,-250,1542,1561,1555,1573
4767,2383500,0.5,-0.6,0.2,1.73,0.14,0.27,-422.7,-361.1,-266.3,-400,-350,-250,1548,1567,1573,1563
4768,2384000,0.5,-0.6,0.2,1.66,0.15,0.25,-413.6,-357.7,-270.1,-400,-350,-250,1537,1563,1574,1561
4769,2384500,0.5,-0.6,0.2,1.59,0.17,0.24,-413.5,-349.0,-256.5,-400,-350,-250,1546,1546,1585,1569
4770,2385000,0.6,-0.6,0.2,1.51,0.18,0.23,-393.5,-335.8,-244.0,-400,-350,-250,1553,1589,1561,1573
4771,2385500,0.6,-0.6,0.2,1.44,0.19,0.22,-396.2,-330.3,-243.2,-400,-350,-250,1561,1531,1551,1569
4772,2386000,0.6,-0.6,0.2,1.37,0.21,0.21,-391.8,-334.4,-236.2,-400,-350,-250,1572,1554,1566,1577
4773,2386500,0.7,-0.5,0.2,1.3,0.22,0.2,-399.8,-339.0,-242.1,-400,-350,-250,1548,1554,1558,1564
4774,2387000,0.7,-0.5,0.2,1.23,0.23,0.19,-413.4,-350.1,-266.1,-400,-350,-250,1541,1541,1556,1567
4775,2387500,0.7,-0.5,0.2,1.16,0.24,0.18,-423.4,-364.7,-263.4,-400,-350,-250,1558,1576,1572,1575
4776,2388000,0.8,-0.5,0.2,1.09,0.25,0.17,-423.2,-364.5,-264.5,-400,-350,-250,1548,1541,1554,1573
4777,2388500,0.8,-0.5,0.2,1.02,0.26,0.16,-413.2,-353.9,-254.0,-400,-350,-250,1537,1559,1560,1563
4778,2389000,0.8,-0.5,0.2,0.95,0.27,0.15,-394.5,-339.9,-247.3,-400,-350,-250,1550,1562,1557,1574
4779,2389500,0.8,-0.5,0.2,0.88,0.28,0.14,-399.8,-326.9,-226.8,-400,-350,-250,1545,1587,1529,1564
4780,2390000,0.9,-0.5,0.2,0.81,0.29,0.13,-395.7,-327.7,-241.1,-400,-350,-250,1570,1570,1571,1544
4781,2390500,0.9,-0.5,0.2,0.75,0.3,0.13,-396.3,-333.2,-243.8,-400,-350,-250,1548,1558,1568,1577
4782,2391000,0.9,-0.5,0.2,0.68,0.3,0.12,-416.2,-347.3,-257.1,-400,-350,-250,1550,1533,1552,1572
4783,2391500,0.9,-0.5,0.2,0.62,0.31,0.11,-422.7,-351.2,-265.1,-400,-350,-250,1561,1558,1540,1553
4784,2392000,0.9,-0.5,0.2,0.56,0.32,0.1,-415.3,-359.9,-268.3,-400,-350,-250,1566,1582,1564,1568
4785,2392500,0.9,-0.5,0.3,0.49,0.32,0.1,-416.2,-361.0,-271.7,-400,-350,-250,1547,1566,1563,1529
4786,2393000,0.9,-0.5,0.3,0.43,0.33,0.09,-413.4,-343.1,-253.8,-400,-350,-250,1565,1556,1558,1537
4787,2393500,1.0,-0.4,0.3,0.37,0.33,0.08,-403.1,-338.8,-241.4,-400,-350,-250,1558,1574,1512,1562
4788,2394000,1.0,-0.4,0.3,0.32,0.34,0.07,-400.7,-325.5,-241.6,-400,-350,-250,1559,1534,1552,1533
4789,2394500,1.0,-0.4,0.3,0.26,0.34,0.07,-403.4,-338.2,-239.3,-400,-350,-250,1546,1577,1549,1576
4790,2395000,1.0,-0.4,0.3,0.21,0.34,0.06,-409.1,-339.6,-247.7,-400,-350,-250,1551,1563,1568,1576
4791,2395500,1.0,-0.4,0.3,0.15,0.34,0.05,-418.2,-351.6,-258.7,-400,-350,-250,1544,1560,1536,1587
4792,2396000,1.0,-0.4,0.3,0.1,0.35,0.05,-418.0,-360.0,-265.7,-400,-350,-250,1548,1539,1553,1566
4793,2396500,1.0,-0.4,0.3,0.05,0.35,0.04,-420.3,-367.0,-272.9,-400,-350,-250,1572,1544,1559,1548
4794,2397000,1.0,-0.4,0.3,-0.0,0.35,0.04,-413.3,-348.8,-263.7,-400,-350,-250,1562,1562,1565,1578
4795,2397500,1.0,-0.4,0.3,-0.05,0.35,0.03,-409.4,-343.8,-242.8,-400,-350,-250,1573,1540,1554,1531
4796,2398000,1.0,-0.4,0.3,-0.1,0.35,0.03,-393.2,-331.2,-239.0,-400,-350,-250,1568,1555,1515,1543
4797,2398500,1.0,-0.4,0.3,-0.14,0.35,0.02,-396.1,-332.3,-233.7,-400,-350,-250,1551,1535,1552,1541
4798,2399000,1.0,-0.3,0.3,-0.18,0.35,0.02,-399.5,-335.4,-234.2,-400,-350,-250,1561,1525,1585,1562
4799,2399500,1.0,-0.3,0.3,-0.23,0.35,0.01,-408.4,-350.9,-251.6,-400,-350,-250,1557,1561,1562,1527
4800,2400000,1.0,-0.3,0.3,-0.27,0.35,0.01,-424.0,-357.5,-274.9,-400,-350,-250,1559,1584,1539,1548
4801,2400500,0.9,-0.3,0.3,-0.31,0.35,0.0,-423.5,-365.9,-273.0,-400,-350,-250,1535,1535,1544,1566
4802,2401000,0.9,-0.3,0.3,-0.34,0.35,-0.0,-423.7,-362.9,-263.9,-400,-350,-250,1543,1542,1563,1567
4803,2401500,0.9,-0.3,0.3,-0.38,0.35,-0.01,-415.4,-347.8,-248.9,-400,-350,-250,1545,1589,1557,1576
4804,2402000,0.9,-0.3,0.3,-0.41,0.35,-0.01,-404.4,-338.1,-246.1,-400,-350,-250,1540,1562,1566,1548
4805,2402500,0.9,-0.3,0.3,-0.45,0.35,-0.01,-403.0,-332.0,-232.9,-400,-350,-250,1566,1555,1546,1555
4806,2403000,0.9,-0.3,0.3,-0.48,0.34,-0.02,-394.6,-327.5,-237.0,-400,-350,-250,1543,1571,1534,1561
4807,2403500,0.9,-0.3,0.3,-0.51,0.34,-0.02,-403.8,-344.8,-241.3,-400,-350,-250,1565,1550,1570,1569
4808,2404000,0.9,-0.3,0.3,-0.54,0.34,-0.03,-416.3,-357.8,-255.2,-400,-350,-250,1531,1539,1591,1553
4809,2404500,0.9,-0.3,0.3,-0.56,0.34,-0.03,-415.8,-360.7,-261.5,-400,-350,-250,1539,1577,1536,1545
4810,2405000,0.8,-0.2,0.3,-0.59,0.33,-0.03,-421.0,-360.5,-271.7,-400,-350,-250,1581,1547,1573,1574
4811,2405500,0.8,-0.2,0.3,-0.61,0.33,-0.03,-420.3,-363.2,-261.0,-400,-350,-250,1518,1561,1520,1555
4812,2406000,0.8,-0.2,0.3,-0.64,0.33,-0.04,-410.7,-346.1,-251.4,-400,-350,-250,1556,1565,1558,1575
4813,2406500,0.8,-0.2,0.3,-0.66,0.32,-0.04,-398.9,-337.0,-244.9,-400,-350,-250,1550,1538,1545,1575
4814,2407000,0.8,-0.2,0.3,-0.68,0.32,-0.04,-387.5,-331.4,-240.1,-400,-350,-250,1559,1570,1570,1578
4815,2407500,0.8,-0.2,0.3,-0.7,0.32,-0.05,-394.3,-333.9,-244.8,-400,-350,-250,1554,1552,1559,1575
4816,2408000,0.7,-0.2,0.3,-0.71,0.31,-0.05,-407.2,-345.5,-251.5,-400,-350,-250,1554,1566,1565,1559
4817,2408500,0.7,-0.2,0.3,-0.73,0.31,-0.05,-418.3,-367.4,-263.8,-400,-350,-250,1553,1543,1546,1551
4818,2409000,0.7,-0.2,0.3,-0.74,0.3,-0.05,-422.0,-369.0,-269.9,-400,-350,-250,1588,1584,1546,1549
4819,2409500,0.7,-0.2,0.3,-0.75,0.3,-0.06,-413.6,-370.6,-264.5,-400,-350,-250,1560,1543,1539,1541
4820,2410000,0.7,-0.2,0.3,-0.77,0.29,-0.06,-412.7,-349.9,-249.4,-400,-350,-250,1541,1566,1551,1578
4821,2410500,0.6,-0.2,0.2,-0.78,0.29,-0.06,-408.5,-342.8,-245.3,-400,-350,-250,1535,1567,1543,1541
4822,2411000,0.6,-0.2,0.2,-0.79,0.28,-0.06,-384.2,-339.8,-238.4,-400,-350,-250,1563,1543,1550,1612
4823,2411500,0.6,-0.1,0.2,-0.79,0.28,-0.06,-389.1,-328.5,-235.1,-400,-350,-250,1561,1554,1561,1550
4824,2412000,0.6,-0.1,0.2,-0.8,0.28,-0.07,-389.8,-345.7,-244.5,-400,-350,-250,1565,1560,1561,1547
4825,2412500,0.6,-0.1,0.2,-0.81,0.27,-0.07,-408.6,-352.4,-249.4,-400,-350,-250,1564,1532,1560,1563
4826,2413000,0.5,-0.1,0.2,-0.81,0.27,-0.07,-423.6,-354.3,-255.4,-400,-350,-250,1541,1544,1574,1547
4827,2413500,0.5,-0.1,0.2,-0.81,0.26,-0.07,-422.6,-367.0,-270.8,-400,-350,-250,1564,1572,1553,1554
4828,2414000,0.5,-0.1,0.2,-0.81,0.26,-0.07,-417.1,-368.3,-267.8,-400,-350,-250,1548,1571,1559,1570
4829,2414500,0.5,-0.1,0.2,-0.82,0.25,-0.07,-403.7,-351.0,-259.0,-400,-350,-250,1578,1557,1546,1536
4830,2415000,0.5,-0.1,0.2,-0.82,0.24,-0.07,-396.1,-345.3,-252.3,-400,-350,-250,1576,1545,1558,1554
4831,2415500,0.4,-0.1,0.2,-0.81,0.24,-0.08,-395.1,-339.7,-240.5,-400,-350,-250,1541,1570,1546,1566
4832,2416000,0.4,-0.1,0.2,-0.81,0.23,-0.08,-391.8,-340.6,-239.2,-400,-350,-250,1578,1550,1558,1559
4833,2416500,0.4,-0.1,0.2,-0.81,0.23,-0.08,-398.6,-341.5,-242.5,-400,-350,-250,1569,1545,1574,1549
4834,2417000,0.4,-0.1,0.2,-0.81,0.22,-0.08,-414.3,-352.7,-258.6,-400,-350,-250,1556,1564,1570,1555
4835,2417500,0.4,-0.1,0.2,-0.8,0.22,-0.08,-414.6,-369.1,-256.2,-400,-350,-250,1565,1575,1577,1567
4836,2418000,0.3,-0.1,0.2,-0.8,0.21,-0.08,-424.3,-372.7,-270.8,-400,-350,-250,1547,1556,1541,1569
4837,2418500,0.3,-0.1,0.2,-0.79,0.21,-0.08,-415.0,-359.5,-256.9,-400,-350,-250,1588,1545,1540,1561
4838,2419000,0.3,-0.1,0.2,-0.78,0.2,-0.08,-407.2,-342.1,-259.4,-400,-350,-250,1574,1541,1558,1553
4839,2419500,0.3,-0.1,0.2,-0.77,0.2,-0.08,-398.6,-339.1,-242.4,-400,-350,-250,1553,1548,1525,1574
4840,2420000,0.3,-0.0,0.2,-0.77,0.19,-0.08,-388.6,-336.9,-239.7,-400,-350,-250,1569,1551,1569,1530
4841,2420500,0.3,-0.0,0.2,-0.76,0.19,-0.08,-386.4,-337.1,-239.8,-400,-350,-250,1573,1540,1576,1552
4842,2421000,0.2,-0.0,0.2,-0.75,0.18,-0.08,-396.6,-342.3,-249.6,-400,-350,-250,1565,1555,1557,1556
4843,2421500,0.2,-0.0,0.2,-0.74,0.18,-0.09,-407.6,-359.3,-255.0,-400,-350,-250,1562,1550,1563,1543
4844,2422000,0.2,-0.0,0.2,-0.72,0.17,-0.09,-415.2,-365.8,-268.7,-400,-350,-250,1542,1569,1562,1589
4845,2422500,0.2,-0.0,0.2,-0.71,0.17,-0.09,-422.2,-367.0,-269.6,-400,-350,-250,1569,1559,1541,1566
4846,2423000,0.2,-0.0,0.2,-0.7,0.16,-0.09,-416.7,-366.1,-264.0,-400,-350,-250,1554,1569,1558,1540
4847,2423500,0.1,-0.0,0.2,-0.69,0.16,-0.09,-405.3,-354.8,-259.6,-400,-350,-250,1574,1539,1555,1557
4848,2424000,0.1,-0.0,0.2,-0.67,0.15,-0.09,-392.4,-337.4,-239.6,-400,-350,-250,1559,1559,1578,1533
4849,2424500,0.1,-0.0,0.2,-0.66,0.15,-0.09,-389.3,-338.3,-236.4,-400,-350,-250,1543,1580,1526,1586
4850,2425000,0.1,-0.0,0.2,-0.65,0.14,-0.09,-390.5,-330.0,-239.5,-400,-350,-250,1544,1537,1544,1555
4851,2425500,0.1,-0.0,0.2,-0.63,0.14,-0.09,-394.5,-353.5,-239.3,-400,-350,-250,1564,1564,1569,1550
4852,2426000,0.1,0.0,0.2,-0.62,0.13,-0.09,-404.3,-353.7,-264.3,-400,-350,-250,1537,1535,1563,1574
4853,2426500,0.0,0.0,0.2,-0.6,0.13,-0.09,-407.6,-360.0,-266.3,-400,-350,-250,1534,1566,1568,1551
4854,2427000,0.0,0.0,0.2,-0.59,0.12,-0.09,-418.9,-367.5,-266.6,-400,-350,-250,1559,1559,1551,1529
4855,2427500,0.0,0.0,0.2,-0.57,0.12,-0.09,-402.8,-355.0,-256.2,-400,-350,-250,1549,1552,1581,1542
4856,2428000,0.0,0.0,0.2,-0.56,0.11,-0.09,-392.3,-348.0,-260.1,-400,-350,-250,1543,1522,1541,1553
4857,2428500,-0.0,0.0,0.2,-0.54,0.11,-0.09,-387.2,-341.9,-258.2,-400,-350,-250,1575,1546,1550,1590
4858,2429000,-0.0,0.0,0.2,-0.52,0.1,-0.09,-374.6,-332.6,-227.4,-400,-350,-250,1554,1544,1529,1565
4859,2429500,-0.0,0.0,0.2,-0.51,0.1,-0.09,-387.3,-340.5,-239.6,-400,-350,-250,1540,1576,1566,1534
4860,2430000,-0.0,0.0,0.2,-0.49,0.09,-0.09,-391.7,-344.6,-246.6,-400,-350,-250,1586,1544,1539,1550
4861,2430500,-0.1,0.0,0.2,-0.47,0.09,-0.09,-403.3,-355.6,-252.8,-400,-350,-250,1534,1577,1539,1563
4862,2431000,-0.1,0.0,0.2,-0.46,0.09,-0.09,-413.8,-364.6,-260.5,-400,-350,-250,1534,1573,1549,1546
4863,2431500,-0.1,0.0,0.2,-0.44,0.08,-0.09,-423.1,-365.5,-268.5,-400,-350,-250,1562,1543,1575,1558
4864,2432000,-0.1,0.0,0.2,-0.42,0.08,-0.09,-400.2,-360.2,-264.5,-400,-350,-250,1540,1570,1548,1558
4865,2432500,-0.1,0.0,0.2,-0.41,0.07,-0.09,-403.4,-342.7,-252.4,-400,-350,-250,1547,1542,1554,1554
4866,2433000,-0.1,0.0,0.2,-0.39,0.07,-0.09,-389.3,-340.2,-236.7,-400,-350,-250,1538,1548,1564,1573
4867,2433500,-0.1,0.0,0.2,-0.37,0.07,-0.08,-383.3,-331.2,-235.3,-400,-350,-250,1550,1532,1559,1544
4868,2434000,-0.1,0.0,0.2,-0.35,0.06,-0.08,-388.8,-347.2,-228.6,-400,-350,-250,1544,1558,1539,1552
4869,2434500,-0.1,0.0,0.2,-0.34,0.06,-0.08,-392.6,-347.9,-241.4,-400,-350,-250,1549,1559,1535,1559
4870,2435000,-0.1,0.0,0.1,-0.32,0.06,-0.08,-404.6,-352.3,-254.9,-400,-350,-250,1540,1576,1573,1571
4871,2435500,-0.2,0.0,0.1,-0.3,0.05,-0.08,-409.3,-369.2,-258.1,-400,-350,-250,1555,1542,1549,1547
4872,2436000,-0.2,0.0,0.1,-0.29,0.05,-0.08,-416.4,-376.0,-263.1,-400,-350,-250,1556,1531,1537,1575
4873,2436500,-0.2,0.0,0.1,-0.27,0.05,-0.08,-407.8,-362.3,-265.0,-400,-350,-250,1562,1561,1537,1564
4874,2437000,-0.2,0.0,0.1,-0.26,0.04,-0.08,-397.6,-349.0,-258.3,-400,-350,-250,1548,1556,1537,1545
4875,2437500,-0.2,0.0,0.1,-0.24,0.04,-0.08,-391.3,-338.1,-246.5,-400,-350,-250,1538,1560,1561,1544
4876,2438000,-0.2,0.0,0.1,-0.22,0.04,-0.08,-380.2,-330.2,-237.2,-400,-350,-250,1562,1585,1552,1547
4877,2438500,-0.2,0.0,0.1,-0.21,0.03,-0.08,-385.1,-328.8,-235.2,-400,-350,-250,1554,1542,1547,1581
4878,2439000,-0.2,0.1,0.1,-0.19,0.03,-0.08,-396.5,-336.7,-244.8,-400,-350,-250,1551,1538,1549,1559
4879,2439500,-0.2,0.1,0.1,-0.18,0.03,-0.08,-399.2,-357.3,-249.4,-400,-350,-250,1523,1548,1578,1556
4880,2440000,-0.2,0.1,0.1,-0.16,0.02,-0.08,-409.1,-363.6,-266.2,-400,-350,-250,1582,1563,1570,1551
4881,2440500,-0.2,0.1,0.1,-0.15,0.02,-0.08,-409.8,-362.2,-268.1,-400,-350,-250,1570,1571,1553,1551
4882,2441000,-0.2,0.1,0.1,-0.13,0.02,-0.08,-411.0,-364.3,-257.5,-400,-350,-250,1555,1556,1554,1551
4883,2441500,-0.2,0.1,0.1,-0.12,0.02,-0.08,-402.9,-346.7,-251.5,-400,-350,-250,1564,1587,1560,1556
4884,2442000,-0.2,0.1,0.1,-0.1,0.01,-0.08,-387.4,-349.6,-245.5,-400,-350,-250,1544,1544,1564,1549
4885,2442500,-0.2,0.1,0.1,-0.09,0.01,-0.08,-381.3,-337.7,-237.7,-400,-350,-250,1557,1574,1541,1540
4886,2443000,-0.2,0.1,0.1,-0.08,0.01,-0.07,-388.4,-332.7,-227.8,-400,-350,-250,1532,1538,1535,1552
4887,2443500,-0.2,0.1,0.1,-0.06,0.01,-0.07,-382.9,-345.0,-244.5,-400,-350,-250,1563,1554,1564,1550
4888,2444000,-0.2,0.1,0.1,-0.05,0.0,-0.07,-398.2,-350.1,-249.3,-400,-350,-250,1565,1555,1549,1566
4889,2444500,-0.2,0.1,0.1,-0.04,0.0,-0.07,-404.8,-362.2,-259.2,-400,-350,-250,1570,1548,1537,1531
4890,2445000,-0.2,0.1,0.1,-0.03,0.0,-0.07,-410.5,-365.8,-269.9,-400,-350,-250,1576,1540,1560,1532
4891,2445500,-0.2,0.1,0.1,-0.01,-0.0,-0.07,-414.1,-375.4,-261.8,-400,-350,-250,1534,1558,1548,1549
4892,2446000,-0.2,0.1,0.1,-0.0,-0.0,-0.07,-403.8,-351.0,-256.9,-400,-350,-250,1560,1538,1559,1569
4893,2446500,-0.2,0.1,0.1,0.01,-0.01,-0.07,-398.3,-346.3,-243.0,-400,-350,-250,1546,1532,1564,1545
4894,2447000,-0.2,0.1,0.1,0.02,-0.01,-0.07,-383.1,-342.6,-226.4,-400,-350,-250,1548,1548,1557,1567
4895,2447500,-0.2,0.1,0.1,0.03,-0.01,-0.07,-376.9,-330.3,-238.8,-400,-350,-250,1550,1532,1550,1573
4896,2448000,-0.2,0.1,0.1,0.04,-0.01,-0.07,-384.6,-330.8,-234.7,-400,-350,-250,1543,1550,1565,1569
4897,2448500,-0.2,0.1,0.1,0.05,-0.01,-0.07,-395.4,-339.0,-245.5,-400,-350,-250,1535,1526,1542,1528
4898,2449000,-0.2,0.1,0.1,0.06,-0.01,-0.07,-407.4,-353.7,-257.5,-400,-350,-250,1556,1557,1563,1546
4899,2449500,-0.2,0.1,0.1,0.07,-0.01,-0.07,-410.5,-365.6,-263.9,-400,-350,-250,1561,1555,1551,1544
4900,2450000,-0.2,0.1,0.1,0.08,-0.02,-0.07,-403.2,-365.5,-266.4,-400,-350,-250,1530,1556,1560,1555
4901,2450500,-0.2,0.1,0.1,0.08,-0.02,-0.06,-410.3,-356.5,-264.4,-400,-350,-250,1571,1552,1526,1570
4902,2451000,-0.2,0.1,0.1,0.09,-0.02,-0.06,-401.4,-344.0,-245.6,-400,-350,-250,1544,1549,1544,1549
4903,2451500,-0.2,0.1,0.1,0.1,-0.02,-0.06,-384.6,-335.5,-245.3,-400,-350,-250,1551,1554,1549,1533
4904,2452000,-0.2,0.0,0.1,0.11,-0.02,-0.06,-384.6,-338.8,-237.7,-400,-350,-250,1562,1552,1544,1568
4905,2452500,-0.2,0.0,0.1,0.12,-0.02,-0.06,-375.8,-343.6,-237.8,-400,-350,-250,1564,1552,1557,1556
4906,2453000,-0.2,0.0,0.1,0.12,-0.02,-0.06,-386.0,-337.5,-243.8,-400,-350,-250,1539,1568,1565,1577
4907,2453500,-0.2,0.0,0.1,0.13,-0.02,-0.06,-406.5,-362.0,-253.8,-400,-350,-250,1565,1571,1544,1550
4908,2454000,-0.2,0.0,0.1,0.13,-0.02,-0.06,-412.5,-362.3,-266.0,-400,-350,-250,1534,1556,1555,1530
4909,2454500,-0.2,0.0,0.1,0.14,-0.03,-0.06,-412.0,-360.7,-269.6,-400,-350,-250,1548,1547,1554,1543
4910,2455000,-0.2,0.0,0.1,0.15,-0.03,-0.06,-414.8,-368.9,-260.3,-400,-350,-250,1550,1538,1543,1539
4911,2455500,-0.2,0.0,0.1,0.15,-0.03,-0.06,-400.4,-357.8,-257.3,-400,-350,-250,1552,1545,1558,1575
4912,2456000,-0.2,0.0,0.1,0.15,-0.03,-0.06,-394.7,-345.4,-245.1,-400,-350,-250,1567,1545,1524,1546
4913,2456500,-0.2,0.0,0.1,0.16,-0.03,-0.06,-385.0,-336.1,-232.2,-400,-350,-250,1560,1583,1530,1530
4914,2457000,-0.2,0.0,0.1,0.16,-0.03,-0.06,-383.9,-334.2,-235.4,-400,-350,-250,1532,1543,1570,1555
4915,2457500,-0.2,0.0,0.1,0.17,-0.03,-0.05,-379.6,-334.6,-243.9,-400,-350,-250,1542,1528,1537,1555
4916,2458000,-0.2,0.0,0.1,0.17,-0.03,-0.05,-396.2,-348.7,-252.3,-400,-350,-250,1545,1561,1564,1540
4917,2458500,-0.2,0.0,0.1,0.17,-0.03,-0.05,-409.2,-356.2,-259.8,-400,-350,-250,1566,1532,1556,1556
4918,2459000,-0.2,0.0,0.1,0.18,-0.03,-0.05,-412.2,-366.4,-262.1,-400,-350,-250,1542,1559,1543,1577
4919,2459500,-0.2,0.0,0.1,0.18,-0.03,-0.05,-414.9,-364.1,-262.9,-400,-350,-250,1544,1534,1547,1536
4920,2460000,-0.1,0.0,0.1,0.18,-0.03,-0.05,-414.4,-356.1,-258.2,-400,-350,-250,1549,1541,1569,1551
4921,2460500,-0.1,0.0,0.1,0.18,-0.03,-0.05,-405.9,-344.9,-252.0,-400,-350,-250,1544,1550,1538,1562
4922,2461000,-0.1,0.0,0.1,0.18,-0.03,-0.05,-392.1,-336.0,-240.3,-400,-350,-250,1541,1536,1552,1552
4923,2461500,-0.1,0.0,0.1,0.19,-0.03,-0.05,-381.0,-338.5,-235.1,-400,-350,-250,1545,1546,1586,1565
4924,2462000,-0.1,0.0,0.1,0.19,-0.03,-0.05,-386.9,-337.8,-238.9,-400,-350,-250,1563,1532,1590,1576
4925,2462500,-0.1,0.0,0.1,0.19,-0.03,-0.05,-388.3,-336.6,-238.3,-400,-350,-250,1550,1543,1561,1550
4926,2463000,-0.1,0.0,0.1,0.19,-0.03,-0.05,-397.2,-351.7,-253.1,-400,-350,-250,1556,1522,1590,1530
4927,2463500,-0.1,0.0,0.1,0.19,-0.03,-0.05,-413.0,-357.3,-249.5,-400,-350,-250,1540,1555,1572,1586
4928,2464000,-0.1,0.0,0.1,0.19,-0.03,-0.05,-417.6,-358.9,-262.2,-400,-350,-250,1551,1540,1563,1560
4929,2464500,-0.1,0.0,0.1,0.19,-0.03,-0.04,-412.5,-363.7,-265.3,-400,-350,-250,1565,1587,1535,1546
4930,2465000,-0.1,0.0,0.1,0.19,-0.03,-0.04,-403.3,-356.0,-254.1,-400,-350,-250,1543,1539,1548,1531
4931,2465500,-0.1,0.0,0.1,0.19,-0.03,-0.04,-393.0,-343.3,-252.3,-400,-350,-250,1532,1552,1553,1538
4932,2466000,-0.1,0.0,0.1,0.19,-0.03,-0.04,-392.4,-338.7,-239.4,-400,-350,-250,1543,1525,1559,1516
4933,2466500,-0.1,0.0,0.0,0.19,-0.03,-0.04,-390.9,-332.9,-230.5,-400,-350,-250,1550,1543,1536,1542
4934,2467000,-0.1,0.0,0.0,0.18,-0.03,-0.04,-392.1,-344.4,-240.1,-400,-350,-250,1516,1547,1570,1556
4935,2467500,-0.1,0.0,0.0,0.18,-0.03,-0.04,-393.0,-336.3,-241.9,-400,-350,-250,1557,1543,1553,1531
4936,2468000,-0.1,0.0,0.0,0.18,-0.03,-0.04,-402.2,-349.7,-251.3,-400,-350,-250,1543,1554,1547,1552
4937,2468500,-0.1,0.0,0.0,0.18,-0.03,-0.04,-404.4,-363.6,-265.9,-400,-350,-250,1544,1568,1558,1535
4938,2469000,-0.1,0.0,0.0,0.18,-0.03,-0.04,-415.7,-365.3,-268.4,-400,-350,-250,1551,1564,1520,1535
4939,2469500,-0.1,0.0,0.0,0.18,-0.03,-0.04,-416.2,-360.4,-261.5,-400,-350,-250,1541,1527,1561,1562
4940,2470000,-0.1,0.0,0.0,0.17,-0.03,-0.04,-408.9,-359.2,-258.8,-400,-350,-250,1546,1524,1547,1546
4941,2470500,-0.1,0.0,0.0,0.17,-0.03,-0.04,-394.2,-354.6,-247.7,-400,-350,-250,1556,1542,1540,1528
4942,2471000,-0.0,0.0,0.0,0.17,-0.03,-0.04,-380.8,-337.4,-238.4,-400,-350,-250,1547,1537,1570,1544
4943,2471500,-0.0,0.0,0.0,0.17,-0.03,-0.04,-382.2,-329.4,-241.9,-400,-350,-250,1549,1530,1534,1551
4944,2472000,-0.0,0.0,0.0,0.16,-0.03,-0.04,-381.8,-336.4,-240.0,-400,-350,-250,1537,1579,1564,1526
4945,2472500,-0.0,0.0,0.0,0.16,-0.03,-0.03,-400.9,-347.1,-242.9,-400,-350,-250,1566,1562,1538,1550
4946,2473000,-0.0,0.0,0.0,0.16,-0.03,-0.03,-406.9,-353.9,-251.5,-400,-350,-250,1532,1548,1532,1543
4947,2473500,-0.0,0.0,0.0,0.15,-0.03,-0.03,-409.1,-365.0,-271.6,-400,-350,-250,1554,1551,1563,1548
4948,2474000,-0.0,0.0,0.0,0.15,-0.03,-0.03,-422.1,-362.0,-264.8,-400,-350,-250,1542,1545,1549,1541
4949,2474500,-0.0,0.0,0.0,0.15,-0.03,-0.03,-409.0,-362.2,-263.6,-400,-350,-250,1542,1538,1541,1549
4950,2475000,-0.0,0.0,0.0,0.14,-0.03,-0.03,-412.1,-356.0,-256.3,-400,-350,-250,1550,1541,1555,1539
4951,2475500,-0.0,0.0,0.0,0.14,-0.03,-0.03,-395.6,-343.0,-243.7,-400,-350,-250,1538,1541,1555,1561
4952,2476000,-0.0,0.0,0.0,0.14,-0.03,-0.03,-382.3,-337.5,-235.5,-400,-350,-250,1535,1513,1537,1568
4953,2476500,-0.0,0.0,0.0,0.13,-0.03,-0.03,-380.1,-340.0,-233.0,-400,-350,-250,1573,1560,1560,1566
4954,2477000,-0.0,0.0,0.0,0.13,-0.03,-0.03,-384.5,-343.2,-237.9,-400,-350,-250,1568,1547,1548,1547
4955,2477500,0.0,0.0,0.0,0.13,-0.02,-0.03,-405.4,-342.9,-244.7,-400,-350,-250,1563,1583,1529,1541
4956,2478000,0.0,0.0,0.0,0.12,-0.02,-0.03,-411.1,-358.8,-257.4,-400,-350,-250,1547,1509,1568,1548
4957,2478500,0.0,0.0,0.0,0.12,-0.02,-0.03,-409.3,-361.9,-270.3,-400,-350,-250,1523,1590,1538,1556
4958,2479000,0.0,0.0,0.0,0.11,-0.02,-0.03,-419.3,-370.4,-268.7,-400,-350,-250,1539,1569,1557,1545
4959,2479500,0.0,0.0,0.0,0.11,-0.02,-0.03,-410.1,-363.8,-267.3,-400,-350,-250,1576,1556,1527,1526
4960,2480000,0.0,0.0,0.0,0.11,-0.02,-0.03,-400.8,-349.9,-256.1,-400,-350,-250,1539,1549,1525,1548
4961,2480500,0.0,0.0,0.0,0.1,-0.02,-0.03,-395.0,-352.6,-242.5,-400,-350,-250,1550,1545,1558,1552
4962,2481000,0.0,0.0,0.0,0.1,-0.02,-0.03,-392.5,-330.8,-242.9,-400,-350,-250,1528,1543,1551,1550
4963,2481500,0.0,0.0,0.0,0.09,-0.02,-0.03,-387.5,-336.3,-236.4,-400,-350,-250,1565,1552,1525,1565
4964,2482000,0.0,0.0,0.0,0.09,-0.02,-0.03,-395.4,-337.3,-242.4,-400,-350,-250,1530,1555,1560,1586
4965,2482500,0.0,0.0,0.0,0.09,-0.02,-0.02,-400.5,-352.0,-251.8,-400,-350,-250,1572,1579,1566,1539
4966,2483000,0.0,0.0,0.0,0.08,-0.02,-0.02,-399.9,-355.0,-256.8,-400,-350,-250,1574,1551,1571,1548
4967,2483500,0.0,0.0,0.0,0.08,-0.02,-0.02,-409.7,-364.2,-257.2,-400,-350,-250,1540,1576,1576,1539
4968,2484000,0.0,0.0,0.0,0.08,-0.02,-0.02,-412.6,-367.4,-265.5,-400,-350,-250,1509,1533,1562,1570
4969,2484500,0.0,0.0,0.0,0.07,-0.02,-0.02,-411.9,-362.6,-264.4,-400,-350,-250,1526,1570,1494,1537
4970,2485000,0.0,0.0,0.0,0.07,-0.02,-0.02,-399.2,-358.5,-246.9,-400,-350,-250,1567,1547,1554,1571
4971,2485500,0.0,0.0,0.0,0.06,-0.02,-0.02,-395.1,-341.5,-241.9,-400,-350,-250,1534,1575,1545,1535
4972,2486000,0.0,0.0,0.0,0.06,-0.02,-0.02,-383.8,-333.4,-234.0,-400,-350,-250,1533,1511,1532,1574
4973,2486500,0.0,0.0,0.0,0.06,-0.02,-0.02,-387.0,-336.8,-233.3,-400,-350,-250,1525,1575,1538,1543
4974,2487000,0.0,0.0,0.0,0.05,-0.02,-0.02,-390.2,-335.2,-235.8,-400,-350,-250,1573,1548,1542,1567
4975,2487500,0.0,0.0,0.0,0.05,-0.02,-0.02,-396.2,-346.0,-244.8,-400,-350,-250,1555,1546,1555,1528
4976,2488000,0.0,0.0,0.0,0.05,-0.01,-0.02,-407.3,-351.0,-257.3,-400,-350,-250,1562,1550,1553,1559
4977,2488500,0.0,0.0,0.0,0.04,-0.01,-0.02,-417.4,-368.1,-255.9,-400,-350,-250,1549,1516,1560,1548
4978,2489000,0.0,0.0,0.0,0.04,-0.01,-0.02,-411.9,-362.7,-264.1,-400,-350,-250,1567,1543,1522,1553
4979,2489500,0.0,0.0,0.0,0.04,-0.01,-0.02,-414.6,-359.2,-259.8,-400,-350,-250,1541,1561,1552,1561
4980,2490000,0.0,0.0,0.0,0.03,-0.01,-0.02,-408.0,-355.8,-257.7,-400,-350,-250,1538,1541,1563,1534
4981,2490500,0.0,0.0,0.0,0.03,-0.01,-0.02,-394.1,-344.7,-243.5,-400,-350,-250,1544,1551,1529,1557
4982,2491000,0.0,-0.0,0.0,0.03,-0.01,-0.02,-388.3,-340.9,-237.7,-400,-350,-250,1555,1557,1551,1541
4983,2491500,0.1,-0.0,0.0,0.02,-0.01,-0.02,-388.8,-333.3,-238.6,-400,-350,-250,1551,1546,1560,1542
4984,2492000,0.1,-0.0,0.0,0.02,-0.01,-0.02,-382.8,-335.2,-238.9,-400,-350,-250,1557,1547,1546,1529
4985,2492500,0.1,-0.0,0.0,0.02,-0.01,-0.02,-397.4,-344.0,-245.8,-400,-350,-250,1547,1553,1558,1557
4986,2493000,0.1,-0.0,0.0,0.01,-0.01,-0.02,-410.9,-354.2,-249.8,-400,-350,-250,1557,1570,1537,1573
4987,2493500,0.1,-0.0,0.0,0.01,-0.01,-0.02,-413.3,-358.2,-257.6,-400,-350,-250,1547,1533,1564,1544
4988,2494000,0.1,-0.0,0.0,0.01,-0.01,-0.02,-417.0,-368.8,-270.6,-400,-350,-250,1570,1516,1521,1554
4989,2494500,0.1,-0.0,0.0,0.0,-0.01,-0.02,-411.6,-366.3,-267.0,-400,-350,-250,1552,1531,1553,1534
4990,2495000,0.1,-0.0,0.0,0.0,-0.01,-0.01,-401.2,-357.6,-250.6,-400,-350,-250,1559,1563,1544,1576
4991,2495500,0.1,-0.0,0.0,-0.0,-0.01,-0.01,-397.8,-344.8,-250.9,-400,-350,-250,1526,1571,1518,1555
4992,2496000,0.1,-0.0,0.0,-0.0,-0.01,-0.01,-390.0,-333.8,-238.2,-400,-350,-250,1542,1553,1535,1556
4993,2496500,0.1,-0.0,0.0,-0.01,-0.01,-0.01,-382.8,-329.8,-235.6,-400,-350,-250,1525,1530,1530,1553
4994,2497000,0.1,-0.0,0.0,-0.01,-0.01,-0.01,-394.8,-331.1,-230.8,-400,-350,-250,1539,1558,1527,1524
4995,2497500,0.1,-0.0,0.0,-0.01,-0.01,-0.01,-380.9,-338.4,-237.5,-400,-350,-250,1549,1515,1545,1518
4996,2498000,0.1,-0.0,0.0,-0.01,-0.01,-0.01,-399.9,-359.0,-252.4,-400,-350,-250,1537,1538,1534,1531
4997,2498500,0.1,-0.0,0.0,-0.01,-0.01,-0.01,-413.7,-354.4,-264.5,-400,-350,-250,1537,1525,1535,1525
4998,2499000,0.1,-0.0,0.0,-0.02,-0.01,-0.01,-411.5,-369.0,-271.4,-400,-350,-250,1551,1555,1558,1529
4999,2499500,0.0,-0.0,0.0,-0.02,-0.01,-0.01,-417.4,-372.8,-265.8,-400,-350,-250,1518,1544,1535,1549
5000,2500000,80.0,69.9,50.0,-3.94,-2.53,-0.81,-406.2,-354.2,-272.1,400,350,250,1562,1531,1570,1552
5001,2500500,79.8,69.8,49.9,-7.74,-4.95,-1.58,-392.5,-342.0,-252.8,400,350,250,1539,1551,1531,1523
5002,2501000,79.5,69.6,49.9,-11.42,-7.29,-2.33,-387.6,-345.8,-235.9,400,350,250,1548,1555,1541,1532
5003,2501500,79.1,69.4,49.8,-14.98,-9.53,-3.05,-378.9,-320.7,-232.8,400,350,250,1543,1553,1520,1586
5004,2502000,78.6,69.1,49.7,-18.42,-11.69,-3.74,-371.8,-330.7,-234.2,400,350,250,1571,1535,1551,1544
5005,2502500,78.1,68.8,49.6,-21.73,-13.75,-4.41,-374.5,-318.6,-234.8,400,350,250,1548,1562,1554,1551
5006,2503000,77.5,68.4,49.5,-24.92,-15.73,-5.05,-366.0,-332.9,-240.4,400,350,250,1561,1553,1554,1541
5007,2503500,76.8,67.9,49.3,-27.98,-17.63,-5.67,-380.6,-339.6,-250.7,400,350,250,1559,1520,1555,1566
5008,2504000,76.0,67.4,49.2,-30.92,-19.44,-6.27,-375.0,-338.0,-249.6,400,350,250,1545,1552,1521,1567
5009,2504500,75.2,66.9,49.0,-33.73,-21.17,-6.84,-364.7,-333.0,-261.1,400,350,250,1551,1525,1540,1520
5010,2505000,74.2,66.3,48.8,-36.42,-22.81,-7.4,-352.4,-323.9,-241.4,400,350,250,1523,1558,1563,1550
5011,2505500,73.3,65.7,48.6,-38.99,-24.38,-7.93,-337.1,-312.1,-236.6,400,350,250,1529,1560,1519,1534
5012,2506000,72.2,65.1,48.4,-41.44,-25.87,-8.43,-317.9,-299.5,-225.7,400,350,250,1545,1527,1539,1534
5013,2506500,71.1,64.4,48.2,-43.76,-27.28,-8.92,-296.1,-286.9,-214.1,400,350,250,1528,1557,1544,1566
5014,2507000,70.0,63.7,48.0,-45.96,-28.62,-9.39,-285.2,-268.0,-209.0,400,350,250,1544,1540,1569,1546
5015,2507500,68.8,62.9,47.7,-48.03,-29.88,-9.84,-274.8,-261.5,-212.9,400,350,250,1528,1527,1541,1535
5016,2508000,67.5,62.2,47.5,-49.99,-31.07,-10.27,-263.4,-263.4,-219.7,400,350,250,1541,1553,1539,1536
5017,2508500,66.2,61.4,47.2,-51.83,-32.19,-10.68,-263.7,-262.7,-227.2,400,350,250,1581,1554,1518,1563
5018,2509000,64.9,60.5,46.9,-53.56,-33.24,-11.07,-251.4,-259.4,-232.9,400,350,250,1578,1534,1565,1545
5019,2509500,63.5,59.7,46.6,-55.16,-34.22,-11.44,-252.0,-265.1,-238.6,400,350,250,1568,1536,1549,1538
5020,2510000,62.1,58.8,46.3,-56.65,-35.13,-11.8,-228.8,-252.3,-228.5,400,350,250,1528,1542,1546,1540
5021,2510500,60.7,57.9,46.0,-58.03,-35.99,-12.14,-219.2,-240.7,-223.8,400,350,250,1569,1568,1557,1563
5022,2511000,59.2,57.0,45.7,-59.3,-36.77,-12.46,-191.5,-220.4,-217.9,400,350,250,1552,1559,1535,1562
5023,2511500,57.7,56.0,45.4,-60.45,-37.5,-12.77,-174.7,-208.5,-199.8,400,350,250,1544,1549,1546,1538
5024,2512000,56.1,55.1,45.1,-61.5,-38.17,-13.06,-141.6,-187.7,-186.8,400,350,250,1529,1542,1533,1554
5025,2512500,54.6,54.1,44.7,-62.44,-38.78,-13.34,-125.1,-168.9,-186.4,400,350,250,1545,1551,1547,1552
5026,2513000,53.0,53.1,44.4,-63.28,-39.33,-13.6,-122.0,-168.8,-184.1,400,350,250,1541,1534,1574,1541
5027,2513500,51.4,52.1,44.1,-64.02,-39.83,-13.85,-104.0,-166.7,-181.8,400,350,250,1544,1533,1546,1546
5028,2514000,49.8,51.1,43.7,-64.65,-40.27,-14.09,-100.0,-160.5,-193.5,400,350,250,1559,1534,1542,1544
5029,2514500,48.1,50.1,43.3,-65.19,-40.66,-14.31,-92.0,-159.2,-188.1,400,350,250,1520,1536,1517,1522
5030,2515000,46.5,49.1,43.0,-65.63,-41.0,-14.51,-72.4,-161.4,-191.3,400,350,250,1530,1535,1516,1538
5031,2515500,44.8,48.0,42.6,-65.98,-41.29,-14.71,-61.6,-142.0,-187.6,400,350,250,1541,1564,1546,1539
5032,2516000,43.2,47.0,42.2,-66.24,-41.53,-14.89,-42.5,-135.9,-180.6,400,350,250,1534,1541,1548,1528
5033,2516500,41.5,46.0,41.9,-66.41,-41.73,-15.06,-22.3,-103.9,-171.0,400,350,250,1550,1534,1554,1551
5034,2517000,39.9,44.9,41.5,-66.49,-41.88,-15.22,-2.3,-85.4,-157.7,400,350,250,1540,1564,1533,1543
5035,2517500,38.2,43.9,41.1,-66.49,-41.99,-15.36,34.4,-72.6,-147.6,400,350,250,1507,1544,1502,1563
5036,2518000,36.5,42.8,40.7,-66.41,-42.06,-15.5,46.1,-65.4,-140.6,400,350,250,1546,1542,1538,1534
5037,2518500,34.9,41.8,40.3,-66.25,-42.09,-15.62,65.4,-57.5,-140.7,400,350,250,1562,1541,1544,1540
5038,2519000,33.2,40.7,39.9,-66.01,-42.08,-15.74,69.3,-55.7,-150.3,400,350,250,1558,1548,1533,1525
5039,2519500,31.6,39.7,39.5,-65.7,-42.03,-15.84,77.6,-55.7,-151.0,400,350,250,1521,1534,1516,1534
5040,2520000,30.0,38.6,39.1,-65.31,-41.94,-15.93,82.3,-48.3,-149.3,400,350,250,1544,1553,1529,1535
5041,2520500,28.3,37.6,38.7,-64.86,-41.82,-16.02,102.7,-39.0,-151.2,400,350,250,1536,1544,1547,1535
5042,2521000,26.7,36.5,38.3,-64.34,-41.67,-16.09,115.9,-27.4,-152.3,400,350,250,1536,1550,1543,1536
5043,2521500,25.1,35.5,37.9,-63.76,-41.48,-16.16,140.5,-13.2,-140.2,400,350,250,1565,1569,1545,1564
5044,2522000,23.6,34.5,37.5,-63.12,-41.27,-16.22,163.3,6.7,-123.8,400,350,250,1541,1519,1548,1536
5045,2522500,22.0,33.4,37.1,-62.42,-41.02,-16.27,193.7,27.5,-115.7,400,350,250,1538,1510,1527,1548
5046,2523000,20.5,32.4,36.7,-61.66,-40.75,-16.31,209.7,34.2,-98.6,400,350,250,1570,1532,1531,1542
5047,2523500,18.9,31.4,36.3,-60.85,-40.45,-16.34,229.5,50.6,-107.3,400,350,250,1552,1550,1524,1533
5048,2524000,17.4,30.4,35.9,-59.99,-40.12,-16.37,236.4,60.9,-94.5,400,350,250,1547,1555,1549,1556
5049,2524500,16.0,29.4,35.5,-59.08,-39.77,-16.38,239.9,58.7,-100.9,400,350,250,1537,1562,1530,1527
5050,2525000,14.5,28.4,35.1,-58.13,-39.4,-16.39,255.4,62.5,-100.2,400,350,250,1542,1527,1545,1534
5051,2525500,13.1,27.4,34.7,-57.13,-39.01,-16.4,258.9,68.3,-108.4,400,350,250,1560,1545,1547,1552
5052,2526000,11.7,26.5,34.3,-56.09,-38.59,-16.39,263.3,72.8,-107.5,400,350,250,1541,1556,1544,1520
5053,2526500,10.3,25.5,33.8,-55.01,-38.15,-16.39,277.5,77.2,-104.7,400,350,250,1552,1538,1546,1560
5054,2527000,9.0,24.6,33.4,-53.9,-37.7,-16.37,302.2,85.8,-101.7,400,350,250,1537,1518,1516,1548
5055,2527500,7.6,23.7,33.0,-52.75,-37.23,-16.35,324.5,112.6,-84.4,400,350,250,1539,1555,1538,1540
5056,2528000,6.3,22.7,32.6,-51.58,-36.74,-16.32,346.4,126.6,-62.8,400,350,250,1560,1534,1545,1529
5057,2528500,5.1,21.8,32.2,-50.37,-36.23,-16.29,367.2,149.8,-59.6,400,350,250,1528,1555,1530,1537
5058,2529000,3.9,20.9,31.8,-49.14,-35.72,-16.25,371.8,151.0,-52.5,400,350,250,1530,1538,1546,1545
5059,2529500,2.7,20.1,31.4,-47.89,-35.18,-16.21,389.5,166.1,-55.7,400,350,250,1522,1521,1552,1552
5060,2530000,1.5,19.2,31.0,-46.61,-34.64,-16.16,394.1,163.3,-52.6,400,350,250,1546,1550,1533,1558
5061,2530500,0.4,18.3,30.6,-45.31,-34.08,-16.1,394.0,157.6,-61.6,400,350,250,1519,1567,1538,1535
5062,2531000,-0.7,17.5,30.2,-44.0,-33.52,-16.05,396.0,161.7,-64.5,400,350,250,1532,1543,1545,1556
5063,2531500,-1.8,16.7,29.8,-42.67,-32.94,-15.98,405.8,166.4,-66.0,400,350,250,1537,1523,1521,1529
5064,2532000,-2.8,15.9,29.4,-41.33,-32.35,-15.92,412.2,178.1,-60.3,400,350,250,1559,1548,1552,1536
5065,2532500,-3.8,15.1,29.0,-39.97,-31.76,-15.85,427.6,185.8,-46.9,400,350,250,1523,1530,1536,1545
5066,2533000,-4.8,14.3,28.6,-38.61,-31.16,-15.77,447.7,206.6,-33.6,400,350,250,1536,1551,1532,1529
5067,2533500,-5.7,13.5,28.2,-37.24,-30.55,-15.69,466.4,221.3,-25.6,400,350,250,1510,1536,1559,1566
5068,2534000,-6.6,12.8,27.8,-35.86,-29.94,-15.61,477.2,237.9,-17.6,400,350,250,1529,1550,1561,1521
5069,2534500,-7.5,12.1,27.4,-34.48,-29.32,-15.52,487.2,248.4,-4.1,400,350,250,1533,1527,1538,1542
5070,2535000,-8.3,11.3,27.0,-33.1,-28.7,-15.44,499.9,250.8,-7.6,400,350,250,1501,1524,1536,1531
5071,2535500,-9.1,10.6,26.7,-31.72,-28.07,-15.34,495.3,253.3,-13.5,400,350,250,1552,1547,1548,1512
5072,2536000,-9.9,9.9,26.3,-30.34,-27.45,-15.25,497.5,250.0,-18.8,400,350,250,1527,1555,1525,1543
5073,2536500,-10.6,9.3,25.9,-28.97,-26.82,-15.15,490.6,244.7,-19.5,400,350,250,1558,1518,1560,1531
5074,2537000,-11.3,8.6,25.5,-27.6,-26.19,-15.05,494.0,251.5,-24.7,400,350,250,1533,1533,1532,1559
5075,2537500,-11.9,8.0,25.2,-26.23,-25.55,-14.95,498.4,252.0,-19.1,400,350,250,1520,1521,1581,1537
5076,2538000,-12.6,7.4,24.8,-24.88,-24.92,-14.84,515.0,265.2,-15.5,400,350,250,1539,1532,1553,1513
5077,2538500,-13.1,6.8,24.4,-23.53,-24.29,-14.73,527.5,271.6,-1.9,400,350,250,1554,1537,1535,1546
5078,2539000,-13.7,6.2,24.0,-22.19,-23.66,-14.62,537.2,295.4,12.1,400,350,250,1534,1526,1512,1530
5079,2539500,-14.2,5.6,23.7,-20.87,-23.03,-14.51,556.0,302.2,24.6,400,350,250,1540,1545,1538,1529
5080,2540000,-14.7,5.0,23.3,-19.56,-22.4,-14.4,568.0,317.9,34.7,400,350,250,1535,1532,1545,1565
5081,2540500,-15.2,4.5,23.0,-18.26,-21.77,-14.28,571.1,316.8,27.9,400,350,250,1521,1560,1523,1543
5082,2541000,-15.6,4.0,22.6,-16.98,-21.15,-14.16,562.7,317.7,37.5,400,350,250,1513,1523,1524,1540
5083,2541500,-16.0,3.4,22.3,-15.72,-20.53,-14.04,562.2,314.1,27.3,400,350,250,1533,1529,1529,1547
5084,2542000,-16.3,2.9,21.9,-14.47,-19.92,-13.92,551.3,309.7,30.6,400,350,250,1536,1563,1537,1538
5085,2542500,-16.7,2.5,21.6,-13.25,-19.3,-13.8,548.9,312.9,23.6,400,350,250,1555,1556,1528,1545
5086,2543000,-17.0,2.0,21.2,-12.04,-18.7,-13.67,554.0,312.3,28.4,400,350,250,1529,1554,1529,1535
5087,2543500,-17.3,1.5,20.9,-10.86,-18.1,-13.55,558.2,321.5,29.9,400,350,250,1547,1525,1531,1557
5088,2544000,-17.5,1.1,20.6,-9.69,-17.5,-13.42,573.1,325.1,26.3,400,350,250,1544,1511,1527,1545
5089,2544500,-17.7,0.7,20.2,-8.55,-16.91,-13.29,575.9,340.7,44.9,400,350,250,1512,1563,1531,1516
5090,2545000,-17.9,0.3,19.9,-7.43,-16.33,-13.17,582.4,354.3,59.4,400,350,250,1526,1527,1559,1512
5091,2545500,-18.1,-0.1,19.6,-6.33,-15.75,-13.04,601.6,364.6,64.9,400,350,250,1544,1520,1526,1567
5092,2546000,-18.2,-0.5,19.2,-5.26,-15.18,-12.91,601.9,373.2,80.0,400,350,250,1518,1532,1539,1544
5093,2546500,-18.3,-0.9,18.9,-4.22,-14.61,-12.78,594.1,371.2,73.5,400,350,250,1524,1493,1557,1552
5094,2547000,-18.4,-1.2,18.6,-3.2,-14.05,-12.64,593.6,370.7,67.6,400,350,250,1553,1534,1521,1530
5095,2547500,-18.4,-1.6,18.3,-2.2,-13.5,-12.51,584.4,359.6,66.2,400,350,250,1539,1558,1546,1535
5096,2548000,-18.5,-1.9,18.0,-1.24,-12.96,-12.38,572.2,357.1,66.5,400,350,250,1535,1513,1530,1521
5097,2548500,-18.5,-2.2,17.7,-0.3,-12.43,-12.25,574.5,355.2,61.8,400,350,250,1554,1556,1523,1540
5098,2549000,-18.4,-2.5,17.4,0.62,-11.9,-12.11,568.4,360.3,59.1,400,350,250,1530,1532,1570,1510
5099,2549500,-18.4,-2.8,17.1,1.5,-11.38,-11.98,578.7,365.4,64.9,400,350,250,1539,1525,1558,1541
5100,2550000,-18.4,-3.0,16.8,2.36,-10.87,-11.84,584.5,371.2,74.2,400,350,250,1520,1520,1544,1539
5101,2550500,-18.3,-3.3,16.5,3.19,-10.37,-11.71,589.2,382.1,88.9,400,350,250,1544,1531,1538,1515
5102,2551000,-18.2,-3.6,16.2,3.99,-9.88,-11.58,592.6,399.6,100.2,400,350,250,1561,1534,1553,1514
5103,2551500,-18.1,-3.8,15.9,4.77,-9.4,-11.44,605.8,405.6,108.7,400,350,250,1544,1532,1505,1559
5104,2552000,-17.9,-4.0,15.6,5.51,-8.92,-11.31,599.1,405.3,108.4,400,350,250,1525,1533,1547,1517
5105,2552500,-17.8,-4.2,15.4,6.23,-8.46,-11.17,590.3,397.4,101.3,400,350,250,1543,1530,1536,1528
5106,2553000,-17.6,-4.4,15.1,6.91,-8.0,-11.04,575.0,391.4,108.5,400,350,250,1536,1546,1521,1546
5107,2553500,-17.4,-4.6,14.8,7.57,-7.55,-10.9,575.7,396.7,95.5,400,350,250,1508,1534,1557,1514
5108,2554000,-17.2,-4.8,14.5,8.2,-7.11,-10.77,559.5,388.1,104.2,400,350,250,1553,1505,1515,1520
5109,2554500,-17.0,-5.0,14.3,8.8,-6.69,-10.64,556.4,391.9,88.2,400,350,250,1521,1525,1528,1534
5110,2555000,-16.7,-5.1,14.0,9.38,-6.27,-10.5,551.0,390.8,96.4,400,350,250,1540,1547,1547,1546
5111,2555500,-16.5,-5.3,13.7,9.92,-5.86,-10.37,561.4,385.4,99.3,400,350,250,1558,1515,1535,1506
5112,2556000,-16.2,-5.4,13.5,10.44,-5.46,-10.24,559.5,402.7,111.2,400,350,250,1533,1496,1554,1527
5113,2556500,-16.0,-5.5,13.2,10.92,-5.07,-10.11,566.9,409.2,112.0,400,350,250,1520,1546,1554,1503
5114,2557000,-15.7,-5.6,13.0,11.39,-4.68,-9.97,566.4,416.7,136.5,400,350,250,1538,1550,1525,1517
5115,2557500,-15.4,-5.7,12.7,11.82,-4.31,-9.84,565.8,420.6,136.0,400,350,250,1575,1524,1541,1509
5116,2558000,-15.1,-5.8,12.5,12.22,-3.95,-9.71,571.5,420.0,137.7,400,350,250,1543,1517,1514,1546
5117,2558500,-14.8,-5.9,12.3,12.6,-3.6,-9.58,559.7,421.3,141.9,400,350,250,1525,1507,1542,1544
5118,2559000,-14.4,-6.0,12.0,12.96,-3.25,-9.45,547.4,410.9,130.6,400,350,250,1509,1535,1549,1517
5119,2559500,-14.1,-6.1,11.8,13.28,-2.92,-9.32,543.9,408.8,128.4,400,350,250,1533,1503,1540,1546
5120,2560000,-13.8,-6.2,11.6,13.58,-2.6,-9.19,522.9,400.2,126.8,400,350,250,1548,1538,1528,1524
5121,2560500,-13.4,-6.2,11.3,13.86,-2.28,-9.07,514.9,400.9,127.5,400,350,250,1519,1534,1547,1547
5122,2561000,-13.1,-6.3,11.1,14.11,-1.98,-8.94,512.8,395.9,127.1,400,350,250,1523,1532,1535,1520
5123,2561500,-12.7,-6.3,10.9,14.33,-1.68,-8.81,518.0,413.9,131.8,400,350,250,1549,1540,1507,1535
5124,2562000,-12.3,-6.3,10.7,14.53,-1.39,-8.69,523.0,413.8,136.9,400,350,250,1531,1527,1513,1530
5125,2562500,-12.0,-6.4,10.5,14.71,-1.11,-8.56,524.5,423.4,151.3,400,350,250,1521,1525,1509,1549
5126,2563000,-11.6,-6.4,10.2,14.86,-0.84,-8.44,523.1,423.8,163.3,400,350,250,1505,1550,1543,1504
5127,2563500,-11.2,-6.4,10.0,15.0,-0.58,-8.32,524.7,431.5,165.2,400,350,250,1519,1520,1557,1532
5128,2564000,-10.8,-6.4,9.8,15.1,-0.33,-8.19,522.1,428.0,168.6,400,350,250,1544,1486,1516,1542
5129,2564500,-10.5,-6.4,9.6,15.19,-0.09,-8.07,518.4,429.2,167.0,400,350,250,1551,1567,1553,1542
5130,2565000,-10.1,-6.4,9.4,15.26,0.14,-7.95,504.1,422.1,153.5,400,350,250,1552,1510,1522,1527
5131,2565500,-9.7,-6.4,9.2,15.3,0.37,-7.83,493.3,414.1,160.7,400,350,250,1533,1527,1536,1555
5132,2566000,-9.3,-6.4,9.0,15.33,0.59,-7.71,485.8,410.4,156.7,400,350,250,1547,1528,1520,1508
5133,2566500,-8.9,-6.4,8.9,15.34,0.8,-7.6,476.7,396.8,142.9,400,350,250,1513,1524,1543,1500
5134,2567000,-8.6,-6.3,8.7,15.32,1.0,-7.48,467.9,394.3,147.1,400,350,250,1529,1534,1519,1534
5135,2567500,-8.2,-6.3,8.5,15.29,1.19,-7.37,470.2,397.0,156.3,400,350,250,1528,1549,1527,1541
5136,2568000,-7.8,-6.3,8.3,15.24,1.37,-7.25,468.0,412.4,152.8,400,350,250,1549,1529,1499,1551
5137,2568500,-7.4,-6.2,8.1,15.17,1.55,-7.14,477.3,412.4,172.7,400,350,250,1526,1542,1544,1512
5138,2569000,-7.0,-6.2,7.9,15.09,1.72,-7.02,482.2,416.0,174.5,400,350,250,1519,1543,1525,1517
5139,2569500,-6.7,-6.1,7.8,14.99,1.88,-6.91,474.3,428.7,188.6,400,350,250,1550,1516,1544,1529
5140,2570000,-6.3,-6.1,7.6,14.88,2.03,-6.8,479.7,424.2,194.3,400,350,250,1537,1517,1533,1506
5141,2570500,-5.9,-6.0,7.4,14.75,2.18,-6.69,471.4,422.4,185.4,400,350,250,1531,1548,1560,1501
5142,2571000,-5.6,-6.0,7.3,14.61,2.32,-6.58,470.3,416.8,183.4,400,350,250,1536,1532,1509,1560
5143,2571500,-5.2,-5.9,7.1,14.45,2.45,-6.48,455.7,416.0,182.5,400,350,250,1504,1503,1522,1539
5144,2572000,-4.8,-5.9,7.0,14.28,2.58,-6.37,441.0,400.6,178.7,400,350,250,1523,1552,1530,1499
5145,2572500,-4.5,-5.8,6.8,14.09,2.69,-6.26,430.6,404.3,171.4,400,350,250,1557,1546,1554,1554
5146,2573000,-4.1,-5.7,6.6,13.9,2.81,-6.16,425.1,395.8,166.9,400,350,250,1524,1538,1531,1532
5147,2573500,-3.8,-5.6,6.5,13.69,2.91,-6.06,415.7,393.1,168.2,400,350,250,1512,1533,1544,1516
5148,2574000,-3.5,-5.6,6.3,13.48,3.01,-5.95,429.2,392.1,182.4,400,350,250,1541,1536,1529,1508
5149,2574500,-3.1,-5.5,6.2,13.25,3.1,-5.85,430.2,399.0,183.9,400,350,250,1524,1525,1540,1517
5150,2575000,-2.8,-5.4,6.1,13.01,3.19,-5.75,426.5,414.7,189.2,400,350,250,1530,1544,1538,1546
5151,2575500,-2.5,-5.3,5.9,12.77,3.27,-5.66,438.6,409.3,197.2,400,350,250,1538,1534,1493,1538
5152,2576000,-2.2,-5.3,5.8,12.51,3.34,-5.56,436.3,411.1,211.2,400,350,250,1518,1520,1524,1557
5153,2576500,-1.9,-5.2,5.6,12.25,3.41,-5.46,430.9,419.2,212.4,400,350,250,1503,1526,1527,1510
5154,2577000,-1.6,-5.1,5.5,11.98,3.47,-5.37,415.8,410.0,206.0,400,350,250,1524,1518,1517,1538
5155,2577500,-1.3,-5.0,5.4,11.71,3.53,-5.27,415.6,404.3,199.5,400,350,250,1532,1520,1537,1550
5156,2578000,-1.0,-4.9,5.2,11.43,3.58,-5.18,404.9,400.1,194.8,400,350,250,1515,1526,1493,1521
5157,2578500,-0.7,-4.8,5.1,11.14,3.63,-5.09,398.8,385.2,196.6,400,350,250,1533,1544,1558,1546
5158,2579000,-0.4,-4.7,5.0,10.84,3.67,-4.99,392.9,385.2,178.6,400,350,250,1520,1522,1542,1521
5159,2579500,-0.2,-4.6,4.9,10.55,3.71,-4.9,390.0,373.7,192.7,400,350,250,1519,1536,1513,1550
5160,2580000,0.1,-4.5,4.7,10.24,3.75,-4.82,378.2,382.1,192.8,400,350,250,1521,1530,1513,1543
5161,2580500,0.3,-4.4,4.6,9.94,3.77,-4.73,387.8,388.8,197.7,400,350,250,1545,1532,1524,1533
5162,2581000,0.6,-4.3,4.5,9.63,3.8,-4.64,390.4,387.3,206.5,400,350,250,1527,1510,1515,1537
5163,2581500,0.8,-4.2,4.4,9.32,3.82,-4.56,400.0,395.4,216.7,400,350,250,1537,1523,1508,1559
5164,2582000,1.0,-4.2,4.3,9.01,3.83,-4.47,388.0,410.9,217.2,400,350,250,1522,1523,1531,1540
5165,2582500,1.3,-4.1,4.2,8.69,3.84,-4.39,401.3,404.8,231.3,400,350,250,1498,1522,1530,1534
5166,2583000,1.5,-4.0,4.1,8.37,3.85,-4.3,400.2,405.0,226.5,400,350,250,1546,1546,1544,1542
5167,2583500,1.7,-3.9,4.0,8.06,3.86,-4.22,397.6,397.2,219.9,400,350,250,1559,1513,1524,1522
5168,2584000,1.9,-3.8,3.9,7.74,3.86,-4.14,389.7,393.1,220.8,400,350,250,1543,1502,1535,1521
5169,2584500,2.0,-3.7,3.8,7.42,3.85,-4.06,377.4,387.5,206.9,400,350,250,1502,1527,1536,1520
5170,2585000,2.2,-3.6,3.7,7.1,3.85,-3.99,365.2,376.2,205.0,400,350,250,1546,1520,1556,1537
5171,2585500,2.4,-3.5,3.6,6.78,3.84,-3.91,358.6,364.3,199.5,400,350,250,1521,1528,1530,1527
5172,2586000,2.6,-3.4,3.5,6.47,3.82,-3.83,357.3,368.0,201.6,400,350,250,1534,1548,1557,1541
5173,2586500,2.7,-3.3,3.4,6.15,3.81,-3.76,363.9,362.5,198.9,400,350,250,1501,1519,1508,1511
5174,2587000,2.9,-3.2,3.3,5.84,3.79,-3.68,365.0,375.2,214.5,400,350,250,1546,1523,1529,1537
5175,2587500,3.0,-3.1,3.2,5.53,3.77,-3.61,368.7,376.7,222.1,400,350,250,1535,1505,1491,1531
5176,2588000,3.1,-3.0,3.1,5.22,3.74,-3.54,375.3,384.7,228.0,400,350,250,1522,1505,1545,1517
5177,2588500,3.2,-2.9,3.0,4.91,3.72,-3.47,382.8,388.7,233.0,400,350,250,1519,1530,1530,1529
5178,2589000,3.4,-2.8,2.9,4.61,3.69,-3.4,375.0,394.3,244.3,400,350,250,1532,1524,1521,1498
5179,2589500,3.5,-2.7,2.8,4.31,3.66,-3.33,377.3,386.8,238.0,400,350,250,1526,1529,1528,1551
5180,2590000,3.6,-2.6,2.8,4.01,3.62,-3.26,377.9,383.0,232.6,400,350,250,1518,1523,1515,1497
5181,2590500,3.7,-2.5,2.7,3.72,3.59,-3.2,373.7,374.8,228.7,400,350,250,1543,1494,1527,1535
5182,2591000,3.7,-2.5,2.6,3.43,3.55,-3.13,366.8,373.5,222.2,400,350,250,1516,1518,1532,1535
5183,2591500,3.8,-2.4,2.5,3.15,3.51,-3.07,356.4,364.6,218.3,400,350,250,1502,1523,1510,1525
5184,2592000,3.9,-2.3,2.5,2.87,3.47,-3.0,344.1,360.8,208.4,400,350,250,1528,1523,1526,1531
5185,2592500,4.0,-2.2,2.4,2.59,3.43,-2.94,349.0,356.6,210.2,400,350,250,1548,1547,1515,1525
5186,2593000,4.0,-2.1,2.3,2.32,3.38,-2.88,343.0,359.5,208.5,400,350,250,1508,1511,1517,1516
5187,2593500,4.1,-2.0,2.2,2.06,3.34,-2.82,352.9,362.3,225.3,400,350,250,1523,1527,1529,1532
5188,2594000,4.1,-1.9,2.2,1.8,3.29,-2.76,355.1,358.7,224.1,400,350,250,1531,1524,1521,1513
5189,2594500,4.2,-1.9,2.1,1.54,3.24,-2.7,366.7,377.0,235.9,400,350,250,1518,1527,1505,1499
5190,2595000,4.2,-1.8,2.0,1.29,3.19,-2.64,367.3,382.6,245.7,400,350,250,1519,1520,1520,1529
5191,2595500,4.2,-1.7,2.0,1.05,3.14,-2.58,372.8,383.0,251.6,400,350,250,1530,1533,1522,1541
5192,2596000,4.2,-1.6,1.9,0.81,3.09,-2.53,370.4,379.8,251.9,400,350,250,1511,1533,1519,1522
5193,2596500,4.2,-1.6,1.8,0.58,3.04,-2.47,369.8,379.1,246.3,400,350,250,1514,1497,1516,1545
5194,2597000,4.3,-1.5,1.8,0.36,2.98,-2.42,362.4,377.0,236.7,400,350,250,1548,1529,1530,1500
5195,2597500,4.3,-1.4,1.7,0.14,2.93,-2.36,354.6,358.9,233.6,400,350,250,1494,1528,1476,1509
5196,2598000,4.3,-1.3,1.7,-0.07,2.88,-2.31,344.1,344.5,223.6,400,350,250,1520,1531,1533,1504
5197,2598500,4.2,-1.3,1.6,-0.28,2.82,-2.26,342.0,356.8,219.7,400,350,250,1511,1540,1533,1531
5198,2599000,4.2,-1.2,1.6,-0.48,2.76,-2.21,338.6,349.6,221.7,400,350,250,1512,1527,1509,1492
5199,2599500,4.2,-1.1,1.5,-0.67,2.71,-2.16,346.2,358.5,216.5,400,350,250,1510,1527,1520,1520
5200,2600000,4.2,-1.1,1.4,-0.86,2.65,-2.11,353.5,351.1,222.3,400,350,250,1505,1494,1514,1512
5201,2600500,4.2,-1.0,1.4,-1.04,2.59,-2.06,350.7,352.0,242.0,400,350,250,1534,1555,1534,1526
5202,2601000,4.1,-0.9,1.3,-1.22,2.54,-2.01,363.2,355.8,237.5,400,350,250,1534,1508,1547,1514
5203,2601500,4.1,-0.9,1.3,-1.38,2.48,-1.96,361.5,368.5,243.2,400,350,250,1510,1548,1535,1513
5204,2602000,4.1,-0.8,1.3,-1.54,2.42,-1.92,374.9,368.6,249.3,400,350,250,1519,1522,1532,1512
5205,2602500,4.0,-0.8,1.2,-1.7,2.36,-1.87,382.3,375.5,248.9,400,350,250,1524,1511,1501,1499
5206,2603000,4.0,-0.7,1.2,-1.84,2.31,-1.83,366.0,374.2,255.8,400,350,250,1515,1515,1531,1526
5207,2603500,3.9,-0.6,1.1,-1.99,2.25,-1.78,368.9,363.8,245.1,400,350,250,1525,1524,1497,1520
5208,2604000,3.9,-0.6,1.1,-2.12,2.19,-1.74,362.3,362.8,248.2,400,350,250,1503,1525,1514,1529
5209,2604500,3.8,-0.5,1.0,-2.25,2.13,-1.7,354.0,352.3,230.4,400,350,250,1523,1536,1532,1539
5210,2605000,3.8,-0.5,1.0,-2.37,2.07,-1.66,365.4,345.4,232.6,400,350,250,1517,1503,1511,1499
5211,2605500,3.7,-0.4,0.9,-2.48,2.02,-1.62,340.5,335.8,231.5,400,350,250,1515,1540,1514,1527
5212,2606000,3.6,-0.4,0.9,-2.59,1.96,-1.58,354.0,341.4,228.1,400,350,250,1518,1521,1504,1548
5213,2606500,3.6,-0.3,0.9,-2.69,1.9,-1.54,350.0,344.0,228.7,400,350,250,1505,1501,1512,1537
5214,2607000,3.5,-0.3,0.8,-2.79,1.85,-1.5,358.7,346.4,236.6,400,350,250,1510,1511,1531,1519
5215,2607500,3.4,-0.2,0.8,-2.88,1.79,-1.46,363.3,343.2,236.2,400,350,250,1509,1494,1520,1533
5216,2608000,3.4,-0.2,0.8,-2.96,1.73,-1.43,367.9,356.7,246.6,400,350,250,1532,1538,1497,1518
5217,2608500,3.3,-0.2,0.7,-3.04,1.68,-1.39,376.6,367.4,257.2,400,350,250,1492,1531,1524,1521
5218,2609000,3.2,-0.1,0.7,-3.11,1.62,-1.35,378.0,369.8,261.4,400,350,250,1495,1528,1553,1518
5219,2609500,3.1,-0.1,0.7,-3.18,1.57,-1.32,384.8,369.5,257.1,400,350,250,1522,1502,1520,1523
5220,2610000,3.0,-0.0,0.6,-3.23,1.52,-1.28,380.8,364.9,253.8,400,350,250,1505,1535,1510,1536
5221,2610500,3.0,-0.0,0.6,-3.29,1.46,-1.25,375.6,364.4,254.5,400,350,250,1548,1495,1520,1496
5222,2611000,2.9,0.0,0.6,-3.34,1.41,-1.22,370.2,351.7,242.2,400,350,250,1512,1509,1534,1522
5223,2611500,2.8,0.1,0.5,-3.38,1.36,-1.19,361.7,343.3,235.5,400,350,250,1507,1539,1525,1531
5224,2612000,2.7,0.1,0.5,-3.42,1.31,-1.15,361.6,335.1,237.0,400,350,250,1504,1510,1507,1519
5225,2612500,2.6,0.1,0.5,-3.45,1.26,-1.12,358.8,341.3,222.5,400,350,250,1517,1531,1501,1515
5226,2613000,2.5,0.2,0.4,-3.48,1.21,-1.09,360.3,331.5,229.3,400,350,250,1544,1503,1519,1516
5227,2613500,2.4,0.2,0.4,-3.5,1.16,-1.06,362.0,331.4,235.1,400,350,250,1503,1528,1536,1537
5228,2614000,2.4,0.2,0.4,-3.51,1.11,-1.03,362.1,339.0,230.8,400,350,250,1510,1507,1528,1513
5229,2614500,2.3,0.2,0.4,-3.53,1.06,-1.0,378.2,347.8,240.6,400,350,250,1534,1536,1523,1506
5230,2615000,2.2,0.3,0.3,-3.53,1.01,-0.98,385.1,350.4,253.3,400,350,250,1495,1505,1540,1524
5231,2615500,2.1,0.3,0.3,-3.54,0.97,-0.95,386.5,351.2,255.5,400,350,250,1514,1516,1497,1553
5232,2616000,2.0,0.3,0.3,-3.53,0.92,-0.92,393.6,367.3,269.4,400,350,250,1532,1533,1537,1512
5233,2616500,1.9,0.3,0.3,-3.53,0.88,-0.89,394.0,356.7,256.7,400,350,250,1520,1517,1533,1507
5234,2617000,1.8,0.4,0.3,-3.52,0.83,-0.87,394.2,361.9,259.2,400,350,250,1532,1523,1526,1506
5235,2617500,1.7,0.4,0.2,-3.5,0.79,-0.84,393.3,353.5,262.1,400,350,250,1475,1512,1537,1518
5236,2618000,1.6,0.4,0.2,-3.49,0.75,-0.82,392.2,349.5,254.6,400,350,250,1502,1495,1500,1497
5237,2618500,1.6,0.4,0.2,-3.47,0.71,-0.79,376.2,343.0,242.3,400,350,250,1525,1494,1501,1491
5238,2619000,1.5,0.4,0.2,-3.44,0.67,-0.77,377.6,333.0,244.5,400,350,250,1540,1511,1532,1494
5239,2619500,1.4,0.4,0.2,-3.41,0.63,-0.75,367.6,335.7,234.8,400,350,250,1507,1540,1524,1517
5240,2620000,1.3,0.5,0.1,-3.38,0.59,-0.72,370.3,335.6,232.0,400,350,250,1517,1498,1513,1507
5241,2620500,1.2,0.5,0.1,-3.34,0.55,-0.7,376.6,334.2,236.5,400,350,250,1519,1533,1510,1511
5242,2621000,1.1,0.5,0.1,-3.31,0.51,-0.68,384.9,337.1,240.0,400,350,250,1507,1529,1501,1483
5243,2621500,1.1,0.5,0.1,-3.26,0.48,-0.66,382.3,337.8,249.0,400,350,250,1513,1505,1508,1532
5244,2622000,1.0,0.5,0.1,-3.22,0.44,-0.64,394.9,345.9,245.5,400,350,250,1527,1528,1525,1512
5245,2622500,0.9,0.5,0.1,-3.17,0.41,-0.62,399.6,353.6,258.0,400,350,250,1506,1515,1492,1514
5246,2623000,0.8,0.5,0.0,-3.12,0.37,-0.6,405.8,356.1,260.4,400,350,250,1497,1526,1508,1515
5247,2623500,0.7,0.5,0.0,-3.07,0.34,-0.58,401.1,355.8,260.7,400,350,250,1517,1506,1491,1536
5248,2624000,0.7,0.5,0.0,-3.02,0.31,-0.56,408.6,360.8,259.6,400,350,250,1512,1534,1486,1516
5249,2624500,0.6,0.6,-0.0,-2.96,0.28,-0.54,405.7,350.0,266.7,400,350,250,1488,1504,1500,1511
5250,2625000,0.5,0.6,-0.0,-2.9,0.25,-0.52,405.2,343.4,257.6,400,350,250,1524,1496,1549,1511
5251,2625500,0.5,0.6,-0.0,-2.85,0.22,-0.5,391.4,345.1,245.6,400,350,250,1501,1526,1502,1524
5252,2626000,0.4,0.6,-0.0,-2.78,0.19,-0.48,393.2,333.2,234.6,400,350,250,1499,1525,1507,1531
5253,2626500,0.3,0.6,-0.1,-2.72,0.16,-0.47,378.2,338.3,238.3,400,350,250,1528,1518,1526,1498
5254,2627000,0.2,0.6,-0.1,-2.66,0.14,-0.45,377.3,331.8,236.6,400,350,250,1490,1515,1522,1531
5255,2627500,0.2,0.6,-0.1,-2.59,0.11,-0.43,386.9,331.5,229.8,400,350,250,1498,1505,1486,1504
5256,2628000,0.1,0.6,-0.1,-2.52,0.09,-0.42,386.3,335.9,238.1,400,350,250,1504,1517,1500,1500
5257,2628500,0.1,0.6,-0.1,-2.45,0.06,-0.4,390.8,335.9,249.1,400,350,250,1515,1504,1529,1525
5258,2629000,-0.0,0.6,-0.1,-2.39,0.04,-0.39,399.7,339.9,252.0,400,350,250,1518,1521,1514,1506
5259,2629500,-0.1,0.6,-0.1,-2.32,0.02,-0.37,406.0,349.1,257.3,400,350,250,1519,1486,1504,1523
5260,2630000,-0.1,0.6,-0.1,-2.24,-0.01,-0.36,408.4,354.3,266.4,400,350,250,1541,1536,1522,1526
5261,2630500,-0.2,0.6,-0.1,-2.17,-0.03,-0.34,417.0,365.6,264.9,400,350,250,1487,1500,1498,1483
5262,2631000,-0.2,0.6,-0.1,-2.1,-0.05,-0.33,417.2,354.2,268.7,400,350,250,1531,1488,1526,1530
5263,2631500,-0.3,0.6,-0.1,-2.03,-0.07,-0.32,411.8,351.3,272.4,400,350,250,1512,1516,1520,1510
5264,2632000,-0.3,0.6,-0.2,-1.95,-0.08,-0.3,408.7,354.2,268.8,400,350,250,1511,1532,1509,1514
5265,2632500,-0.4,0.6,-0.2,-1.88,-0.1,-0.29,406.4,343.5,262.2,400,350,250,1496,1519,1485,1510
5266,2633000,-0.4,0.6,-0.2,-1.81,-0.12,-0.28,401.8,341.7,248.6,400,350,250,1516,1486,1523,1509
5267,2633500,-0.5,0.6,-0.2,-1.73,-0.14,-0.27,397.4,333.8,242.7,400,350,250,1509,1523,1526,1512
5268,2634000,-0.5,0.6,-0.2,-1.66,-0.15,-0.25,392.7,334.1,239.9,400,350,250,1507,1526,1472,1513
5269,2634500,-0.5,0.6,-0.2,-1.59,-0.17,-0.24,394.8,331.0,230.6,400,350,250,1522,1494,1534,1506
5270,2635000,-0.6,0.6,-0.2,-1.51,-0.18,-0.23,395.1,321.8,236.8,400,350,250,1514,1494,1502,1508
5271,2635500,-0.6,0.6,-0.2,-1.44,-0.19,-0.22,392.3,325.6,238.0,400,350,250,1517,1516,1495,1537
5272,2636000,-0.6,0.6,-0.2,-1.37,-0.21,-0.21,396.0,336.8,245.0,400,350,250,1504,1515,1489,1525
5273,2636500,-0.7,0.5,-0.2,-1.3,-0.22,-0.2,413.2,335.5,254.3,400,350,250,1507,1503,1514,1507
5274,2637000,-0.7,0.5,-0.2,-1.23,-0.23,-0.19,414.0,353.4,256.5,400,350,250,1494,1491,1498,1503
5275,2637500,-0.7,0.5,-0.2,-1.16,-0.24,-0.18,417.3,351.1,255.9,400,350,250,1512,1523,1506,1503
5276,2638000,-0.8,0.5,-0.2,-1.09,-0.25,-0.17,424.7,358.1,267.1,400,350,250,1522,1506,1489,1499
5277,2638500,-0.8,0.5,-0.2,-1.02,-0.26,-0.16,427.5,363.8,267.2,400,350,250,1504,1515,1499,1485
5278,2639000,-0.8,0.5,-0.2,-0.95,-0.27,-0.15,422.2,358.7,271.1,400,350,250,1510,1521,1529,1482
5279,2639500,-0.8,0.5,-0.2,-0.88,-0.28,-0.14,411.1,354.1,260.5,400,350,250,1540,1507,1527,1488
5280,2640000,-0.9,0.5,-0.2,-0.81,-0.29,-0.13,410.9,350.8,262.2,400,350,250,1493,1503,1536,1528
5281,2640500,-0.9,0.5,-0.2,-0.75,-0.3,-0.13,411.0,344.0,253.4,400,350,250,1503,1483,1527,1527
5282,2641000,-0.9,0.5,-0.2,-0.68,-0.3,-0.12,394.7,335.5,244.8,400,350,250,1513,1536,1509,1509
5283,2641500,-0.9,0.5,-0.2,-0.62,-0.31,-0.11,394.3,335.3,243.7,400,350,250,1496,1520,1508,1510
5284,2642000,-0.9,0.5,-0.2,-0.56,-0.32,-0.1,393.0,337.0,232.1,400,350,250,1496,1537,1492,1511
5285,2642500,-0.9,0.5,-0.3,-0.49,-0.32,-0.1,395.2,326.4,239.4,400,350,250,1508,1488,1515,1520
5286,2643000,-0.9,0.5,-0.3,-0.43,-0.33,-0.09,395.2,335.5,240.1,400,350,250,1539,1520,1508,1486
5287,2643500,-1.0,0.4,-0.3,-0.37,-0.33,-0.08,404.4,339.1,240.8,400,350,250,1487,1503,1513,1524
5288,2644000,-1.0,0.4,-0.3,-0.32,-0.34,-0.07,411.7,342.6,247.0,400,350,250,1521,1519,1509,1505
5289,2644500,-1.0,0.4,-0.3,-0.26,-0.34,-0.07,413.3,352.6,264.1,400,350,250,1496,1517,1500,1495
5290,2645000,-1.0,0.4,-0.3,-0.21,-0.34,-0.06,415.3,353.9,252.9,400,350,250,1514,1513,1493,1525
5291,2645500,-1.0,0.4,-0.3,-0.15,-0.34,-0.05,422.9,359.0,264.8,400,350,250,1515,1532,1505,1531
5292,2646000,-1.0,0.4,-0.3,-0.1,-0.35,-0.05,422.8,362.2,268.2,400,350,250,1519,1475,1496,1520
5293,2646500,-1.0,0.4,-0.3,-0.05,-0.35,-0.04,425.4,362.4,264.3,400,350,250,1513,1501,1516,1471
5294,2647000,-1.0,0.4,-0.3,0.0,-0.35,-0.04,416.3,362.8,266.2,400,350,250,1498,1521,1504,1495
5295,2647500,-1.0,0.4,-0.3,0.05,-0.35,-0.03,420.0,358.3,259.1,400,350,250,1510,1528,1504,1505
5296,2648000,-1.0,0.4,-0.3,0.1,-0.35,-0.03,413.2,349.9,257.6,400,350,250,1503,1516,1515,1531
5297,2648500,-1.0,0.4,-0.3,0.14,-0.35,-0.02,401.3,343.9,248.1,400,350,250,1501,1492,1505,1503
5298,2649000,-1.0,0.3,-0.3,0.18,-0.35,-0.02,403.0,343.2,240.2,400,350,250,1512,1505,1519,1509
5299,2649500,-1.0,0.3,-0.3,0.23,-0.35,-0.01,392.3,326.5,241.5,400,350,250,1488,1516,1534,1504
5300,2650000,-1.0,0.3,-0.3,0.27,-0.35,-0.01,404.3,332.2,237.0,400,350,250,1508,1493,1519,1510
5301,2650500,-0.9,0.3,-0.3,0.31,-0.35,-0.0,394.6,330.6,235.8,400,350,250,1510,1485,1506,1480
5302,2651000,-0.9,0.3,-0.3,0.34,-0.35,0.0,386.3,332.4,242.2,400,350,250,1535,1544,1529,1514
5303,2651500,-0.9,0.3,-0.3,0.38,-0.35,0.01,399.8,335.1,243.0,400,350,250,1505,1499,1530,1495
5304,2652000,-0.9,0.3,-0.3,0.41,-0.35,0.01,410.9,344.0,252.5,400,350,250,1485,1504,1498,1524
5305,2652500,-0.9,0.3,-0.3,0.45,-0.35,0.01,414.8,351.0,248.3,400,350,250,1503,1502,1499,1513
5306,2653000,-0.9,0.3,-0.3,0.48,-0.34,0.02,415.8,356.3,265.5,400,350,250,1526,1492,1482,1512
5307,2653500,-0.9,0.3,-0.3,0.51,-0.34,0.02,421.0,361.4,260.7,400,350,250,1514,1502,1499,1492
5308,2654000,-0.9,0.3,-0.3,0.54,-0.34,0.03,417.0,352.6,266.4,400,350,250,1520,1507,1534,1498
5309,2654500,-0.9,0.3,-0.3,0.56,-0.34,0.03,428.0,364.2,267.1,400,350,250,1520,1474,1505,1492
5310,2655000,-0.8,0.2,-0.3,0.59,-0.33,0.03,419.4,360.4,266.6,400,350,250,1483,1476,1520,1512
5311,2655500,-0.8,0.2,-0.3,0.61,-0.33,0.03,414.3,354.4,261.7,400,350,250,1508,1519,1484,1493
5312,2656000,-0.8,0.2,-0.3,0.64,-0.33,0.04,409.4,348.5,259.7,400,350,250,1523,1525,1520,1499
5313,2656500,-0.8,0.2,-0.3,0.66,-0.32,0.04,403.3,337.6,249.6,400,350,250,1470,1504,1500,1496
5314,2657000,-0.8,0.2,-0.3,0.68,-0.32,0.04,405.5,342.2,247.0,400,350,250,1523,1524,1496,1471
5315,2657500,-0.8,0.2,-0.3,0.7,-0.32,0.05,398.4,340.9,244.6,400,350,250,1481,1505,1471,1509
5316,2658000,-0.7,0.2,-0.3,0.71,-0.31,0.05,396.7,333.2,240.9,400,350,250,1506,1509,1497,1499
5317,2658500,-0.7,0.2,-0.3,0.73,-0.31,0.05,393.3,333.7,235.7,400,350,250,1495,1497,1523,1491
5318,2659000,-0.7,0.2,-0.3,0.74,-0.3,0.05,398.8,340.2,236.7,400,350,250,1485,1505,1495,1532
5319,2659500,-0.7,0.2,-0.3,0.75,-0.3,0.06,398.6,345.5,242.1,400,350,250,1484,1505,1514,1514
5320,2660000,-0.7,0.2,-0.3,0.77,-0.29,0.06,398.0,350.5,254.7,400,350,250,1535,1484,1497,1528
5321,2660500,-0.6,0.2,-0.2,0.78,-0.29,0.06,407.2,350.2,249.7,400,350,250,1472,1507,1491,1514
5322,2661000,-0.6,0.2,-0.2,0.79,-0.28,0.06,416.7,358.4,258.3,400,350,250,1508,1513,1513,1512
5323,2661500,-0.6,0.1,-0.2,0.79,-0.28,0.06,421.3,355.0,268.9,400,350,250,1473,1509,1488,1491
5324,2662000,-0.6,0.1,-0.2,0.8,-0.28,0.07,411.4,362.4,269.4,400,350,250,1495,1496,1478,1509
5325,2662500,-0.6,0.1,-0.2,0.81,-0.27,0.07,419.1,360.7,255.4,400,350,250,1489,1494,1499,1466
5326,2663000,-0.5,0.1,-0.2,0.81,-0.27,0.07,416.0,365.8,265.0,400,350,250,1518,1492,1490,1533
5327,2663500,-0.5,0.1,-0.2,0.81,-0.26,0.07,416.1,367.0,265.8,400,350,250,1492,1507,1500,1507
5328,2664000,-0.5,0.1,-0.2,0.81,-0.26,0.07,413.4,345.4,260.9,400,350,250,1483,1504,1499,1534
5329,2664500,-0.5,0.1,-0.2,0.82,-0.25,0.07,404.2,351.9,251.9,400,350,250,1494,1497,1506,1524
5330,2665000,-0.5,0.1,-0.2,0.82,-0.24,0.07,399.5,349.7,242.8,400,350,250,1496,1480,1491,1519
5331,2665500,-0.4,0.1,-0.2,0.81,-0.24,0.08,395.4,344.0,239.1,400,350,250,1498,1483,1481,1499
5332,2666000,-0.4,0.1,-0.2,0.81,-0.23,0.08,383.4,340.0,248.6,400,350,250,1482,1484,1495,1492
5333,2666500,-0.4,0.1,-0.2,0.81,-0.23,0.08,393.0,331.7,244.9,400,350,250,1525,1500,1517,1500
5334,2667000,-0.4,0.1,-0.2,0.81,-0.22,0.08,390.9,336.3,239.8,400,350,250,1514,1516,1484,1489
5335,2667500,-0.4,0.1,-0.2,0.8,-0.22,0.08,387.8,336.4,237.1,400,350,250,1498,1490,1496,1484
5336,2668000,-0.3,0.1,-0.2,0.8,-0.21,0.08,396.2,340.1,247.2,400,350,250,1500,1483,1486,1504
5337,2668500,-0.3,0.1,-0.2,0.79,-0.21,0.08,399.1,346.0,247.9,400,350,250,1488,1522,1531,1509
5338,2669000,-0.3,0.1,-0.2,0.78,-0.2,0.08,408.3,353.5,245.4,400,350,250,1487,1470,1511,1503
5339,2669500,-0.3,0.1,-0.2,0.77,-0.2,0.08,408.4,360.8,262.6,400,350,250,1505,1485,1498,1486
5340,2670000,-0.3,0.0,-0.2,0.77,-0.19,0.08,414.8,361.4,267.5,400,350,250,1513,1487,1522,1489
5341,2670500,-0.3,0.0,-0.2,0.76,-0.19,0.08,414.8,364.9,267.1,400,350,250,1519,1511,1480,1469
5342,2671000,-0.2,0.0,-0.2,0.75,-0.18,0.08,413.4,366.5,266.0,400,350,250,1485,1498,1534,1497
5343,2671500,-0.2,0.0,-0.2,0.74,-0.18,0.09,414.7,356.9,257.8,400,350,250,1502,1514,1480,1516
5344,2672000,-0.2,0.0,-0.2,0.72,-0.17,0.09,414.4,365.2,260.1,400,350,250,1485,1473,1479,1510
5345,2672500,-0.2,0.0,-0.2,0.71,-0.17,0.09,408.6,352.8,260.8,400,350,250,1495,1486,1499,1484
5346,2673000,-0.2,0.0,-0.2,0.7,-0.16,0.09,402.4,351.1,257.4,400,350,250,1484,1501,1515,1510
5347,2673500,-0.1,0.0,-0.2,0.69,-0.16,0.09,394.4,340.3,248.3,400,350,250,1486,1497,1495,1514
5348,2674000,-0.1,0.0,-0.2,0.67,-0.15,0.09,387.4,339.6,248.5,400,350,250,1490,1477,1484,1501
5349,2674500,-0.1,0.0,-0.2,0.66,-0.15,0.09,391.8,338.6,234.5,400,350,250,1502,1496,1507,1489
5350,2675000,-0.1,0.0,-0.2,0.65,-0.14,0.09,387.9,333.0,238.6,400,350,250,1507,1496,1522,1501
5351,2675500,-0.1,0.0,-0.2,0.63,-0.14,0.09,386.0,337.4,234.7,400,350,250,1490,1499,1506,1505
5352,2676000,-0.1,-0.0,-0.2,0.62,-0.13,0.09,383.8,339.1,242.8,400,350,250,1489,1488,1494,1485
5353,2676500,-0.0,-0.0,-0.2,0.6,-0.13,0.09,393.7,346.3,244.8,400,350,250,1496,1480,1487,1488
5354,2677000,-0.0,-0.0,-0.2,0.59,-0.12,0.09,388.5,351.6,250.7,400,350,250,1492,1507,1498,1488
5355,2677500,-0.0,-0.0,-0.2,0.57,-0.12,0.09,405.2,342.8,259.2,400,350,250,1501,1502,1497,1485
5356,2678000,-0.0,-0.0,-0.2,0.56,-0.11,0.09,403.8,358.5,256.3,400,350,250,1497,1507,1492,1527
5357,2678500,0.0,-0.0,-0.2,0.54,-0.11,0.09,400.7,360.1,258.8,400,350,250,1475,1479,1477,1496
5358,2679000,0.0,-0.0,-0.2,0.52,-0.1,0.09,412.2,360.3,266.2,400,350,250,1494,1511,1479,1494
5359,2679500,0.0,-0.0,-0.2,0.51,-0.1,0.09,419.4,372.2,262.6,400,350,250,1461,1495,1480,1497
5360,2680000,0.0,-0.0,-0.2,0.49,-0.09,0.09,410.8,362.5,268.4,400,350,250,1516,1488,1482,1510
5361,2680500,0.1,-0.0,-0.2,0.47,-0.09,0.09,407.0,364.1,262.5,400,350,250,1480,1514,1504,1492
5362,2681000,0.1,-0.0,-0.2,0.46,-0.09,0.09,410.2,357.4,259.2,400,350,250,1504,1490,1532,1501
5363,2681500,0.1,-0.0,-0.2,0.44,-0.08,0.09,398.7,348.0,259.2,400,350,250,1508,1486,1518,1492
5364,2682000,0.1,-0.0,-0.2,0.42,-0.08,0.09,405.1,344.3,239.1,400,350,250,1487,1496,1492,1492
5365,2682500,0.1,-0.0,-0.2,0.41,-0.07,0.09,393.5,339.2,240.8,400,350,250,1512,1481,1505,1496
5366,2683000,0.1,-0.0,-0.2,0.39,-0.07,0.09,391.0,337.5,238.2,400,350,250,1487,1525,1510,1483
5367,2683500,0.1,-0.0,-0.2,0.37,-0.07,0.08,390.8,339.8,236.6,400,350,250,1484,1506,1481,1470
5368,2684000,0.1,-0.0,-0.2,0.35,-0.06,0.08,385.3,334.3,233.2,400,350,250,1477,1479,1490,1443
5369,2684500,0.1,-0.0,-0.2,0.34,-0.06,0.08,383.1,334.3,234.8,400,350,250,1468,1516,1503,1492
5370,2685000,0.1,-0.0,-0.1,0.32,-0.06,0.08,390.7,343.7,237.8,400,350,250,1497,1501,1533,1493
5371,2685500,0.2,-0.0,-0.1,0.3,-0.05,0.08,384.6,338.1,240.2,400,350,250,1498,1522,1509,1486
5372,2686000,0.2,-0.0,-0.1,0.29,-0.05,0.08,394.1,342.7,244.7,400,350,250,1469,1509,1502,1455
5373,2686500,0.2,-0.0,-0.1,0.27,-0.05,0.08,406.4,355.6,263.0,400,350,250,1488,1501,1475,1477
5374,2687000,0.2,-0.0,-0.1,0.26,-0.04,0.08,404.7,359.1,255.9,400,350,250,1530,1483,1488,1514
5375,2687500,0.2,-0.0,-0.1,0.24,-0.04,0.08,407.8,361.7,263.3,400,350,250,1490,1485,1457,1463
5376,2688000,0.2,-0.0,-0.1,0.22,-0.04,0.08,411.5,361.0,263.6,400,350,250,1497,1497,1492,1487
5377,2688500,0.2,-0.0,-0.1,0.21,-0.03,0.08,413.0,358.7,265.8,400,350,250,1484,1488,1485,1502
5378,2689000,0.2,-0.1,-0.1,0.19,-0.03,0.08,407.8,365.2,266.6,400,350,250,1494,1522,1484,1477
5379,2689500,0.2,-0.1,-0.1,0.18,-0.03,0.08,403.4,364.0,266.2,400,350,250,1520,1497,1519,1475
5380,2690000,0.2,-0.1,-0.1,0.16,-0.02,0.08,407.0,361.8,257.1,400,350,250,1517,1480,1493,1506
5381,2690500,0.2,-0.1,-0.1,0.15,-0.02,0.08,405.1,365.8,251.0,400,350,250,1502,1485,1500,1472
5382,2691000,0.2,-0.1,-0.1,0.13,-0.02,0.08,390.4,351.6,255.2,400,350,250,1479,1502,1472,1473
5383,2691500,0.2,-0.1,-0.1,0.12,-0.02,0.08,383.6,342.9,248.4,400,350,250,1501,1484,1482,1495
5384,2692000,0.2,-0.1,-0.1,0.1,-0.01,0.08,387.5,342.0,235.6,400,350,250,1465,1459,1509,1486
5385,2692500,0.2,-0.1,-0.1,0.09,-0.01,0.08,388.2,343.6,235.2,400,350,250,1494,1491,1487,1484
5386,2693000,0.2,-0.1,-0.1,0.08,-0.01,0.07,383.0,335.2,244.5,400,350,250,1468,1509,1484,1469
5387,2693500,0.2,-0.1,-0.1,0.06,-0.01,0.07,384.9,335.3,241.7,400,350,250,1478,1477,1474,1494
5388,2694000,0.2,-0.1,-0.1,0.05,-0.0,0.07,389.8,341.7,243.4,400,350,250,1488,1481,1488,1493
5389,2694500,0.2,-0.1,-0.1,0.04,-0.0,0.07,382.3,342.9,235.5,400,350,250,1485,1484,1459,1466
5390,2695000,0.2,-0.1,-0.1,0.03,-0.0,0.07,389.3,339.1,246.0,400,350,250,1503,1504,1486,1486
5391,2695500,0.2,-0.1,-0.1,0.01,0.0,0.07,397.8,352.5,255.4,400,350,250,1501,1494,1464,1492
5392,2696000,0.2,-0.1,-0.1,0.0,0.0,0.07,397.8,350.1,255.5,400,350,250,1504,1512,1473,1466
5393,2696500,0.2,-0.1,-0.1,-0.01,0.01,0.07,405.9,359.9,257.5,400,350,250,1500,1479,1479,1489
5394,2697000,0.2,-0.1,-0.1,-0.02,0.01,0.07,399.5,365.0,264.0,400,350,250,1501,1467,1486,1464
5395,2697500,0.2,-0.1,-0.1,-0.03,0.01,0.07,405.8,366.6,260.4,400,350,250,1483,1496,1479,1487
5396,2698000,0.2,-0.1,-0.1,-0.04,0.01,0.07,408.7,362.8,266.5,400,350,250,1502,1480,1485,1478
5397,2698500,0.2,-0.1,-0.1,-0.05,0.01,0.07,409.9,370.1,257.9,400,350,250,1485,1484,1490,1486
5398,2699000,0.2,-0.1,-0.1,-0.06,0.01,0.07,414.6,359.9,267.5,400,350,250,1474,1501,1509,1479
5399,2699500,0.2,-0.1,-0.1,-0.07,0.01,0.07,402.3,360.9,261.7,400,350,250,1487,1483,1469,1517
5400,2700000,0.2,-0.1,-0.1,-0.08,0.02,0.07,399.3,351.2,262.4,400,350,250,1475,1497,1489,1469
5401,2700500,0.2,-0.1,-0.1,-0.08,0.02,0.06,396.0,355.0,251.7,400,350,250,1481,1474,1489,1475
5402,2701000,0.2,-0.1,-0.1,-0.09,0.02,0.06,393.8,348.4,244.4,400,350,250,1502,1497,1482,1489
5403,2701500,0.2,-0.1,-0.1,-0.1,0.02,0.06,394.6,349.1,242.2,400,350,250,1504,1488,1480,1482
5404,2702000,0.2,-0.0,-0.1,-0.11,0.02,0.06,390.5,333.1,241.6,400,350,250,1492,1500,1479,1497
5405,2702500,0.2,-0.0,-0.1,-0.12,0.02,0.06,385.1,339.6,239.5,400,350,250,1474,1468,1499,1491
5406,2703000,0.2,-0.0,-0.1,-0.12,0.02,0.06,380.5,332.2,233.4,400,350,250,1485,1480,1482,1518
5407,2703500,0.2,-0.0,-0.1,-0.13,0.02,0.06,379.4,344.0,236.3,400,350,250,1468,1489,1492,1499
5408,2704000,0.2,-0.0,-0.1,-0.13,0.02,0.06,384.5,333.3,244.0,400,350,250,1484,1469,1472,1490
5409,2704500,0.2,-0.0,-0.1,-0.14,0.03,0.06,388.2,346.0,246.7,400,350,250,1455,1497,1482,1492
5410,2705000,0.2,-0.0,-0.1,-0.15,0.03,0.06,397.4,347.5,240.7,400,350,250,1492,1465,1473,1503
5411,2705500,0.2,-0.0,-0.1,-0.15,0.03,0.06,403.8,355.0,255.4,400,350,250,1492,1497,1490,1512
5412,2706000,0.2,-0.0,-0.1,-0.15,0.03,0.06,403.1,353.6,257.2,400,350,250,1497,1459,1500,1489
5413,2706500,0.2,-0.0,-0.1,-0.16,0.03,0.06,413.2,353.8,264.9,400,350,250,1455,1479,1471,1497
5414,2707000,0.2,-0.0,-0.1,-0.16,0.03,0.06,417.3,356.2,259.2,400,350,250,1528,1491,1500,1495
5415,2707500,0.2,-0.0,-0.1,-0.17,0.03,0.05,403.3,361.3,261.6,400,350,250,1490,1451,1480,1473
5416,2708000,0.2,-0.0,-0.1,-0.17,0.03,0.05,415.4,370.5,261.3,400,350,250,1454,1479,1483,1466
5417,2708500,0.2,-0.0,-0.1,-0.17,0.03,0.05,413.8,366.9,253.8,400,350,250,1460,1464,1477,1476
5418,2709000,0.2,-0.0,-0.1,-0.18,0.03,0.05,405.0,361.6,261.8,400,350,250,1495,1487,1486,1502
5419,2709500,0.2,-0.0,-0.1,-0.18,0.03,0.05,413.7,360.3,261.9,400,350,250,1476,1474,1475,1487
5420,2710000,0.1,-0.0,-0.1,-0.18,0.03,0.05,391.9,356.0,253.7,400,350,250,1484,1475,1468,1502
5421,2710500,0.1,-0.0,-0.1,-0.18,0.03,0.05,395.9,349.8,244.3,400,350,250,1487,1493,1468,1482
5422,2711000,0.1,-0.0,-0.1,-0.18,0.03,0.05,395.6,348.1,250.1,400,350,250,1474,1462,1442,1479
5423,2711500,0.1,-0.0,-0.1,-0.19,0.03,0.05,395.0,346.0,239.5,400,350,250,1493,1502,1466,1484
5424,2712000,0.1,-0.0,-0.1,-0.19,0.03,0.05,386.0,339.0,244.9,400,350,250,1487,1488,1499,1499
5425,2712500,0.1,-0.0,-0.1,-0.19,0.03,0.05,386.7,339.4,239.3,400,350,250,1491,1493,1496,1499
5426,2713000,0.1,-0.0,-0.1,-0.19,0.03,0.05,385.0,342.7,237.1,400,350,250,1486,1488,1503,1482
5427,2713500,0.1,-0.0,-0.1,-0.19,0.03,0.05,383.1,338.7,231.6,400,350,250,1477,1488,1486,1487
5428,2714000,0.1,-0.0,-0.1,-0.19,0.03,0.05,389.9,333.1,238.9,400,350,250,1490,1489,1470,1502
5429,2714500,0.1,-0.0,-0.1,-0.19,0.03,0.04,394.3,346.9,241.1,400,350,250,1495,1487,1510,1481
5430,2715000,0.1,-0.0,-0.1,-0.19,0.03,0.04,394.1,345.9,257.1,400,350,250,1478,1466,1452,1475
5431,2715500,0.1,-0.0,-0.1,-0.19,0.03,0.04,397.3,352.3,255.0,400,350,250,1480,1507,1496,1496
5432,2716000,0.1,-0.0,-0.1,-0.19,0.03,0.04,409.3,357.4,260.3,400,350,250,1484,1485,1478,1472
5433,2716500,0.1,-0.0,-0.0,-0.19,0.03,0.04,408.7,356.0,262.8,400,350,250,1508,1465,1506,1479
5434,2717000,0.1,-0.0,-0.0,-0.18,0.03,0.04,415.1,363.1,264.5,400,350,250,1465,1476,1472,1476
5435,2717500,0.1,-0.0,-0.0,-0.18,0.03,0.04,412.0,360.2,262.4,400,350,250,1462,1491,1493,1447
5436,2718000,0.1,-0.0,-0.0,-0.18,0.03,0.04,415.6,365.2,261.4,400,350,250,1494,1465,1487,1476
5437,2718500,0.1,-0.0,-0.0,-0.18,0.03,0.04,414.7,362.1,265.6,400,350,250,1484,1501,1500,1494
5438,2719000,0.1,-0.0,-0.0,-0.18,0.03,0.04,407.5,360.2,270.6,400,350,250,1460,1485,1475,1504
5439,2719500,0.1,-0.0,-0.0,-0.18,0.03,0.04,405.9,363.6,253.0,400,350,250,1469,1467,1465,1473
5440,2720000,0.1,-0.0,-0.0,-0.17,0.03,0.04,398.0,356.2,250.1,400,350,250,1496,1488,1494,1454
5441,2720500,0.1,-0.0,-0.0,-0.17,0.03,0.04,406.7,342.2,245.5,400,350,250,1452,1478,1452,1473
5442,2721000,0.0,-0.0,-0.0,-0.17,0.03,0.04,393.4,341.2,249.0,400,350,250,1474,1490,1466,1465
5443,2721500,0.0,-0.0,-0.0,-0.17,0.03,0.04,390.2,349.8,239.5,400,350,250,1468,1488,1462,1440
5444,2722000,0.0,-0.0,-0.0,-0.16,0.03,0.04,388.2,339.0,235.8,400,350,250,1469,1483,1452,1485
5445,2722500,0.0,-0.0,-0.0,-0.16,0.03,0.03,391.1,336.4,233.8,400,350,250,1484,1497,1474,1484
5446,2723000,0.0,-0.0,-0.0,-0.16,0.03,0.03,389.9,343.2,241.3,400,350,250,1464,1458,1479,1494
5447,2723500,0.0,-0.0,-0.0,-0.15,0.03,0.03,385.2,337.3,236.5,400,350,250,1477,1462,1480,1492
5448,2724000,0.0,-0.0,-0.0,-0.15,0.03,0.03,384.9,342.7,232.0,400,350,250,1459,1467,1492,1493
5449,2724500,0.0,-0.0,-0.0,-0.15,0.03,0.03,390.7,344.1,246.6,400,350,250,1482,1478,1471,1476
5450,2725000,0.0,-0.0,-0.0,-0.14,0.03,0.03,391.5,345.4,244.2,400,350,250,1470,1492,1461,1480
5451,2725500,0.0,-0.0,-0.0,-0.14,0.03,0.03,394.9,345.3,252.8,400,350,250,1477,1499,1484,1461
5452,2726000,0.0,-0.0,-0.0,-0.14,0.03,0.03,403.0,350.2,253.5,400,350,250,1497,1464,1467,1471
5453,2726500,0.0,-0.0,-0.0,-0.13,0.03,0.03,402.8,358.4,253.8,400,350,250,1477,1462,1479,1461
5454,2727000,0.0,-0.0,-0.0,-0.13,0.03,0.03,404.2,350.7,259.2,400,350,250,1458,1482,1473,1466
5455,2727500,-0.0,-0.0,-0.0,-0.13,0.02,0.03,411.4,357.0,262.9,400,350,250,1449,1466,1473,1466
5456,2728000,-0.0,-0.0,-0.0,-0.12,0.02,0.03,413.7,358.8,262.7,400,350,250,1450,1435,1499,1472
5457,2728500,-0.0,-0.0,-0.0,-0.12,0.02,0.03,405.9,361.8,261.9,400,350,250,1448,1498,1478,1476
5458,2729000,-0.0,-0.0,-0.0,-0.11,0.02,0.03,409.9,364.8,265.6,400,350,250,1468,1440,1490,1478
5459,2729500,-0.0,-0.0,-0.0,-0.11,0.02,0.03,409.6,364.7,260.6,400,350,250,1470,1476,1483,1489
5460,2730000,-0.0,-0.0,-0.0,-0.11,0.02,0.03,417.0,362.2,256.7,400,350,250,1444,1481,1450,1454
5461,2730500,-0.0,-0.0,-0.0,-0.1,0.02,0.03,399.6,358.3,261.5,400,350,250,1469,1448,1453,1448
5462,2731000,-0.0,-0.0,-0.0,-0.1,0.02,0.03,410.3,350.0,247.1,400,350,250,1505,1485,1474,1450
5463,2731500,-0.0,-0.0,-0.0,-0.09,0.02,0.03,394.2,348.4,260.9,400,350,250,1473,1459,1472,1457
5464,2732000,-0.0,-0.0,-0.0,-0.09,0.02,0.03,395.4,335.2,254.0,400,350,250,1456,1475,1458,1479
5465,2732500,-0.0,-0.0,-0.0,-0.09,0.02,0.02,386.3,337.3,247.7,400,350,250,1471,1480,1455,1482
5466,2733000,-0.0,-0.0,-0.0,-0.08,0.02,0.02,396.3,341.4,237.4,400,350,250,1462,1457,1472,1467
5467,2733500,-0.0,-0.0,-0.0,-0.08,0.02,0.02,382.9,332.6,232.5,400,350,250,1448,1470,1440,1484
5468,2734000,-0.0,-0.0,-0.0,-0.08,0.02,0.02,390.4,340.9,233.8,400,350,250,1467,1468,1466,1469
5469,2734500,-0.0,-0.0,-0.0,-0.07,0.02,0.02,383.5,336.6,240.5,400,350,250,1496,1490,1478,1489
5470,2735000,-0.0,-0.0,-0.0,-0.07,0.02,0.02,387.8,341.1,235.9,400,350,250,1457,1456,1476,1513
5471,2735500,-0.0,-0.0,-0.0,-0.06,0.02,0.02,390.6,335.2,240.3,400,350,250,1502,1469,1465,1483
5472,2736000,-0.0,-0.0,-0.0,-0.06,0.02,0.02,402.7,347.1,240.5,400,350,250,1477,1467,1462,1478
5473,2736500,-0.0,-0.0,-0.0,-0.06,0.02,0.02,398.0,345.9,241.5,400,350,250,1473,1479,1445,1473
5474,2737000,-0.0,-0.0,-0.0,-0.05,0.02,0.02,400.8,355.0,253.2,400,350,250,1450,1484,1452,1459
5475,2737500,-0.0,-0.0,-0.0,-0.05,0.02,0.02,397.3,350.2,244.6,400,350,250,1456,1454,1469,1468
5476,2738000,-0.0,-0.0,-0.0,-0.05,0.01,0.02,407.2,355.6,257.4,400,350,250,1464,1484,1474,1475
5477,2738500,-0.0,-0.0,-0.0,-0.04,0.01,0.02,417.4,360.9,263.8,400,350,250,1466,1439,1460,1469
5478,2739000,-0.0,-0.0,-0.0,-0.04,0.01,0.02,410.7,359.6,261.9,400,350,250,1480,1461,1481,1471
5479,2739500,-0.0,-0.0,-0.0,-0.04,0.01,0.02,411.4,368.3,262.8,400,350,250,1484,1461,1453,1463
5480,2740000,-0.0,-0.0,-0.0,-0.03,0.01,0.02,415.4,366.2,258.4,400,350,250,1454,1468,1479,1469
5481,2740500,-0.0,-0.0,-0.0,-0.03,0.01,0.02,405.6,363.4,272.4,400,350,250,1495,1467,1480,1477
5482,2741000,-0.0,0.0,-0.0,-0.03,0.01,0.02,410.5,360.1,256.2,400,350,250,1451,1479,1481,1475
5483,2741500,-0.1,0.0,-0.0,-0.02,0.01,0.02,407.7,359.6,257.3,400,350,250,1425,1455,1479,1464
5484,2742000,-0.1,0.0,-0.0,-0.02,0.01,0.02,408.0,345.7,243.2,400,350,250,1459,1453,1489,1498
5485,2742500,-0.1,0.0,-0.0,-0.02,0.01,0.02,406.9,349.7,255.2,400,350,250,1501,1449,1458,1481
5486,2743000,-0.1,0.0,-0.0,-0.01,0.01,0.02,402.4,345.3,249.9,400,350,250,1474,1444,1480,1472
5487,2743500,-0.1,0.0,-0.0,-0.01,0.01,0.02,397.6,348.1,242.6,400,350,250,1458,1452,1464,1472
5488,2744000,-0.1,0.0,-0.0,-0.01,0.01,0.02,394.9,341.5,240.0,400,350,250,1461,1455,1455,1468
5489,2744500,-0.1,0.0,-0.0,-0.0,0.01,0.02,387.5,335.1,235.4,400,350,250,1488,1480,1460,1484
5490,2745000,-0.1,0.0,-0.0,-0.0,0.01,0.01,391.5,340.0,237.8,400,350,250,1463,1476,1436,1487
5491,2745500,-0.1,0.0,-0.0,0.0,0.01,0.01,389.4,333.0,241.2,400,350,250,1473,1475,1454,1452
5492,2746000,-0.1,0.0,-0.0,0.0,0.01,0.01,392.9,338.0,241.4,400,350,250,1467,1464,1440,1492
5493,2746500,-0.1,0.0,-0.0,0.01,0.01,0.01,383.7,334.0,230.0,400,350,250,1455,1487,1469,1442
5494,2747000,-0.1,0.0,-0.0,0.01,0.01,0.01,382.5,342.5,242.8,400,350,250,1458,1470,1457,1483
5495,2747500,-0.1,0.0,-0.0,0.01,0.01,0.01,390.9,344.3,238.1,400,350,250,1486,1457,1464,1470
5496,2748000,-0.1,0.0,-0.0,0.01,0.01,0.01,397.6,345.4,244.6,400,350,250,1478,1491,1465,1469
5497,2748500,-0.1,0.0,-0.0,0.01,0.01,0.01,403.0,358.3,247.1,400,350,250,1453,1458,1455,1469
5498,2749000,-0.1,0.0,-0.0,0.02,0.01,0.01,402.8,356.4,257.6,400,350,250,1441,1475,1449,1460
5499,2749500,-0.0,0.0,-0.0,0.02,0.01,0.01,399.6,356.5,258.8,400,350,250,1467,1470,1445,1463
5500,2750000,-80.0,-69.9,-50.0,3.94,2.53,0.81,408.1,357.6,262.6,-400,-350,-250,1451,1477,1469,1468
5501,2750500,-79.8,-69.8,-49.9,7.74,4.95,1.58,409.8,359.6,255.1,-400,-350,-250,1491,1493,1467,1472
5502,2751000,-79.5,-69.6,-49.9,11.42,7.29,2.33,403.4,371.7,257.2,-400,-350,-250,1485,1472,1494,1464
5503,2751500,-79.1,-69.4,-49.8,14.98,9.53,3.05,403.2,356.1,260.2,-400,-350,-250,1459,1466,1486,1454
5504,2752000,-78.6,-69.1,-49.7,18.42,11.69,3.74,395.9,354.5,262.0,-400,-350,-250,1464,1463,1456,1490
5505,2752500,-78.1,-68.8,-49.6,21.73,13.75,4.41,391.6,353.2,258.7,-400,-350,-250,1470,1427,1443,1439
5506,2753000,-77.5,-68.4,-49.5,24.92,15.73,5.05,385.9,345.4,256.4,-400,-350,-250,1452,1491,1468,1434
5507,2753500,-76.8,-67.9,-49.3,27.98,17.63,5.67,375.4,339.2,251.7,-400,-350,-250,1466,1466,1471,1464
5508,2754000,-76.0,-67.4,-49.2,30.92,19.44,6.27,369.9,333.5,248.2,-400,-350,-250,1459,1451,1468,1460
5509,2754500,-75.2,-66.9,-49.0,33.73,21.17,6.84,355.6,327.2,240.3,-400,-350,-250,1465,1462,1473,1449
5510,2755000,-74.2,-66.3,-48.8,36.42,22.81,7.4,345.0,319.8,232.2,-400,-350,-250,1470,1470,1483,1491
5511,2755500,-73.3,-65.7,-48.6,38.99,24.38,7.93,328.9,304.4,232.8,-400,-350,-250,1457,1480,1444,1475
5512,2756000,-72.2,-65.1,-48.4,41.44,25.87,8.43,311.7,291.5,225.2,-400,-350,-250,1473,1470,1441,1444
5513,2756500,-71.1,-64.4,-48.2,43.76,27.28,8.92,305.2,288.2,219.3,-400,-350,-250,1479,1457,1448,1454
5514,2757000,-70.0,-63.7,-48.0,45.96,28.62,9.39,292.4,272.8,207.7,-400,-350,-250,1456,1437,1477,1456
5515,2757500,-68.8,-62.9,-47.7,48.03,29.88,9.84,266.4,271.5,218.2,-400,-350,-250,1464,1469,1446,1453
5516,2758000,-67.5,-62.2,-47.5,49.99,31.07,10.27,264.5,259.1,219.3,-400,-350,-250,1466,1460,1483,1490
5517,2758500,-66.2,-61.4,-47.2,51.83,32.19,10.68,248.4,253.7,215.1,-400,-350,-250,1466,1460,1474,1468
5518,2759000,-64.9,-60.5,-46.9,53.56,33.24,11.07,241.6,236.4,206.5,-400,-350,-250,1480,1478,1445,1440
5519,2759500,-63.5,-59.7,-46.6,55.16,34.22,11.44,227.1,235.9,210.9,-400,-350,-250,1460,1465,1452,1454
5520,2760000,-62.1,-58.8,-46.3,56.65,35.13,11.8,220.2,222.9,206.8,-400,-350,-250,1431,1477,1481,1502
5521,2760500,-60.7,-57.9,-46.0,58.03,35.99,12.14,206.9,229.6,203.9,-400,-350,-250,1440,1457,1455,1485
5522,2761000,-59.2,-57.0,-45.7,59.3,36.77,12.46,189.8,219.9,200.0,-400,-350,-250,1477,1474,1476,1455
5523,2761500,-57.7,-56.0,-45.4,60.45,37.5,12.77,176.3,213.9,209.0,-400,-350,-250,1410,1455,1478,1484
5524,2762000,-56.1,-55.1,-45.1,61.5,38.17,13.06,155.6,200.6,206.9,-400,-350,-250,1453,1479,1450,1444
5525,2762500,-54.6,-54.1,-44.7,62.44,38.78,13.34,149.4,200.7,204.0,-400,-350,-250,1463,1460,1457,1446
5526,2763000,-53.0,-53.1,-44.4,63.28,39.33,13.6,145.7,196.0,206.2,-400,-350,-250,1437,1455,1459,1461
5527,2763500,-51.4,-52.1,-44.1,64.02,39.83,13.85,127.7,182.7,205.7,-400,-350,-250,1461,1436,1465,1433
5528,2764000,-49.8,-51.1,-43.7,64.65,40.27,14.09,112.2,170.6,208.8,-400,-350,-250,1458,1450,1467,1447
5529,2764500,-48.1,-50.1,-43.3,65.19,40.66,14.31,89.3,161.5,196.4,-400,-350,-250,1472,1449,1455,1447
5530,2765000,-46.5,-49.1,-43.0,65.63,41.0,14.51,73.4,145.3,187.5,-400,-350,-250,1458,1439,1473,1471
5531,2765500,-44.8,-48.0,-42.6,65.98,41.29,14.71,65.1,142.2,186.1,-400,-350,-250,1465,1457,1458,1477
5532,2766000,-43.2,-47.0,-42.2,66.24,41.53,14.89,44.7,128.5,184.2,-400,-350,-250,1464,1457,1485,1479
5533,2766500,-41.5,-46.0,-41.9,66.41,41.73,15.06,20.7,113.3,177.4,-400,-350,-250,1457,1463,1461,1462
5534,2767000,-39.9,-44.9,-41.5,66.49,41.88,15.22,0.4,101.1,169.2,-400,-350,-250,1456,1454,1454,1457
5535,2767500,-38.2,-43.9,-41.1,66.49,41.99,15.36,-15.8,92.8,163.2,-400,-350,-250,1458,1426,1453,1472
5536,2768000,-36.5,-42.8,-40.7,66.41,42.06,15.5,-35.4,83.7,151.5,-400,-350,-250,1437,1450,1450,1460
5537,2768500,-34.9,-41.8,-40.3,66.25,42.09,15.62,-56.7,67.1,143.1,-400,-350,-250,1480,1456,1475,1456
5538,2769000,-33.2,-40.7,-39.9,66.01,42.08,15.74,-77.5,44.5,141.6,-400,-350,-250,1458,1458,1437,1484
5539,2769500,-31.6,-39.7,-39.5,65.7,42.03,15.84,-91.3,37.5,135.0,-400,-350,-250,1455,1462,1469,1464
5540,2770000,-30.0,-38.6,-39.1,65.31,41.94,15.93,-109.7,33.9,128.4,-400,-350,-250,1459,1454,1449,1454
5541,2770500,-28.3,-37.6,-38.7,64.86,41.82,16.02,-131.3,12.5,124.3,-400,-350,-250,1443,1480,1444,1443
5542,2771000,-26.7,-36.5,-38.3,64.34,41.67,16.09,-144.5,0.2,119.1,-400,-350,-250,1470,1471,1457,1492
5543,2771500,-25.1,-35.5,-37.9,63.76,41.48,16.16,-161.7,-1.8,114.1,-400,-350,-250,1442,1449,1466,1462
5544,2772000,-23.6,-34.5,-37.5,63.12,41.27,16.22,-173.0,-17.0,114.9,-400,-350,-250,1451,1439,1457,1437
5545,2772500,-22.0,-33.4,-37.1,62.42,41.02,16.27,-184.6,-29.5,111.6,-400,-350,-250,1427,1429,1472,1468
5546,2773000,-20.5,-32.4,-36.7,61.66,40.75,16.31,-207.0,-37.5,111.0,-400,-350,-250,1418,1466,1450,1459
5547,2773500,-18.9,-31.4,-36.3,60.85,40.45,16.34,-223.2,-42.8,109.5,-400,-350,-250,1465,1460,1455,1435
5548,2774000,-17.4,-30.4,-35.9,59.99,40.12,16.37,-231.2,-46.0,105.0,-400,-350,-250,1439,1451,1466,1476
5549,2774500,-16.0,-29.4,-35.5,59.08,39.77,16.38,-240.9,-58.3,101.5,-400,-350,-250,1444,1451,1435,1460
5550,2775000,-14.5,-28.4,-35.1,58.13,39.4,16.39,-254.0,-62.1,101.6,-400,-350,-250,1450,1431,1438,1455
5551,2775500,-13.1,-27.4,-34.7,57.13,39.01,16.4,-265.5,-63.8,102.2,-400,-350,-250,1450,1446,1440,1471
5552,2776000,-11.7,-26.5,-34.3,56.09,38.59,16.39,-283.8,-77.8,100.9,-400,-350,-250,1448,1458,1458,1456
5553,2776500,-10.3,-25.5,-33.8,55.01,38.15,16.39,-279.2,-86.0,99.0,-400,-350,-250,1450,1476,1469,1467
5554,2777000,-9.0,-24.6,-33.4,53.9,37.7,16.37,-298.2,-90.0,92.1,-400,-350,-250,1447,1428,1435,1455
5555,2777500,-7.6,-23.7,-33.0,52.75,37.23,16.35,-312.5,-105.6,81.2,-400,-350,-250,1464,1435,1440,1450
5556,2778000,-6.3,-22.7,-32.6,51.58,36.74,16.32,-316.9,-106.8,92.3,-400,-350,-250,1448,1441,1416,1443
5557,2778500,-5.1,-21.8,-32.2,50.37,36.23,16.29,-337.5,-115.4,87.5,-400,-350,-250,1481,1473,1433,1448
5558,2779000,-3.9,-20.9,-31.8,49.14,35.72,16.25,-348.6,-127.5,80.5,-400,-350,-250,1427,1449,1468,1433
5559,2779500,-2.7,-20.1,-31.4,47.89,35.18,16.21,-366.4,-135.2,80.2,-400,-350,-250,1432,1463,1456,1441
5560,2780000,-1.5,-19.2,-31.0,46.61,34.64,16.16,-381.7,-150.9,75.0,-400,-350,-250,1440,1445,1429,1463
5561,2780500,-0.4,-18.3,-30.6,45.31,34.08,16.1,-393.5,-158.5,68.2,-400,-350,-250,1474,1443,1459,1454
5562,2781000,0.7,-17.5,-30.2,44.0,33.52,16.05,-403.3,-181.1,54.7,-400,-350,-250,1446,1484,1438,1426
5563,2781500,1.8,-16.7,-29.8,42.67,32.94,15.98,-416.2,-179.0,46.7,-400,-350,-250,1455,1451,1450,1480
5564,2782000,2.8,-15.9,-29.4,41.33,32.35,15.92,-432.0,-201.0,35.7,-400,-350,-250,1440,1446,1444,1479
5565,2782500,3.8,-15.1,-29.0,39.97,31.76,15.85,-442.3,-215.1,33.0,-400,-350,-250,1451,1453,1471,1436
5566,2783000,4.8,-14.3,-28.6,38.61,31.16,15.77,-446.1,-221.1,27.8,-400,-350,-250,1443,1422,1462,1452
5567,2783500,5.7,-13.5,-28.2,37.24,30.55,15.69,-463.6,-225.8,15.8,-400,-350,-250,1468,1455,1460,1447
5568,2784000,6.6,-12.8,-27.8,35.86,29.94,15.61,-486.8,-233.0,24.0,-400,-350,-250,1451,1424,1447,1478
5569,2784500,7.5,-12.1,-27.4,34.48,29.32,15.52,-482.6,-246.1,13.6,-400,-350,-250,1439,1488,1456,1435
5570,2785000,8.3,-11.3,-27.0,33.1,28.7,15.44,-491.5,-243.6,13.7,-400,-350,-250,1414,1469,1444,1478
5571,2785500,9.1,-10.6,-26.7,31.72,28.07,15.34,-497.1,-254.4,6.9,-400,-350,-250,1442,1466,1464,1436
5572,2786000,9.9,-9.9,-26.3,30.34,27.45,15.25,-513.5,-258.2,1.2,-400,-350,-250,1450,1437,1434,1487
5573,2786500,10.6,-9.3,-25.9,28.97,26.82,15.15,-514.3,-268.2,2.3,-400,-350,-250,1460,1457,1437,1454
5574,2787000,11.3,-8.6,-25.5,27.6,26.19,15.05,-522.3,-278.0,-13.5,-400,-350,-250,1456,1419,1454,1421
5575,2787500,11.9,-8.0,-25.2,26.23,25.55,14.95,-528.0,-276.3,-7.2,-400,-350,-250,1473,1453,1447,1446
5576,2788000,12.6,-7.4,-24.8,24.88,24.92,14.84,-533.2,-284.0,-14.7,-400,-350,-250,1468,1458,1438,1465
5577,2788500,13.1,-6.8,-24.4,23.53,24.29,14.73,-534.2,-287.5,-16.9,-400,-350,-250,1418,1461,1450,1433
5578,2789000,13.7,-6.2,-24.0,22.19,23.66,14.62,-545.8,-285.7,-1.0,-400,-350,-250,1458,1455,1421,1458
5579,2789500,14.2,-5.6,-23.7,20.87,23.03,14.51,-544.5,-295.4,-9.8,-400,-350,-250,1425,1442,1425,1421
5580,2790000,14.7,-5.0,-23.3,19.56,22.4,14.4,-544.3,-293.8,-13.1,-400,-350,-250,1442,1441,1446,1461
5581,2790500,15.2,-4.5,-23.0,18.26,21.77,14.28,-536.1,-302.0,-9.2,-400,-350,-250,1442,1444,1453,1460
5582,2791000,15.6,-4.0,-22.6,16.98,21.15,14.16,-548.3,-298.5,-15.6,-400,-350,-250,1437,1473,1462,1437
5583,2791500,16.0,-3.4,-22.3,15.72,20.53,14.04,-551.1,-303.6,-9.3,-400,-350,-250,1436,1464,1456,1418
5584,2792000,16.3,-2.9,-21.9,14.47,19.92,13.92,-553.6,-309.2,-18.0,-400,-350,-250,1469,1456,1472,1421
5585,2792500,16.7,-2.5,-21.6,13.25,19.3,13.8,-555.9,-312.1,-23.8,-400,-350,-250,1444,1431,1433,1436
5586,2793000,17.0,-2.0,-21.2,12.04,18.7,13.67,-555.1,-315.1,-27.0,-400,-350,-250,1429,1447,1464,1435
5587,2793500,17.3,-1.5,-20.9,10.86,18.1,13.55,-567.0,-317.7,-19.0,-400,-350,-250,1463,1436,1461,1447
5588,2794000,17.5,-1.1,-20.6,9.69,17.5,13.42,-564.4,-330.2,-31.3,-400,-350,-250,1456,1458,1424,1448
5589,2794500,17.7,-0.7,-20.2,8.55,16.91,13.29,-564.7,-333.0,-38.6,-400,-350,-250,1460,1458,1451,1436
5590,2795000,17.9,-0.3,-19.9,7.43,16.33,13.17,-571.5,-340.0,-35.9,-400,-350,-250,1451,1434,1429,1445
5591,2795500,18.1,0.1,-19.6,6.33,15.75,13.04,-582.1,-344.6,-45.7,-400,-350,-250,1464,1448,1420,1422
5592,2796000,18.2,0.5,-19.2,5.26,15.18,12.91,-575.3,-348.1,-56.2,-400,-350,-250,1461,1387,1449,1439
5593,2796500,18.3,0.9,-18.9,4.22,14.61,12.78,-583.0,-361.2,-64.0,-400,-350,-250,1423,1430,1455,1444
5594,2797000,18.4,1.2,-18.6,3.2,14.05,12.64,-583.3,-365.4,-66.5,-400,-350,-250,1432,1451,1449,1446
5595,2797500,18.4,1.6,-18.3,2.2,13.5,12.51,-582.1,-363.8,-76.0,-400,-350,-250,1456,1476,1452,1451
5596,2798000,18.5,1.9,-18.0,1.24,12.96,12.38,-594.9,-373.9,-71.0,-400,-350,-250,1426,1436,1440,1430
5597,2798500,18.5,2.2,-17.7,0.3,12.43,12.25,-594.0,-386.0,-82.5,-400,-350,-250,1433,1461,1489,1427
5598,2799000,18.4,2.5,-17.4,-0.62,11.9,12.11,-594.6,-388.4,-86.5,-400,-350,-250,1441,1435,1464,1443
5599,2799500,18.4,2.8,-17.1,-1.5,11.38,11.98,-593.4,-393.7,-82.9,-400,-350,-250,1425,1446,1437,1426
5600,2800000,18.4,3.0,-16.8,-2.36,10.87,11.84,-591.1,-390.0,-103.0,-400,-350,-250,1428,1428,1446,1426
5601,2800500,18.3,3.3,-16.5,-3.19,10.37,11.71,-589.6,-396.6,-107.9,-400,-350,-250,1444,1444,1426,1429
5602,2801000,18.2,3.6,-16.2,-3.99,9.88,11.58,-600.1,-400.1,-99.6,-400,-350,-250,1452,1430,1438,1428
5603,2801500,18.1,3.8,-15.9,-4.77,9.4,11.44,-594.9,-404.6,-104.7,-400,-350,-250,1443,1446,1419,1442
5604,2802000,17.9,4.0,-15.6,-5.51,8.92,11.31,-591.3,-400.4,-98.8,-400,-350,-250,1456,1433,1455,1447
5605,2802500,17.8,4.2,-15.4,-6.23,8.46,11.17,-590.7,-393.6,-101.7,-400,-350,-250,1450,1437,1439,1447
5606,2803000,17.6,4.4,-15.1,-6.91,8.0,11.04,-580.7,-403.8,-108.7,-400,-350,-250,1457,1432,1458,1455
5607,2803500,17.4,4.6,-14.8,-7.57,7.55,10.9,-582.8,-412.6,-103.7,-400,-350,-250,1444,1423,1458,1428
5608,2804000,17.2,4.8,-14.5,-8.2,7.11,10.77,-580.4,-398.5,-113.7,-400,-350,-250,1450,1432,1420,1400
5609,2804500,17.0,5.0,-14.3,-8.8,6.69,10.64,-577.7,-396.7,-111.5,-400,-350,-250,1420,1464,1449,1437
5610,2805000,16.7,5.1,-14.0,-9.38,6.27,10.5,-566.9,-398.9,-108.5,-400,-350,-250,1440,1445,1419,1452
5611,2805500,16.5,5.3,-13.7,-9.92,5.86,10.37,-567.1,-405.8,-113.8,-400,-350,-250,1430,1437,1430,1461
5612,2806000,16.2,5.4,-13.5,-10.44,5.46,10.24,-561.6,-391.3,-111.6,-400,-350,-250,1415,1452,1412,1431
5613,2806500,16.0,5.5,-13.2,-10.92,5.07,10.11,-544.1,-394.7,-101.3,-400,-350,-250,1453,1417,1409,1449
5614,2807000,15.7,5.6,-13.0,-11.39,4.68,9.97,-539.9,-404.0,-111.1,-400,-350,-250,1432,1437,1441,1425
5615,2807500,15.4,5.7,-12.7,-11.82,4.31,9.84,-542.2,-395.3,-120.2,-400,-350,-250,1424,1431,1451,1448
5616,2808000,15.1,5.8,-12.5,-12.22,3.95,9.71,-534.5,-401.8,-113.2,-400,-350,-250,1449,1441,1449,1470
5617,2808500,14.8,5.9,-12.3,-12.6,3.6,9.58,-544.0,-400.9,-106.7,-400,-350,-250,1412,1437,1411,1447
5618,2809000,14.4,6.0,-12.0,-12.96,3.25,9.45,-524.3,-392.8,-113.9,-400,-350,-250,1429,1423,1438,1438
5619,2809500,14.1,6.1,-11.8,-13.28,2.92,9.32,-538.9,-405.7,-120.1,-400,-350,-250,1441,1429,1422,1403
5620,2810000,13.8,6.2,-11.6,-13.58,2.6,9.19,-527.1,-394.5,-125.3,-400,-350,-250,1443,1435,1415,1434
5621,2810500,13.4,6.2,-11.3,-13.86,2.28,9.07,-522.1,-399.6,-117.4,-400,-350,-250,1457,1445,1454,1441
5622,2811000,13.1,6.3,-11.1,-14.11,1.98,8.94,-518.6,-400.5,-122.7,-400,-350,-250,1449,1437,1438,1458
5623,2811500,12.7,6.3,-10.9,-14.33,1.68,8.81,-519.1,-405.1,-136.3,-400,-350,-250,1434,1460,1459,1436
5624,2812000,12.3,6.3,-10.7,-14.53,1.39,8.69,-513.5,-403.5,-137.8,-400,-350,-250,1446,1432,1436,1432
5625,2812500,12.0,6.4,-10.5,-14.71,1.11,8.56,-524.2,-408.1,-146.9,-400,-350,-250,1447,1453,1420,1444
5626,2813000,11.6,6.4,-10.2,-14.86,0.84,8.44,-516.7,-416.9,-149.4,-400,-350,-250,1436,1426,1425,1433
5627,2813500,11.2,6.4,-10.0,-15.0,0.58,8.32,-505.8,-415.6,-154.0,-400,-350,-250,1424,1460,1437,1424
5628,2814000,10.8,6.4,-9.8,-15.1,0.33,8.19,-511.5,-416.8,-146.1,-400,-350,-250,1439,1409,1392,1449
5629,2814500,10.5,6.4,-9.6,-15.19,0.09,8.07,-513.7,-422.7,-148.5,-400,-350,-250,1459,1413,1463,1418
5630,2815000,10.1,6.4,-9.4,-15.26,-0.14,7.95,-503.9,-427.1,-170.2,-400,-350,-250,1402,1431,1432,1451
5631,2815500,9.7,6.4,-9.2,-15.3,-0.37,7.83,-506.5,-415.4,-168.1,-400,-350,-250,1444,1405,1410,1448
5632,2816000,9.3,6.4,-9.0,-15.33,-0.59,7.71,-502.3,-424.9,-166.5,-400,-350,-250,1423,1457,1437,1442
5633,2816500,8.9,6.4,-8.9,-15.34,-0.8,7.6,-505.6,-428.4,-175.0,-400,-350,-250,1431,1438,1427,1426
5634,2817000,8.6,6.3,-8.7,-15.32,-1.0,7.48,-497.2,-430.2,-180.6,-400,-350,-250,1451,1465,1438,1412
5635,2817500,8.2,6.3,-8.5,-15.29,-1.19,7.37,-497.7,-419.9,-177.6,-400,-350,-250,1435,1443,1421,1437
5636,2818000,7.8,6.3,-8.3,-15.24,-1.37,7.25,-485.1,-429.2,-177.9,-400,-350,-250,1453,1461,1421,1430
5637,2818500,7.4,6.2,-8.1,-15.17,-1.55,7.14,-486.2,-432.1,-188.9,-400,-350,-250,1430,1452,1434,1412
5638,2819000,7.0,6.2,-7.9,-15.09,-1.72,7.02,-479.9,-426.9,-183.6,-400,-350,-250,1418,1408,1462,1440
5639,2819500,6.7,6.1,-7.8,-14.99,-1.88,6.91,-473.9,-423.2,-182.9,-400,-350,-250,1439,1448,1440,1405
5640,2820000,6.3,6.1,-7.6,-14.88,-2.03,6.8,-482.0,-424.3,-180.9,-400,-350,-250,1442,1428,1445,1403
5641,2820500,5.9,6.0,-7.4,-14.75,-2.18,6.69,-466.1,-418.9,-184.6,-400,-350,-250,1418,1448,1439,1435
5642,2821000,5.6,6.0,-7.3,-14.61,-2.32,6.58,-458.9,-412.7,-192.6,-400,-350,-250,1446,1458,1418,1416
5643,2821500,5.2,5.9,-7.1,-14.45,-2.45,6.48,-457.2,-408.7,-180.0,-400,-350,-250,1445,1419,1420,1433
5644,2822000,4.8,5.9,-7.0,-14.28,-2.58,6.37,-454.4,-412.3,-182.6,-400,-350,-250,1452,1422,1426,1439
5645,2822500,4.5,5.8,-6.8,-14.09,-2.69,6.26,-449.2,-409.1,-179.8,-400,-350,-250,1417,1451,1450,1439
5646,2823000,4.1,5.7,-6.6,-13.9,-2.81,6.16,-447.2,-403.2,-182.5,-400,-350,-250,1414,1431,1445,1449
5647,2823500,3.8,5.6,-6.5,-13.69,-2.91,6.06,-440.4,-404.1,-176.5,-400,-350,-250,1432,1441,1448,1458
5648,2824000,3.5,5.6,-6.3,-13.48,-3.01,5.95,-422.6,-410.1,-180.3,-400,-350,-250,1429,1441,1429,1466
5649,2824500,3.1,5.5,-6.2,-13.25,-3.1,5.85,-425.5,-401.1,-182.4,-400,-350,-250,1416,1414,1439,1410
5650,2825000,2.8,5.4,-6.1,-13.01,-3.19,5.75,-421.6,-399.1,-182.2,-400,-350,-250,1444,1442,1428,1418
5651,2825500,2.5,5.3,-5.9,-12.77,-3.27,5.66,-415.2,-397.9,-183.6,-400,-350,-250,1424,1408,1413,1409
5652,2826000,2.2,5.3,-5.8,-12.51,-3.34,5.56,-407.4,-393.4,-184.3,-400,-350,-250,1406,1450,1423,1409
5653,2826500,1.9,5.2,-5.6,-12.25,-3.41,5.46,-407.7,-391.5,-174.5,-400,-350,-250,1424,1416,1434,1421
5654,2827000,1.6,5.1,-5.5,-11.98,-3.47,5.37,-405.2,-386.9,-175.8,-400,-350,-250,1452,1406,1431,1446
5655,2827500,1.3,5.0,-5.4,-11.71,-3.53,5.27,-401.1,-390.9,-181.2,-400,-350,-250,1432,1416,1423,1456
5656,2828000,1.0,4.9,-5.2,-11.43,-3.58,5.18,-394.3,-385.8,-186.6,-400,-350,-250,1415,1433,1423,1422
5657,2828500,0.7,4.8,-5.1,-11.14,-3.63,5.09,-394.5,-383.0,-185.0,-400,-350,-250,1410,1400,1416,1429
5658,2829000,0.4,4.7,-5.0,-10.84,-3.67,4.99,-397.6,-386.4,-188.4,-400,-350,-250,1443,1436,1426,1431
5659,2829500,0.2,4.6,-4.9,-10.55,-3.71,4.9,-396.7,-384.3,-187.0,-400,-350,-250,1458,1422,1448,1422
5660,2830000,-0.1,4.5,-4.7,-10.24,-3.75,4.82,-391.4,-387.8,-196.2,-400,-350,-250,1403,1399,1438,1449
5661,2830500,-0.3,4.4,-4.6,-9.94,-3.77,4.73,-390.1,-387.0,-203.5,-400,-350,-250,1450,1424,1430,1457
5662,2831000,-0.6,4.3,-4.5,-9.63,-3.8,4.64,-382.7,-388.2,-194.5,-400,-350,-250,1428,1419,1428,1428
5663,2831500,-0.8,4.2,-4.4,-9.32,-3.82,4.56,-382.1,-390.3,-198.0,-400,-350,-250,1440,1421,1414,1409
5664,2832000,-1.0,4.2,-4.3,-9.01,-3.83,4.47,-378.9,-395.5,-204.4,-400,-350,-250,1443,1423,1410,1408
5665,2832500,-1.3,4.1,-4.2,-8.69,-3.84,4.39,-390.4,-384.4,-212.0,-400,-350,-250,1393,1420,1409,1451
5666,2833000,-1.5,4.0,-4.1,-8.37,-3.85,4.3,-380.4,-385.2,-207.4,-400,-350,-250,1411,1408,1414,1403
5667,2833500,-1.7,3.9,-4.0,-8.06,-3.86,4.22,-381.5,-389.8,-225.5,-400,-350,-250,1427,1416,1439,1424
5668,2834000,-1.9,3.8,-3.9,-7.74,-3.86,4.14,-394.5,-393.3,-222.4,-400,-350,-250,1433,1401,1443,1423
5669,2834500,-2.0,3.7,-3.8,-7.42,-3.85,4.06,-382.9,-400.1,-222.1,-400,-350,-250,1427,1427,1427,1428
5670,2835000,-2.2,3.6,-3.7,-7.1,-3.85,3.99,-386.1,-390.0,-216.5,-400,-350,-250,1408,1453,1414,1410
5671,2835500,-2.4,3.5,-3.6,-6.78,-3.84,3.91,-383.7,-394.8,-217.0,-400,-350,-250,1459,1440,1429,1418
5672,2836000,-2.6,3.4,-3.5,-6.47,-3.82,3.83,-387.5,-394.8,-218.4,-400,-350,-250,1452,1412,1442,1430
5673,2836500,-2.7,3.3,-3.4,-6.15,-3.81,3.76,-389.0,-394.8,-225.1,-400,-350,-250,1431,1444,1411,1472
5674,2837000,-2.9,3.2,-3.3,-5.84,-3.79,3.68,-379.5,-396.2,-232.3,-400,-350,-250,1434,1438,1427,1420
5675,2837500,-3.0,3.1,-3.2,-5.53,-3.77,3.61,-383.1,-392.8,-233.8,-400,-350,-250,1429,1423,1416,1409
5676,2838000,-3.1,3.0,-3.1,-5.22,-3.74,3.54,-386.1,-399.4,-235.0,-400,-350,-250,1433,1437,1407,1423
5677,2838500,-3.2,2.9,-3.0,-4.91,-3.72,3.47,-382.3,-391.8,-232.4,-400,-350,-250,1433,1434,1431,1394
5678,2839000,-3.4,2.8,-2.9,-4.61,-3.69,3.4,-376.5,-383.5,-240.3,-400,-350,-250,1407,1422,1434,1419
5679,2839500,-3.5,2.7,-2.8,-4.31,-3.66,3.33,-377.6,-387.7,-228.3,-400,-350,-250,1407,1410,1423,1424
5680,2840000,-3.6,2.6,-2.8,-4.01,-3.62,3.26,-376.5,-380.0,-238.5,-400,-350,-250,1420,1454,1400,1413
5681,2840500,-3.7,2.5,-2.7,-3.72,-3.59,3.2,-373.0,-386.0,-232.2,-400,-350,-250,1417,1417,1432,1423
5682,2841000,-3.7,2.5,-2.6,-3.43,-3.55,3.13,-375.0,-386.9,-228.0,-400,-350,-250,1441,1415,1411,1413
5683,2841500,-3.8,2.4,-2.5,-3.15,-3.51,3.07,-368.4,-380.7,-221.7,-400,-350,-250,1423,1378,1404,1407
5684,2842000,-3.9,2.3,-2.5,-2.87,-3.47,3.0,-367.5,-377.1,-234.8,-400,-350,-250,1423,1429,1423,1433
5685,2842500,-4.0,2.2,-2.4,-2.59,-3.43,2.94,-364.4,-365.9,-223.4,-400,-350,-250,1436,1428,1423,1396
5686,2843000,-4.0,2.1,-2.3,-2.32,-3.38,2.88,-365.9,-375.7,-223.4,-400,-350,-250,1429,1430,1411,1447
5687,2843500,-4.1,2.0,-2.2,-2.06,-3.34,2.82,-357.5,-368.7,-225.2,-400,-350,-250,1391,1440,1386,1431
5688,2844000,-4.1,1.9,-2.2,-1.8,-3.29,2.76,-355.9,-366.6,-220.9,-400,-350,-250,1423,1403,1441,1404
5689,2844500,-4.2,1.9,-2.1,-1.54,-3.24,2.7,-355.9,-366.3,-218.0,-400,-350,-250,1397,1397,1417,1430
5690,2845000,-4.2,1.8,-2.0,-1.29,-3.19,2.64,-353.3,-363.5,-221.1,-400,-350,-250,1438,1414,1439,1419
5691,2845500,-4.2,1.7,-2.0,-1.05,-3.14,2.58,-356.2,-360.4,-222.7,-400,-350,-250,1400,1421,1410,1400
5692,2846000,-4.2,1.6,-1.9,-0.81,-3.09,2.53,-349.9,-358.4,-221.7,-400,-350,-250,1413,1425,1424,1432
5693,2846500,-4.2,1.6,-1.8,-0.58,-3.04,2.47,-344.4,-358.0,-221.0,-400,-350,-250,1424,1422,1436,1436
5694,2847000,-4.3,1.5,-1.8,-0.36,-2.98,2.42,-346.1,-358.0,-224.0,-400,-350,-250,1424,1427,1419,1406
5695,2847500,-4.3,1.4,-1.7,-0.14,-2.93,2.36,-350.2,-352.9,-221.8,-400,-350,-250,1420,1405,1444,1417
5696,2848000,-4.3,1.3,-1.7,0.07,-2.88,2.31,-343.6,-354.3,-225.2,-400,-350,-250,1409,1414,1421,1426
5697,2848500,-4.2,1.3,-1.6,0.28,-2.82,2.26,-346.6,-341.2,-219.7,-400,-350,-250,1425,1428,1435,1392
5698,2849000,-4.2,1.2,-1.6,0.48,-2.76,2.21,-338.0,-347.6,-222.9,-400,-350,-250,1411,1402,1431,1427
5699,2849500,-4.2,1.1,-1.5,0.67,-2.71,2.16,-345.0,-345.6,-223.1,-400,-350,-250,1407,1393,1427,1399
5700,2850000,-4.2,1.1,-1.4,0.86,-2.65,2.11,-346.9,-349.6,-226.0,-400,-350,-250,1426,1393,1397,1425
5701,2850500,-4.2,1.0,-1.4,1.04,-2.59,2.06,-346.8,-353.0,-222.6,-400,-350,-250,1421,1392,1400,1453
5702,2851000,-4.1,0.9,-1.3,1.22,-2.54,2.01,-347.3,-343.2,-217.6,-400,-350,-250,1412,1407,1426,1407
5703,2851500,-4.1,0.9,-1.3,1.38,-2.48,1.96,-358.2,-352.4,-230.8,-400,-350,-250,1424,1429,1422,1451
5704,2852000,-4.1,0.8,-1.3,1.54,-2.42,1.92,-344.3,-347.3,-231.1,-400,-350,-250,1403,1425,1400,1405
5705,2852500,-4.0,0.8,-1.2,1.7,-2.36,1.87,-355.3,-351.0,-230.5,-400,-350,-250,1416,1410,1405,1412
5706,2853000,-4.0,0.7,-1.2,1.84,-2.31,1.83,-351.9,-349.3,-235.7,-400,-350,-250,1389,1438,1419,1436
5707,2853500,-3.9,0.6,-1.1,1.99,-2.25,1.78,-358.0,-354.6,-229.9,-400,-350,-250,1431,1415,1444,1420
5708,2854000,-3.9,0.6,-1.1,2.12,-2.19,1.74,-362.3,-352.9,-233.7,-400,-350,-250,1404,1398,1422,1403
5709,2854500,-3.8,0.5,-1.0,2.25,-2.13,1.7,-364.7,-356.1,-241.1,-400,-350,-250,1413,1410,1398,1402
5710,2855000,-3.8,0.5,-1.0,2.37,-2.07,1.66,-360.4,-349.5,-248.7,-400,-350,-250,1405,1426,1388,1418
5711,2855500,-3.7,0.4,-0.9,2.48,-2.02,1.62,-362.3,-349.2,-238.7,-400,-350,-250,1406,1419,1427,1419
5712,2856000,-3.6,0.4,-0.9,2.59,-1.96,1.58,-369.4,-354.9,-246.3,-400,-350,-250,1398,1429,1407,1419
5713,2856500,-3.6,0.3,-0.9,2.69,-1.9,1.54,-361.9,-349.6,-238.4,-400,-350,-250,1421,1396,1405,1427
5714,2857000,-3.5,0.3,-0.8,2.79,-1.85,1.5,-364.8,-360.7,-244.8,-400,-350,-250,1417,1414,1417,1410
5715,2857500,-3.4,0.2,-0.8,2.88,-1.79,1.46,-374.0,-353.0,-253.5,-400,-350,-250,1410,1379,1418,1445
5716,2858000,-3.4,0.2,-0.8,2.96,-1.73,1.43,-376.4,-356.1,-248.1,-400,-350,-250,1417,1399,1416,1364
5717,2858500,-3.3,0.2,-0.7,3.04,-1.68,1.39,-371.5,-363.5,-248.3,-400,-350,-250,1429,1408,1438,1425
5718,2859000,-3.2,0.1,-0.7,3.11,-1.62,1.35,-378.4,-365.0,-252.3,-400,-350,-250,1404,1406,1408,1406
5719,2859500,-3.1,0.1,-0.7,3.18,-1.57,1.32,-384.4,-357.1,-259.9,-400,-350,-250,1419,1409,1421,1408
5720,2860000,-3.0,0.0,-0.6,3.23,-1.52,1.28,-383.8,-368.1,-252.6,-400,-350,-250,1419,1393,1411,1426
5721,2860500,-3.0,0.0,-0.6,3.29,-1.46,1.25,-386.6,-360.3,-254.2,-400,-350,-250,1407,1423,1410,1401
5722,2861000,-2.9,-0.0,-0.6,3.34,-1.41,1.22,-387.4,-353.1,-251.9,-400,-350,-250,1428,1393,1416,1409
5723,2861500,-2.8,-0.1,-0.5,3.38,-1.36,1.19,-384.5,-358.3,-249.2,-400,-350,-250,1410,1426,1387,1428
5724,2862000,-2.7,-0.1,-0.5,3.42,-1.31,1.15,-384.1,-356.6,-251.9,-400,-350,-250,1419,1415,1406,1399
5725,2862500,-2.6,-0.1,-0.5,3.45,-1.26,1.12,-387.2,-364.6,-254.3,-400,-350,-250,1419,1421,1404,1407
5726,2863000,-2.5,-0.2,-0.4,3.48,-1.21,1.09,-385.3,-357.1,-259.8,-400,-350,-250,1415,1387,1392,1411
5727,2863500,-2.4,-0.2,-0.4,3.5,-1.16,1.06,-390.7,-363.8,-260.8,-400,-350,-250,1392,1399,1415,1418
5728,2864000,-2.4,-0.2,-0.4,3.51,-1.11,1.03,-385.6,-359.0,-255.0,-400,-350,-250,1413,1395,1401,1420
5729,2864500,-2.3,-0.2,-0.4,3.53,-1.06,1.0,-381.1,-358.1,-259.9,-400,-350,-250,1410,1375,1383,1420
5730,2865000,-2.2,-0.3,-0.3,3.53,-1.01,0.98,-391.3,-353.3,-251.1,-400,-350,-250,1404,1422,1413,1389
5731,2865500,-2.1,-0.3,-0.3,3.54,-0.97,0.95,-385.1,-354.2,-260.7,-400,-350,-250,1421,1416,1399,1432
5732,2866000,-2.0,-0.3,-0.3,3.53,-0.92,0.92,-376.2,-348.3,-253.4,-400,-350,-250,1393,1394,1416,1389
5733,2866500,-1.9,-0.3,-0.3,3.53,-0.88,0.89,-378.5,-353.2,-253.0,-400,-350,-250,1441,1397,1386,1415
5734,2867000,-1.8,-0.4,-0.3,3.52,-0.83,0.87,-382.9,-353.2,-250.6,-400,-350,-250,1423,1419,1411,1410
5735,2867500,-1.7,-0.4,-0.2,3.5,-0.79,0.84,-383.4,-349.5,-245.3,-400,-350,-250,1417,1380,1396,1402
5736,2868000,-1.6,-0.4,-0.2,3.49,-0.75,0.82,-384.4,-340.2,-248.3,-400,-350,-250,1411,1417,1392,1397
5737,2868500,-1.6,-0.4,-0.2,3.47,-0.71,0.79,-376.2,-342.4,-252.5,-400,-350,-250,1432,1403,1398,1413
5738,2869000,-1.5,-0.4,-0.2,3.44,-0.67,0.77,-379.5,-338.3,-249.0,-400,-350,-250,1423,1390,1389,1408
5739,2869500,-1.4,-0.4,-0.2,3.41,-0.63,0.75,-382.2,-337.1,-244.5,-400,-350,-250,1397,1401,1405,1383
5740,2870000,-1.3,-0.5,-0.1,3.38,-0.59,0.72,-377.7,-344.1,-246.1,-400,-350,-250,1406,1421,1415,1407
5741,2870500,-1.2,-0.5,-0.1,3.34,-0.55,0.7,-384.1,-338.5,-242.2,-400,-350,-250,1394,1389,1384,1412
5742,2871000,-1.1,-0.5,-0.1,3.31,-0.51,0.68,-387.2,-339.3,-236.6,-400,-350,-250,1407,1425,1404,1401
5743,2871500,-1.1,-0.5,-0.1,3.26,-0.48,0.66,-382.8,-337.7,-241.3,-400,-350,-250,1419,1401,1387,1377
5744,2872000,-1.0,-0.5,-0.1,3.22,-0.44,0.64,-384.5,-329.5,-249.4,-400,-350,-250,1400,1422,1368,1393
5745,2872500,-0.9,-0.5,-0.1,3.17,-0.41,0.62,-376.7,-333.8,-239.8,-400,-350,-250,1392,1420,1428,1390
5746,2873000,-0.8,-0.5,-0.0,3.12,-0.37,0.6,-375.5,-344.9,-238.7,-400,-350,-250,1393,1416,1428,1396
5747,2873500,-0.7,-0.5,-0.0,3.07,-0.34,0.58,-386.2,-335.4,-239.0,-400,-350,-250,1412,1414,1393,1432
5748,2874000,-0.7,-0.5,-0.0,3.02,-0.31,0.56,-387.5,-331.9,-238.2,-400,-350,-250,1369,1429,1404,1385
5749,2874500,-0.6,-0.6,0.0,2.96,-0.28,0.54,-376.6,-344.8,-239.5,-400,-350,-250,1409,1397,1412,1395
5750,2875000,-0.5,-0.6,0.0,2.9,-0.25,0.52,-389.4,-339.3,-242.6,-400,-350,-250,1441,1405,1432,1416
5751,2875500,-0.5,-0.6,0.0,2.85,-0.22,0.5,-379.2,-338.2,-241.7,-400,-350,-250,1405,1429,1385,1396
5752,2876000,-0.4,-0.6,0.0,2.78,-0.19,0.48,-388.1,-335.2,-243.0,-400,-350,-250,1398,1401,1397,1379
5753,2876500,-0.3,-0.6,0.1,2.72,-0.16,0.47,-389.8,-331.9,-241.2,-400,-350,-250,1381,1400,1416,1387
5754,2877000,-0.2,-0.6,0.1,2.66,-0.14,0.45,-382.0,-328.6,-242.2,-400,-350,-250,1418,1381,1388,1411
5755,2877500,-0.2,-0.6,0.1,2.59,-0.11,0.43,-387.6,-339.8,-231.4,-400,-350,-250,1391,1423,1387,1407
5756,2878000,-0.1,-0.6,0.1,2.52,-0.09,0.42,-388.1,-335.3,-234.7,-400,-350,-250,1398,1399,1422,1394
5757,2878500,-0.1,-0.6,0.1,2.45,-0.06,0.4,-386.4,-330.0,-247.8,-400,-350,-250,1388,1400,1371,1419
5758,2879000,0.0,-0.6,0.1,2.39,-0.04,0.39,-390.1,-337.4,-241.4,-400,-350,-250,1378,1393,1376,1394
5759,2879500,0.1,-0.6,0.1,2.32,-0.02,0.37,-393.2,-333.4,-250.2,-400,-350,-250,1407,1394,1399,1393
5760,2880000,0.1,-0.6,0.1,2.24,0.01,0.36,-387.1,-332.7,-239.9,-400,-350,-250,1407,1409,1416,1426
5761,2880500,0.2,-0.6,0.1,2.17,0.03,0.34,-395.4,-332.4,-241.9,-400,-350,-250,1390,1400,1395,1417
5762,2881000,0.2,-0.6,0.1,2.1,0.05,0.33,-392.8,-337.0,-237.7,-400,-350,-250,1408,1373,1391,1374
5763,2881500,0.3,-0.6,0.1,2.03,0.07,0.32,-396.5,-339.3,-240.1,-400,-350,-250,1399,1413,1397,1391
5764,2882000,0.3,-0.6,0.2,1.95,0.08,0.3,-394.5,-337.9,-245.5,-400,-350,-250,1406,1393,1425,1385
5765,2882500,0.4,-0.6,0.2,1.88,0.1,0.29,-398.9,-335.6,-249.6,-400,-350,-250,1368,1397,1388,1403
5766,2883000,0.4,-0.6,0.2,1.81,0.12,0.28,-395.9,-340.7,-246.8,-400,-350,-250,1402,1403,1405,1406
5767,2883500,0.5,-0.6,0.2,1.73,0.14,0.27,-398.9,-343.6,-260.6,-400,-350,-250,1391,1411,1410,1404
5768,2884000,0.5,-0.6,0.2,1.66,0.15,0.25,-408.1,-345.9,-251.2,-400,-350,-250,1397,1395,1378,1390
5769,2884500,0.5,-0.6,0.2,1.59,0.17,0.24,-403.6,-344.6,-246.0,-400,-350,-250,1414,1394,1385,1420
5770,2885000,0.6,-0.6,0.2,1.51,0.18,0.23,-406.1,-342.8,-251.0,-400,-350,-250,1405,1410,1406,1413
5771,2885500,0.6,-0.6,0.2,1.44,0.19,0.22,-407.3,-346.9,-258.7,-400,-350,-250,1419,1389,1394,1388
5772,2886000,0.6,-0.6,0.2,1.37,0.21,0.21,-409.5,-340.5,-258.2,-400,-350,-250,1377,1409,1408,1381
5773,2886500,0.7,-0.5,0.2,1.3,0.22,0.2,-408.9,-345.8,-256.4,-400,-350,-250,1399,1376,1408,1408
5774,2887000,0.7,-0.5,0.2,1.23,0.23,0.19,-417.1,-351.8,-255.0,-400,-350,-250,1391,1407,1421,1404
5775,2887500,0.7,-0.5,0.2,1.16,0.24,0.18,-412.9,-349.6,-258.8,-400,-350,-250,1442,1396,1399,1379
5776,2888000,0.8,-0.5,0.2,1.09,0.25,0.17,-410.5,-355.7,-261.5,-400,-350,-250,1398,1350,1380,1401
5777,2888500,0.8,-0.5,0.2,1.02,0.26,0.16,-417.1,-357.3,-265.4,-400,-350,-250,1405,1405,1412,1404
5778,2889000,0.8,-0.5,0.2,0.95,0.27,0.15,-415.7,-357.7,-253.6,-400,-350,-250,1396,1395,1383,1398
5779,2889500,0.8,-0.5,0.2,0.88,0.28,0.14,-414.8,-355.9,-262.5,-400,-350,-250,1376,1407,1403,1410
5780,2890000,0.9,-0.5,0.2,0.81,0.29,0.13,-419.3,-349.7,-265.2,-400,-350,-250,1376,1391,1378,1438
5781,2890500,0.9,-0.5,0.2,0.75,0.3,0.13,-416.8,-367.2,-257.1,-400,-350,-250,1365,1421,1398,1401
5782,2891000,0.9,-0.5,0.2,0.68,0.3,0.12,-419.2,-358.1,-258.0,-400,-350,-250,1400,1377,1386,1399
5783,2891500,0.9,-0.5,0.2,0.62,0.31,0.11,-422.8,-360.6,-269.0,-400,-350,-250,1412,1412,1404,1397
5784,2892000,0.9,-0.5,0.2,0.56,0.32,0.1,-423.9,-356.6,-261.1,-400,-350,-250,1371,1397,1404,1411
5785,2892500,0.9,-0.5,0.3,0.49,0.32,0.1,-423.4,-352.3,-262.6,-400,-350,-250,1398,1415,1413,1376
5786,2893000,0.9,-0.5,0.3,0.43,0.33,0.09,-416.4,-352.3,-268.4,-400,-350,-250,1402,1401,1383,1390
5787,2893500,1.0,-0.4,0.3,0.37,0.33,0.08,-415.9,-353.1,-256.7,-400,-350,-250,1400,1402,1395,1391
5788,2894000,1.0,-0.4,0.3,0.32,0.34,0.07,-417.9,-357.3,-262.9,-400,-350,-250,1389,1370,1371,1391
5789,2894500,1.0,-0.4,0.3,0.26,0.34,0.07,-422.5,-355.5,-267.8,-400,-350,-250,1428,1417,1401,1386
5790,2895000,1.0,-0.4,0.3,0.21,0.34,0.06,-419.8,-356.4,-266.2,-400,-350,-250,1374,1390,1385,1394
5791,2895500,1.0,-0.4,0.3,0.15,0.34,0.05,-415.1,-351.8,-256.1,-400,-350,-250,1377,1385,1395,1415
5792,2896000,1.0,-0.4,0.3,0.1,0.35,0.05,-424.9,-350.5,-261.2,-400,-350,-250,1390,1413,1393,1409
5793,2896500,1.0,-0.4,0.3,0.05,0.35,0.04,-415.3,-357.3,-271.1,-400,-350,-250,1388,1377,1400,1385
5794,2897000,1.0,-0.4,0.3,-0.0,0.35,0.04,-421.3,-354.6,-266.5,-400,-350,-250,1391,1370,1395,1391
5795,2897500,1.0,-0.4,0.3,-0.05,0.35,0.03,-414.5,-357.3,-262.9,-400,-350,-250,1399,1400,1371,1374
5796,2898000,1.0,-0.4,0.3,-0.1,0.35,0.03,-416.7,-355.8,-258.6,-400,-350,-250,1382,1410,1399,1409
5797,2898500,1.0,-0.4,0.3,-0.14,0.35,0.02,-425.8,-356.6,-262.9,-400,-350,-250,1397,1399,1381,1374
5798,2899000,1.0,-0.3,0.3,-0.18,0.35,0.02,-418.4,-357.1,-263.1,-400,-350,-250,1396,1389,1383,1402
5799,2899500,1.0,-0.3,0.3,-0.23,0.35,0.01,-411.7,-353.2,-258.6,-400,-350,-250,1362,1389,1410,1406
5800,2900000,1.0,-0.3,0.3,-0.27,0.35,0.01,-426.5,-350.7,-258.7,-400,-350,-250,1380,1402,1383,1399
5801,2900500,0.9,-0.3,0.3,-0.31,0.35,0.0,-417.2,-353.6,-257.1,-400,-350,-250,1398,1381,1398,1414
5802,2901000,0.9,-0.3,0.3,-0.34,0.35,-0.0,-413.9,-362.3,-255.7,-400,-350,-250,1381,1385,1374,1387
5803,2901500,0.9,-0.3,0.3,-0.38,0.35,-0.01,-410.0,-354.3,-258.4,-400,-350,-250,1360,1376,1380,1400
5804,2902000,0.9,-0.3,0.3,-0.41,0.35,-0.01,-418.1,-348.6,-255.2,-400,-350,-250,1394,1408,1390,1387
5805,2902500,0.9,-0.3,0.3,-0.45,0.35,-0.01,-418.0,-353.1,-252.3,-400,-350,-250,1380,1398,1392,1371
5806,2903000,0.9,-0.3,0.3,-0.48,0.34,-0.02,-410.1,-348.8,-254.8,-400,-350,-250,1374,1386,1421,1378
5807,2903500,0.9,-0.3,0.3,-0.51,0.34,-0.02,-404.3,-348.7,-252.0,-400,-350,-250,1398,1407,1372,1404
5808,2904000,0.9,-0.3,0.3,-0.54,0.34,-0.03,-414.7,-345.7,-252.7,-400,-350,-250,1401,1390,1400,1404
5809,2904500,0.9,-0.3,0.3,-0.56,0.34,-0.03,-409.2,-350.6,-247.7,-400,-350,-250,1391,1390,1399,1375
5810,2905000,0.8,-0.2,0.3,-0.59,0.33,-0.03,-406.1,-341.9,-250.8,-400,-350,-250,1387,1385,1390,1369
5811,2905500,0.8,-0.2,0.3,-0.61,0.33,-0.03,-409.5,-345.4,-253.0,-400,-350,-250,1385,1370,1393,1380
5812,2906000,0.8,-0.2,0.3,-0.64,0.33,-0.04,-405.1,-346.8,-255.9,-400,-350,-250,1388,1399,1419,1389
5813,2906500,0.8,-0.2,0.3,-0.66,0.32,-0.04,-410.6,-349.1,-256.0,-400,-350,-250,1378,1388,1384,1387
5814,2907000,0.8,-0.2,0.3,-0.68,0.32,-0.04,-401.0,-345.0,-247.0,-400,-350,-250,1372,1380,1389,1389
5815,2907500,0.8,-0.2,0.3,-0.7,0.32,-0.05,-402.3,-348.1,-251.7,-400,-350,-250,1409,1383,1401,1386
5816,2908000,0.7,-0.2,0.3,-0.71,0.31,-0.05,-407.9,-337.2,-243.0,-400,-350,-250,1363,1412,1385,1404
5817,2908500,0.7,-0.2,0.3,-0.73,0.31,-0.05,-397.5,-340.5,-247.1,-400,-350,-250,1357,1370,1371,1394
5818,2909000,0.7,-0.2,0.3,-0.74,0.3,-0.05,-395.5,-344.0,-242.8,-400,-350,-250,1393,1361,1387,1393
5819,2909500,0.7,-0.2,0.3,-0.75,0.3,-0.06,-402.0,-341.4,-238.6,-400,-350,-250,1390,1384,1396,1363
5820,2910000,0.7,-0.2,0.3,-0.77,0.29,-0.06,-395.4,-342.2,-248.0,-400,-350,-250,1375,1366,1400,1366
5821,2910500,0.6,-0.2,0.2,-0.78,0.29,-0.06,-399.6,-338.0,-248.3,-400,-350,-250,1406,1384,1398,1378
5822,2911000,0.6,-0.2,0.2,-0.79,0.28,-0.06,-396.4,-340.2,-249.7,-400,-350,-250,1390,1380,1390,1395
5823,2911500,0.6,-0.1,0.2,-0.79,0.28,-0.06,-399.2,-341.5,-238.0,-400,-350,-250,1396,1378,1385,1401
5824,2912000,0.6,-0.1,0.2,-0.8,0.28,-0.07,-399.2,-336.3,-241.0,-400,-350,-250,1369,1381,1398,1368
5825,2912500,0.6,-0.1,0.2,-0.81,0.27,-0.07,-403.0,-336.0,-237.1,-400,-350,-250,1370,1368,1386,1378
5826,2913000,0.5,-0.1,0.2,-0.81,0.27,-0.07,-402.5,-343.1,-245.9,-400,-350,-250,1391,1388,1361,1404
5827,2913500,0.5,-0.1,0.2,-0.81,0.26,-0.07,-392.9,-335.9,-248.2,-400,-350,-250,1398,1373,1387,1362
5828,2914000,0.5,-0.1,0.2,-0.81,0.26,-0.07,-393.7,-333.3,-239.2,-400,-350,-250,1410,1380,1407,1374
5829,2914500,0.5,-0.1,0.2,-0.82,0.25,-0.07,-402.9,-339.5,-238.5,-400,-350,-250,1379,1369,1390,1370
5830,2915000,0.5,-0.1,0.2,-0.82,0.24,-0.07,-390.7,-332.0,-240.4,-400,-350,-250,1379,1414,1397,1385
5831,2915500,0.4,-0.1,0.2,-0.81,0.24,-0.08,-390.5,-340.7,-232.0,-400,-350,-250,1355,1391,1381,1369
5832,2916000,0.4,-0.1,0.2,-0.81,0.23,-0.08,-391.3,-344.1,-240.5,-400,-350,-250,1376,1384,1374,1386
5833,2916500,0.4,-0.1,0.2,-0.81,0.23,-0.08,-388.1,-337.5,-243.5,-400,-350,-250,1385,1379,1383,1372
5834,2917000,0.4,-0.1,0.2,-0.81,0.22,-0.08,-387.5,-342.4,-239.7,-400,-350,-250,1364,1381,1373,1391
5835,2917500,0.4,-0.1,0.2,-0.8,0.22,-0.08,-399.9,-328.6,-243.9,-400,-350,-250,1348,1369,1367,1388
5836,2918000,0.3,-0.1,0.2,-0.8,0.21,-0.08,-392.3,-337.0,-238.6,-400,-350,-250,1375,1390,1377,1378
5837,2918500,0.3,-0.1,0.2,-0.79,0.21,-0.08,-389.5,-342.4,-243.7,-400,-350,-250,1355,1361,1367,1367
5838,2919000,0.3,-0.1,0.2,-0.78,0.2,-0.08,-386.0,-343.1,-244.7,-400,-350,-250,1379,1378,1370,1374
5839,2919500,0.3,-0.1,0.2,-0.77,0.2,-0.08,-390.9,-336.7,-245.9,-400,-350,-250,1398,1350,1367,1398
5840,2920000,0.3,-0.0,0.2,-0.77,0.19,-0.08,-392.1,-341.2,-249.2,-400,-350,-250,1386,1367,1341,1395
5841,2920500,0.3,-0.0,0.2,-0.76,0.19,-0.08,-396.7,-342.4,-243.4,-400,-350,-250,1376,1382,1385,1400
5842,2921000,0.2,-0.0,0.2,-0.75,0.18,-0.08,-396.7,-346.1,-241.9,-400,-350,-250,1390,1349,1376,1363
5843,2921500,0.2,-0.0,0.2,-0.74,0.18,-0.09,-395.8,-340.6,-248.7,-400,-350,-250,1374,1386,1390,1394
5844,2922000,0.2,-0.0,0.2,-0.72,0.17,-0.09,-390.2,-340.6,-243.3,-400,-350,-250,1354,1380,1362,1355
5845,2922500,0.2,-0.0,0.2,-0.71,0.17,-0.09,-388.6,-339.0,-250.0,-400,-350,-250,1348,1359,1349,1385
5846,2923000,0.2,-0.0,0.2,-0.7,0.16,-0.09,-396.4,-341.3,-241.1,-400,-350,-250,1387,1374,1392,1384
5847,2923500,0.1,-0.0,0.2,-0.69,0.16,-0.09,-389.8,-342.6,-238.2,-400,-350,-250,1366,1351,1369,1357
5848,2924000,0.1,-0.0,0.2,-0.67,0.15,-0.09,-400.0,-346.2,-239.0,-400,-350,-250,1370,1410,1374,1405
5849,2924500,0.1,-0.0,0.2,-0.66,0.15,-0.09,-388.8,-343.6,-241.2,-400,-350,-250,1379,1376,1369,1369
5850,2925000,0.1,-0.0,0.2,-0.65,0.14,-0.09,-393.6,-339.6,-250.0,-400,-350,-250,1378,1392,1363,1381
5851,2925500,0.1,-0.0,0.2,-0.63,0.14,-0.09,-391.0,-342.1,-248.0,-400,-350,-250,1364,1383,1360,1367
5852,2926000,0.1,0.0,0.2,-0.62,0.13,-0.09,-391.8,-345.0,-248.5,-400,-350,-250,1365,1372,1364,1365
5853,2926500,0.0,0.0,0.2,-0.6,0.13,-0.09,-392.0,-343.5,-252.0,-400,-350,-250,1391,1358,1386,1373
5854,2927000,0.0,0.0,0.2,-0.59,0.12,-0.09,-394.7,-346.5,-242.6,-400,-350,-250,1376,1371,1357,1395
5855,2927500,0.0,0.0,0.2,-0.57,0.12,-0.09,-391.3,-340.3,-243.9,-400,-350,-250,1375,1390,1368,1388
5856,2928000,0.0,0.0,0.2,-0.56,0.11,-0.09,-392.8,-342.8,-252.5,-400,-350,-250,1353,1370,1393,1372
5857,2928500,-0.0,0.0,0.2,-0.54,0.11,-0.09,-394.8,-341.8,-248.5,-400,-350,-250,1378,1361,1376,1360
5858,2929000,-0.0,0.0,0.2,-0.52,0.1,-0.09,-396.4,-347.2,-246.3,-400,-350,-250,1385,1361,1353,1374
5859,2929500,-0.0,0.0,0.2,-0.51,0.1,-0.09,-394.9,-351.1,-249.6,-400,-350,-250,1365,1375,1360,1365
5860,2930000,-0.0,0.0,0.2,-0.49,0.09,-0.09,-401.3,-351.0,-256.1,-400,-350,-250,1364,1337,1370,1363
5861,2930500,-0.1,0.0,0.2,-0.47,0.09,-0.09,-392.6,-348.0,-253.3,-400,-350,-250,1363,1369,1387,1364
5862,2931000,-0.1,0.0,0.2,-0.46,0.09,-0.09,-398.0,-347.2,-245.2,-400,-350,-250,1385,1370,1383,1360
5863,2931500,-0.1,0.0,0.2,-0.44,0.08,-0.09,-403.8,-346.3,-241.9,-400,-350,-250,1373,1374,1378,1393
5864,2932000,-0.1,0.0,0.2,-0.42,0.08,-0.09,-402.1,-346.1,-253.5,-400,-350,-250,1394,1359,1364,1376
5865,2932500,-0.1,0.0,0.2,-0.41,0.07,-0.09,-391.3,-351.2,-247.7,-400,-350,-250,1369,1383,1394,1357
5866,2933000,-0.1,0.0,0.2,-0.39,0.07,-0.09,-395.0,-345.5,-248.3,-400,-350,-250,1358,1374,1401,1383
5867,2933500,-0.1,0.0,0.2,-0.37,0.07,-0.08,-398.8,-352.6,-247.9,-400,-350,-250,1359,1377,1373,1368
5868,2934000,-0.1,0.0,0.2,-0.35,0.06,-0.08,-389.7,-348.1,-253.8,-400,-350,-250,1355,1366,1362,1381
5869,2934500,-0.1,0.0,0.2,-0.34,0.06,-0.08,-397.3,-342.3,-250.0,-400,-350,-250,1358,1354,1362,1373
5870,2935000,-0.1,0.0,0.1,-0.32,0.06,-0.08,-396.4,-351.3,-250.1,-400,-350,-250,1344,1349,1379,1364
5871,2935500,-0.2,0.0,0.1,-0.3,0.05,-0.08,-396.8,-355.4,-249.2,-400,-350,-250,1366,1402,1386,1340
5872,2936000,-0.2,0.0,0.1,-0.29,0.05,-0.08,-390.5,-352.4,-250.3,-400,-350,-250,1391,1360,1347,1356
5873,2936500,-0.2,0.0,0.1,-0.27,0.05,-0.08,-397.5,-345.4,-247.7,-400,-350,-250,1356,1357,1385,1361
5874,2937000,-0.2,0.0,0.1,-0.26,0.04,-0.08,-398.9,-355.1,-256.1,-400,-350,-250,1372,1403,1348,1359
5875,2937500,-0.2,0.0,0.1,-0.24,0.04,-0.08,-395.0,-352.6,-248.6,-400,-350,-250,1361,1351,1367,1343
5876,2938000,-0.2,0.0,0.1,-0.22,0.04,-0.08,-401.1,-348.9,-258.2,-400,-350,-250,1364,1363,1403,1336
5877,2938500,-0.2,0.0,0.1,-0.21,0.03,-0.08,-398.8,-353.0,-254.4,-400,-350,-250,1310,1356,1366,1365
5878,2939000,-0.2,0.1,0.1,-0.19,0.03,-0.08,-394.6,-354.0,-258.1,-400,-350,-250,1345,1348,1354,1344
5879,2939500,-0.2,0.1,0.1,-0.18,0.03,-0.08,-404.1,-352.4,-254.4,-400,-350,-250,1354,1361,1355,1360
5880,2940000,-0.2,0.1,0.1,-0.16,0.02,-0.08,-403.4,-353.7,-254.0,-400,-350,-250,1377,1360,1349,1344
5881,2940500,-0.2,0.1,0.1,-0.15,0.02,-0.08,-395.0,-355.9,-256.3,-400,-350,-250,1360,1324,1388,1369
5882,2941000,-0.2,0.1,0.1,-0.13,0.02,-0.08,-398.1,-354.9,-254.9,-400,-350,-250,1359,1371,1323,1373
5883,2941500,-0.2,0.1,0.1,-0.12,0.02,-0.08,-403.8,-359.9,-255.4,-400,-350,-250,1381,1378,1386,1368
5884,2942000,-0.2,0.1,0.1,-0.1,0.01,-0.08,-398.4,-353.2,-259.7,-400,-350,-250,1365,1360,1373,1354
5885,2942500,-0.2,0.1,0.1,-0.09,0.01,-0.08,-401.8,-350.9,-252.9,-400,-350,-250,1348,1368,1361,1371
5886,2943000,-0.2,0.1,0.1,-0.08,0.01,-0.07,-397.6,-351.9,-260.7,-400,-350,-250,1393,1368,1363,1373
5887,2943500,-0.2,0.1,0.1,-0.06,0.01,-0.07,-406.1,-352.8,-257.2,-400,-350,-250,1363,1348,1351,1364
5888,2944000,-0.2,0.1,0.1,-0.05,0.0,-0.07,-402.7,-355.5,-255.4,-400,-350,-250,1381,1392,1359,1353
5889,2944500,-0.2,0.1,0.1,-0.04,0.0,-0.07,-411.1,-355.1,-251.1,-400,-350,-250,1343,1359,1352,1346
5890,2945000,-0.2,0.1,0.1,-0.03,0.0,-0.07,-391.9,-359.3,-257.1,-400,-350,-250,1365,1358,1370,1377
5891,2945500,-0.2,0.1,0.1,-0.01,-0.0,-0.07,-403.3,-361.8,-263.8,-400,-350,-250,1348,1374,1367,1354
5892,2946000,-0.2,0.1,0.1,-0.0,-0.0,-0.07,-403.1,-353.8,-251.6,-400,-350,-250,1382,1390,1369,1353
5893,2946500,-0.2,0.1,0.1,0.01,-0.01,-0.07,-405.5,-354.8,-258.4,-400,-350,-250,1346,1368,1366,1362
5894,2947000,-0.2,0.1,0.1,0.02,-0.01,-0.07,-406.4,-358.4,-256.8,-400,-350,-250,1371,1323,1354,1364
5895,2947500,-0.2,0.1,0.1,0.03,-0.01,-0.07,-407.8,-353.2,-258.1,-400,-350,-250,1348,1374,1375,1360
5896,2948000,-0.2,0.1,0.1,0.04,-0.01,-0.07,-409.0,-351.1,-256.8,-400,-350,-250,1381,1369,1365,1341
5897,2948500,-0.2,0.1,0.1,0.05,-0.01,-0.07,-397.6,-356.0,-258.8,-400,-350,-250,1341,1357,1326,1359
5898,2949000,-0.2,0.1,0.1,0.06,-0.01,-0.07,-403.1,-359.0,-250.1,-400,-350,-250,1359,1359,1394,1366
5899,2949500,-0.2,0.1,0.1,0.07,-0.01,-0.07,-408.0,-365.8,-260.0,-400,-350,-250,1374,1342,1375,1332
5900,2950000,-0.2,0.1,0.1,0.08,-0.02,-0.07,-401.3,-359.6,-260.5,-400,-350,-250,1366,1351,1337,1350
5901,2950500,-0.2,0.1,0.1,0.08,-0.02,-0.06,-404.9,-354.6,-256.6,-400,-350,-250,1348,1351,1357,1348
5902,2951000,-0.2,0.1,0.1,0.09,-0.02,-0.06,-400.2,-358.7,-260.3,-400,-350,-250,1341,1389,1360,1356
5903,2951500,-0.2,0.1,0.1,0.1,-0.02,-0.06,-406.3,-352.2,-257.7,-400,-350,-250,1360,1329,1349,1364
5904,2952000,-0.2,0.0,0.1,0.11,-0.02,-0.06,-400.3,-348.2,-255.1,-400,-350,-250,1350,1361,1367,1351
5905,2952500,-0.2,0.0,0.1,0.12,-0.02,-0.06,-402.7,-354.8,-257.6,-400,-350,-250,1351,1358,1350,1357
5906,2953000,-0.2,0.0,0.1,0.12,-0.02,-0.06,-401.2,-356.0,-254.1,-400,-350,-250,1350,1352,1344,1364
5907,2953500,-0.2,0.0,0.1,0.13,-0.02,-0.06,-406.9,-362.5,-260.6,-400,-350,-250,1383,1358,1356,1350
5908,2954000,-0.2,0.0,0.1,0.13,-0.02,-0.06,-401.3,-362.9,-261.1,-400,-350,-250,1347,1364,1377,1358
5909,2954500,-0.2,0.0,0.1,0.14,-0.03,-0.06,-402.9,-364.3,-260.7,-400,-350,-250,1340,1364,1339,1333
5910,2955000,-0.2,0.0,0.1,0.15,-0.03,-0.06,-403.2,-365.4,-261.6,-400,-350,-250,1346,1334,1352,1361
5911,2955500,-0.2,0.0,0.1,0.15,-0.03,-0.06,-401.9,-360.4,-262.0,-400,-350,-250,1357,1357,1360,1379
5912,2956000,-0.2,0.0,0.1,0.15,-0.03,-0.06,-415.1,-355.4,-259.7,-400,-350,-250,1343,1343,1344,1363
5913,2956500,-0.2,0.0,0.1,0.16,-0.03,-0.06,-398.1,-361.4,-253.0,-400,-350,-250,1362,1349,1375,1320
5914,2957000,-0.2,0.0,0.1,0.16,-0.03,-0.06,-405.0,-357.3,-257.8,-400,-350,-250,1325,1365,1352,1357
5915,2957500,-0.2,0.0,0.1,0.17,-0.03,-0.05,-403.6,-365.6,-254.5,-400,-350,-250,1375,1363,1343,1352
5916,2958000,-0.2,0.0,0.1,0.17,-0.03,-0.05,-413.6,-363.4,-258.1,-400,-350,-250,1364,1355,1341,1345
5917,2958500,-0.2,0.0,0.1,0.17,-0.03,-0.05,-405.5,-352.9,-259.0,-400,-350,-250,1376,1352,1366,1354
5918,2959000,-0.2,0.0,0.1,0.18,-0.03,-0.05,-409.6,-361.3,-254.9,-400,-350,-250,1355,1329,1368,1366
5919,2959500,-0.2,0.0,0.1,0.18,-0.03,-0.05,-405.8,-354.8,-258.4,-400,-350,-250,1357,1341,1356,1365
5920,2960000,-0.1,0.0,0.1,0.18,-0.03,-0.05,-406.4,-365.3,-251.9,-400,-350,-250,1360,1343,1337,1353
5921,2960500,-0.1,0.0,0.1,0.18,-0.03,-0.05,-414.0,-360.1,-255.2,-400,-350,-250,1345,1343,1360,1362
5922,2961000,-0.1,0.0,0.1,0.18,-0.03,-0.05,-412.0,-356.7,-255.2,-400,-350,-250,1340,1377,1337,1366
5923,2961500,-0.1,0.0,0.1,0.19,-0.03,-0.05,-405.8,-356.8,-261.1,-400,-350,-250,1351,1378,1336,1347
5924,2962000,-0.1,0.0,0.1,0.19,-0.03,-0.05,-399.0,-359.6,-261.3,-400,-350,-250,1372,1348,1341,1345
5925,2962500,-0.1,0.0,0.1,0.19,-0.03,-0.05,-406.8,-357.7,-258.7,-400,-350,-250,1340,1366,1388,1356
5926,2963000,-0.1,0.0,0.1,0.19,-0.03,-0.05,-413.3,-364.8,-259.4,-400,-350,-250,1349,1336,1351,1349
5927,2963500,-0.1,0.0,0.1,0.19,-0.03,-0.05,-407.1,-363.6,-263.9,-400,-350,-250,1344,1346,1339,1363
5928,2964000,-0.1,0.0,0.1,0.19,-0.03,-0.05,-408.3,-367.6,-261.3,-400,-350,-250,1363,1341,1336,1347
5929,2964500,-0.1,0.0,0.1,0.19,-0.03,-0.04,-416.6,-362.5,-258.3,-400,-350,-250,1360,1363,1363,1347
5930,2965000,-0.1,0.0,0.1,0.19,-0.03,-0.04,-406.0,-353.5,-260.2,-400,-350,-250,1359,1354,1362,1352
5931,2965500,-0.1,0.0,0.1,0.19,-0.03,-0.04,-404.0,-360.1,-262.8,-400,-350,-250,1348,1343,1363,1360
5932,2966000,-0.1,0.0,0.1,0.19,-0.03,-0.04,-408.5,-361.8,-256.2,-400,-350,-250,1349,1348,1371,1356
5933,2966500,-0.1,0.0,0.0,0.19,-0.03,-0.04,-405.6,-360.6,-265.3,-400,-350,-250,1365,1358,1373,1350
5934,2967000,-0.1,0.0,0.0,0.18,-0.03,-0.04,-410.7,-370.5,-257.2,-400,-350,-250,1347,1336,1345,1374
5935,2967500,-0.1,0.0,0.0,0.18,-0.03,-0.04,-409.2,-357.8,-256.1,-400,-350,-250,1362,1322,1346,1351
5936,2968000,-0.1,0.0,0.0,0.18,-0.03,-0.04,-409.8,-365.1,-259.3,-400,-350,-250,1339,1362,1361,1349
5937,2968500,-0.1,0.0,0.0,0.18,-0.03,-0.04,-405.2,-357.3,-264.0,-400,-350,-250,1358,1351,1356,1348
5938,2969000,-0.1,0.0,0.0,0.18,-0.03,-0.04,-409.9,-357.0,-256.4,-400,-350,-250,1365,1375,1351,1355
5939,2969500,-0.1,0.0,0.0,0.18,-0.03,-0.04,-405.5,-356.4,-261.4,-400,-350,-250,1359,1357,1367,1351
5940,2970000,-0.1,0.0,0.0,0.17,-0.03,-0.04,-414.4,-362.1,-257.3,-400,-350,-250,1342,1348,1333,1340
5941,2970500,-0.1,0.0,0.0,0.17,-0.03,-0.04,-408.2,-352.4,-264.0,-400,-350,-250,1337,1355,1344,1348
5942,2971000,-0.0,0.0,0.0,0.17,-0.03,-0.04,-402.9,-353.7,-263.8,-400,-350,-250,1331,1348,1368,1329
5943,2971500,-0.0,0.0,0.0,0.17,-0.03,-0.04,-407.4,-359.5,-263.0,-400,-350,-250,1320,1349,1308,1316
5944,2972000,-0.0,0.0,0.0,0.16,-0.03,-0.04,-404.7,-362.4,-260.1,-400,-350,-250,1359,1352,1363,1362
5945,2972500,-0.0,0.0,0.0,0.16,-0.03,-0.03,-410.3,-357.6,-263.3,-400,-350,-250,1350,1337,1328,1343
5946,2973000,-0.0,0.0,0.0,0.16,-0.03,-0.03,-407.7,-354.1,-257.8,-400,-350,-250,1357,1333,1356,1354
5947,2973500,-0.0,0.0,0.0,0.15,-0.03,-0.03,-407.0,-361.8,-261.2,-400,-350,-250,1356,1371,1333,1349
5948,2974000,-0.0,0.0,0.0,0.15,-0.03,-0.03,-411.4,-366.5,-256.7,-400,-350,-250,1352,1360,1330,1358
5949,2974500,-0.0,0.0,0.0,0.15,-0.03,-0.03,-401.9,-357.1,-264.3,-400,-350,-250,1367,1352,1345,1359
5950,2975000,-0.0,0.0,0.0,0.14,-0.03,-0.03,-404.7,-360.1,-261.4,-400,-350,-250,1332,1351,1317,1312
5951,2975500,-0.0,0.0,0.0,0.14,-0.03,-0.03,-404.9,-359.6,-259.1,-400,-350,-250,1333,1352,1338,1354
5952,2976000,-0.0,0.0,0.0,0.14,-0.03,-0.03,-410.4,-362.5,-257.2,-400,-350,-250,1343,1347,1333,1344
5953,2976500,-0.0,0.0,0.0,0.13,-0.03,-0.03,-408.4,-358.4,-255.5,-400,-350,-250,1348,1357,1351,1359
5954,2977000,-0.0,0.0,0.0,0.13,-0.03,-0.03,-410.9,-358.4,-262.6,-400,-350,-250,1349,1365,1344,1340
5955,2977500,0.0,0.0,0.0,0.13,-0.02,-0.03,-405.5,-359.2,-257.4,-400,-350,-250,1369,1336,1340,1346
5956,2978000,0.0,0.0,0.0,0.12,-0.02,-0.03,-407.8,-359.2,-266.3,-400,-350,-250,1345,1333,1367,1362
5957,2978500,0.0,0.0,0.0,0.12,-0.02,-0.03,-412.2,-351.2,-261.8,-400,-350,-250,1353,1367,1328,1310
5958,2979000,0.0,0.0,0.0,0.11,-0.02,-0.03,-405.4,-359.1,-258.2,-400,-350,-250,1349,1360,1356,1336
5959,2979500,0.0,0.0,0.0,0.11,-0.02,-0.03,-405.3,-358.7,-259.9,-400,-350,-250,1350,1367,1314,1346
5960,2980000,0.0,0.0,0.0,0.11,-0.02,-0.03,-412.6,-356.1,-261.8,-400,-350,-250,1358,1326,1350,1369
5961,2980500,0.0,0.0,0.0,0.1,-0.02,-0.03,-404.8,-355.9,-260.1,-400,-350,-250,1359,1305,1336,1371
5962,2981000,0.0,0.0,0.0,0.1,-0.02,-0.03,-408.7,-359.5,-259.8,-400,-350,-250,1339,1303,1335,1361
5963,2981500,0.0,0.0,0.0,0.09,-0.02,-0.03,-408.9,-358.9,-257.8,-400,-350,-250,1330,1321,1347,1365
5964,2982000,0.0,0.0,0.0,0.09,-0.02,-0.03,-403.6,-353.1,-256.2,-400,-350,-250,1342,1329,1334,1367
5965,2982500,0.0,0.0,0.0,0.09,-0.02,-0.02,-412.1,-354.6,-265.5,-400,-350,-250,1360,1338,1334,1366
5966,2983000,0.0,0.0,0.0,0.08,-0.02,-0.02,-409.4,-360.8,-252.7,-400,-350,-250,1340,1328,1306,1338
5967,2983500,0.0,0.0,0.0,0.08,-0.02,-0.02,-403.4,-357.0,-258.5,-400,-350,-250,1308,1351,1325,1361
5968,2984000,0.0,0.0,0.0,0.08,-0.02,-0.02,-415.9,-364.4,-262.4,-400,-350,-250,1324,1357,1332,1336
5969,2984500,0.0,0.0,0.0,0.07,-0.02,-0.02,-409.4,-353.3,-257.4,-400,-350,-250,1365,1352,1338,1362
5970,2985000,0.0,0.0,0.0,0.07,-0.02,-0.02,-416.9,-359.8,-255.4,-400,-350,-250,1330,1328,1331,1351
5971,2985500,0.0,0.0,0.0,0.06,-0.02,-0.02,-410.1,-360.5,-248.9,-400,-350,-250,1345,1350,1325,1344
5972,2986000,0.0,0.0,0.0,0.06,-0.02,-0.02,-405.7,-362.6,-256.3,-400,-350,-250,1319,1344,1348,1358
5973,2986500,0.0,0.0,0.0,0.06,-0.02,-0.02,-404.5,-349.1,-257.2,-400,-350,-250,1307,1334,1339,1301
5974,2987000,0.0,0.0,0.0,0.05,-0.02,-0.02,-413.1,-352.0,-252.6,-400,-350,-250,1325,1298,1356,1333
5975,2987500,0.0,0.0,0.0,0.05,-0.02,-0.02,-409.8,-359.0,-259.2,-400,-350,-250,1322,1334,1299,1345
5976,2988000,0.0,0.0,0.0,0.05,-0.01,-0.02,-412.3,-359.9,-254.0,-400,-350,-250,1326,1341,1308,1319
5977,2988500,0.0,0.0,0.0,0.04,-0.01,-0.02,-408.2,-355.6,-257.9,-400,-350,-250,1353,1359,1324,1319
5978,2989000,0.0,0.0,0.0,0.04,-0.01,-0.02,-403.4,-351.3,-250.2,-400,-350,-250,1337,1332,1340,1328
5979,2989500,0.0,0.0,0.0,0.04,-0.01,-0.02,-399.6,-355.2,-253.4,-400,-350,-250,1343,1335,1351,1333
5980,2990000,0.0,0.0,0.0,0.03,-0.01,-0.02,-403.8,-350.0,-248.4,-400,-350,-250,1336,1347,1340,1344
5981,2990500,0.0,0.0,0.0,0.03,-0.01,-0.02,-406.7,-356.5,-254.1,-400,-350,-250,1300,1348,1347,1330
5982,2991000,0.0,-0.0,0.0,0.03,-0.01,-0.02,-399.2,-353.5,-256.0,-400,-350,-250,1351,1351,1335,1321
5983,2991500,0.1,-0.0,0.0,0.02,-0.01,-0.02,-413.0,-353.8,-255.3,-400,-350,-250,1317,1356,1355,1343
5984,2992000,0.1,-0.0,0.0,0.02,-0.01,-0.02,-405.0,-363.1,-256.3,-400,-350,-250,1334,1339,1340,1356
5985,2992500,0.1,-0.0,0.0,0.02,-0.01,-0.02,-405.8,-351.7,-262.1,-400,-350,-250,1347,1352,1303,1343
5986,2993000,0.1,-0.0,0.0,0.01,-0.01,-0.02,-408.5,-348.7,-258.3,-400,-350,-250,1319,1321,1338,1323
5987,2993500,0.1,-0.0,0.0,0.01,-0.01,-0.02,-406.3,-350.8,-253.0,-400,-350,-250,1332,1345,1336,1307
5988,2994000,0.1,-0.0,0.0,0.01,-0.01,-0.02,-399.9,-361.2,-250.7,-400,-350,-250,1315,1331,1344,1320
5989,2994500,0.1,-0.0,0.0,0.0,-0.01,-0.02,-404.4,-347.4,-254.1,-400,-350,-250,1339,1317,1325,1340
5990,2995000,0.1,-0.0,0.0,0.0,-0.01,-0.01,-403.8,-357.5,-258.3,-400,-350,-250,1315,1323,1347,1329
5991,2995500,0.1,-0.0,0.0,-0.0,-0.01,-0.01,-407.0,-350.3,-248.7,-400,-350,-250,1341,1341,1342,1336
5992,2996000,0.1,-0.0,0.0,-0.0,-0.01,-0.01,-403.7,-351.5,-255.5,-400,-350,-250,1334,1348,1324,1320
5993,2996500,0.1,-0.0,0.0,-0.01,-0.01,-0.01,-406.9,-357.6,-252.4,-400,-350,-250,1324,1357,1337,1329
5994,2997000,0.1,-0.0,0.0,-0.01,-0.01,-0.01,-405.1,-354.5,-261.0,-400,-350,-250,1336,1322,1303,1338
5995,2997500,0.1,-0.0,0.0,-0.01,-0.01,-0.01,-399.9,-348.0,-258.8,-400,-350,-250,1334,1341,1308,1323
5996,2998000,0.1,-0.0,0.0,-0.01,-0.01,-0.01,-402.0,-346.0,-247.1,-400,-350,-250,1323,1345,1321,1325
5997,2998500,0.1,-0.0,0.0,-0.01,-0.01,-0.01,-406.2,-352.6,-247.6,-400,-350,-250,1339,1344,1357,1327
5998,2999000,0.1,-0.0,0.0,-0.02,-0.01,-0.01,-399.5,-351.7,-251.2,-400,-350,-250,1326,1323,1342,1349
5999,2999500,0.0,-0.0,0.0,-0.02,-0.01,-0.01,-403.7,-349.2,-247.7,-400,-350,-250,1342,1376,1314,1301
6000,3000000,80.0,69.9,50.0,-3.94,-2.53,-0.81,-396.7,-358.1,-244.6,400,350,250,1336,1355,1316,1315
6001,3000500,79.8,69.8,49.9,-7.74,-4.95,-1.58,-386.8,-348.0,-246.5,400,350,250,1331,1347,1324,1315
6002,3001000,79.5,69.6,49.9,-11.42,-7.29,-2.33,-393.6,-341.8,-246.9,400,350,250,1321,1330,1319,1325
6003,3001500,79.1,69.4,49.8,-14.98,-9.53,-3.05,-391.7,-345.3,-247.8,400,350,250,1338,1298,1338,1326
6004,3002000,78.6,69.1,49.7,-18.42,-11.69,-3.74,-390.0,-343.9,-242.8,400,350,250,1323,1332,1335,1312
6005,3002500,78.1,68.8,49.6,-21.73,-13.75,-4.41,-380.4,-341.2,-246.2,400,350,250,1332,1317,1346,1325
6006,3003000,77.5,68.4,49.5,-24.92,-15.73,-5.05,-378.9,-324.6,-251.8,400,350,250,1348,1341,1342,1316
6007,3003500,76.8,67.9,49.3,-27.98,-17.63,-5.67,-370.4,-322.9,-237.4,400,350,250,1331,1338,1326,1316
6008,3004000,76.0,67.4,49.2,-30.92,-19.44,-6.27,-362.1,-322.1,-240.5,400,350,250,1313,1331,1344,1331
6009,3004500,75.2,66.9,49.0,-33.73,-21.17,-6.84,-348.7,-322.4,-242.7,400,350,250,1327,1324,1337,1328
6010,3005000,74.2,66.3,48.8,-36.42,-22.81,-7.4,-347.2,-314.6,-232.1,400,350,250,1329,1316,1344,1334
6011,3005500,73.3,65.7,48.6,-38.99,-24.38,-7.93,-331.5,-304.1,-233.9,400,350,250,1337,1337,1344,1319
6012,3006000,72.2,65.1,48.4,-41.44,-25.87,-8.43,-320.9,-300.0,-235.8,400,350,250,1325,1285,1329,1327
6013,3006500,71.1,64.4,48.2,-43.76,-27.28,-8.92,-302.7,-289.4,-238.3,400,350,250,1334,1317,1331,1332
6014,3007000,70.0,63.7,48.0,-45.96,-28.62,-9.39,-302.5,-284.4,-221.5,400,350,250,1309,1314,1329,1338
6015,3007500,68.8,62.9,47.7,-48.03,-29.88,-9.84,-286.4,-280.3,-222.4,400,350,250,1334,1320,1323,1347
6016,3008000,67.5,62.2,47.5,-49.99,-31.07,-10.27,-285.4,-274.5,-218.0,400,350,250,1344,1314,1322,1335
6017,3008500,66.2,61.4,47.2,-51.83,-32.19,-10.68,-255.2,-263.6,-213.4,400,350,250,1341,1309,1332,1309
6018,3009000,64.9,60.5,46.9,-53.56,-33.24,-11.07,-247.7,-259.4,-213.5,400,350,250,1331,1320,1324,1286
6019,3009500,63.5,59.7,46.6,-55.16,-34.22,-11.44,-233.9,-242.2,-213.7,400,350,250,1325,1290,1317,1347
6020,3010000,62.1,58.8,46.3,-56.65,-35.13,-11.8,-217.7,-237.9,-204.5,400,350,250,1314,1337,1340,1316
6021,3010500,60.7,57.9,46.0,-58.03,-35.99,-12.14,-200.6,-229.0,-208.2,400,350,250,1327,1311,1344,1327
6022,3011000,59.2,57.0,45.7,-59.3,-36.77,-12.46,-193.6,-209.2,-199.8,400,350,250,1320,1326,1335,1318
6023,3011500,57.7,56.0,45.4,-60.45,-37.5,-12.77,-164.9,-207.8,-201.2,400,350,250,1339,1330,1327,1310
6024,3012000,56.1,55.1,45.1,-61.5,-38.17,-13.06,-153.8,-193.6,-192.4,400,350,250,1333,1329,1350,1306
6025,3012500,54.6,54.1,44.7,-62.44,-38.78,-13.34,-140.7,-185.9,-191.3,400,350,250,1316,1297,1327,1327
6026,3013000,53.0,53.1,44.4,-63.28,-39.33,-13.6,-116.0,-179.9,-188.3,400,350,250,1304,1315,1338,1319
6027,3013500,51.4,52.1,44.1,-64.02,-39.83,-13.85,-104.9,-167.2,-183.4,400,350,250,1323,1331,1303,1336
6028,3014000,49.8,51.1,43.7,-64.65,-40.27,-14.09,-91.4,-155.6,-175.6,400,350,250,1329,1291,1334,1314
6029,3014500,48.1,50.1,43.3,-65.19,-40.66,-14.31,-76.0,-142.4,-172.7,400,350,250,1310,1323,1322,1317
6030,3015000,46.5,49.1,43.0,-65.63,-41.0,-14.51,-63.5,-142.5,-177.5,400,350,250,1328,1323,1334,1353
6031,3015500,44.8,48.0,42.6,-65.98,-41.29,-14.71,-43.4,-119.2,-169.1,400,350,250,1310,1341,1300,1330
6032,3016000,43.2,47.0,42.2,-66.24,-41.53,-14.89,-26.2,-111.3,-154.5,400,350,250,1317,1321,1298,1329
6033,3016500,41.5,46.0,41.9,-66.41,-41.73,-15.06,-8.4,-102.6,-160.6,400,350,250,1297,1340,1305,1323
6034,3017000,39.9,44.9,41.5,-66.49,-41.88,-15.22,10.1,-97.6,-159.2,400,350,250,1312,1306,1315,1330
6035,3017500,38.2,43.9,41.1,-66.49,-41.99,-15.36,23.7,-72.9,-152.6,400,350,250,1321,1312,1323,1313
6036,3018000,36.5,42.8,40.7,-66.41,-42.06,-15.5,42.8,-68.2,-148.7,400,350,250,1327,1313,1344,1313
6037,3018500,34.9,41.8,40.3,-66.25,-42.09,-15.62,57.6,-61.3,-142.4,400,350,250,1319,1349,1290,1335
6038,3019000,33.2,40.7,39.9,-66.01,-42.08,-15.74,77.2,-37.8,-140.6,400,350,250,1308,1335,1328,1315
6039,3019500,31.6,39.7,39.5,-65.7,-42.03,-15.84,85.9,-44.3,-135.2,400,350,250,1310,1305,1300,1291
6040,3020000,30.0,38.6,39.1,-65.31,-41.94,-15.93,114.6,-24.2,-132.8,400,350,250,1350,1329,1305,1290
6041,3020500,28.3,37.6,38.7,-64.86,-41.82,-16.02,121.7,-15.7,-129.7,400,350,250,1336,1311,1316,1331
6042,3021000,26.7,36.5,38.3,-64.34,-41.67,-16.09,146.4,-5.9,-125.0,400,350,250,1323,1316,1319,1314
6043,3021500,25.1,35.5,37.9,-63.76,-41.48,-16.16,152.8,3.8,-124.0,400,350,250,1329,1293,1295,1322
6044,3022000,23.6,34.5,37.5,-63.12,-41.27,-16.22,173.8,16.5,-118.9,400,350,250,1318,1309,1304,1314
6045,3022500,22.0,33.4,37.1,-62.42,-41.02,-16.27,193.9,26.3,-110.6,400,350,250,1317,1323,1309,1326
6046,3023000,20.5,32.4,36.7,-61.66,-40.75,-16.31,202.1,37.7,-110.7,400,350,250,1310,1334,1320,1320
6047,3023500,18.9,31.4,36.3,-60.85,-40.45,-16.34,223.9,42.6,-104.5,400,350,250,1299,1323,1311,1315
6048,3024000,17.4,30.4,35.9,-59.99,-40.12,-16.37,232.1,56.5,-96.0,400,350,250,1321,1314,1303,1297
6049,3024500,16.0,29.4,35.5,-59.08,-39.77,-16.38,259.1,61.4,-95.4,400,350,250,1331,1295,1317,1323
6050,3025000,14.5,28.4,35.1,-58.13,-39.4,-16.39,265.3,78.8,-94.5,400,350,250,1324,1326,1307,1335
6051,3025500,13.1,27.4,34.7,-57.13,-39.01,-16.4,278.1,91.6,-94.8,400,350,250,1341,1311,1298,1300
6052,3026000,11.7,26.5,34.3,-56.09,-38.59,-16.39,292.7,94.7,-87.9,400,350,250,1294,1348,1310,1306
6053,3026500,10.3,25.5,33.8,-55.01,-38.15,-16.39,310.7,97.3,-80.8,400,350,250,1312,1321,1327,1337
6054,3027000,9.0,24.6,33.4,-53.9,-37.7,-16.37,322.5,109.3,-81.6,400,350,250,1314,1287,1297,1321
6055,3027500,7.6,23.7,33.0,-52.75,-37.23,-16.35,337.1,124.2,-74.4,400,350,250,1326,1314,1288,1297
6056,3028000,6.3,22.7,32.6,-51.58,-36.74,-16.32,349.2,133.3,-69.4,400,350,250,1310,1306,1326,1316
6057,3028500,5.1,21.8,32.2,-50.37,-36.23,-16.29,357.8,135.6,-60.5,400,350,250,1316,1309,1312,1324
6058,3029000,3.9,20.9,31.8,-49.14,-35.72,-16.25,371.6,150.6,-57.4,400,350,250,1336,1295,1305,1336
6059,3029500,2.7,20.1,31.4,-47.89,-35.18,-16.21,382.2,158.5,-62.4,400,350,250,1322,1298,1332,1315
6060,3030000,1.5,19.2,31.0,-46.61,-34.64,-16.16,394.0,161.8,-62.9,400,350,250,1307,1317,1303,1310
6061,3030500,0.4,18.3,30.6,-45.31,-34.08,-16.1,404.4,173.0,-48.5,400,350,250,1295,1308,1314,1292
6062,3031000,-0.7,17.5,30.2,-44.0,-33.52,-16.05,416.5,171.7,-45.4,400,350,250,1307,1324,1323,1312
6063,3031500,-1.8,16.7,29.8,-42.67,-32.94,-15.98,417.7,193.9,-41.4,400,350,250,1353,1308,1348,1321
6064,3032000,-2.8,15.9,29.4,-41.33,-32.35,-15.92,431.2,197.4,-38.6,400,350,250,1308,1310,1309,1337
6065,3032500,-3.8,15.1,29.0,-39.97,-31.76,-15.85,444.1,206.6,-42.2,400,350,250,1278,1305,1297,1333
6066,3033000,-4.8,14.3,28.6,-38.61,-31.16,-15.77,449.8,204.4,-41.7,400,350,250,1300,1314,1286,1291
6067,3033500,-5.7,13.5,28.2,-37.24,-30.55,-15.69,455.1,209.9,-29.8,400,350,250,1319,1317,1338,1326
6068,3034000,-6.6,12.8,27.8,-35.86,-29.94,-15.61,473.0,223.9,-27.3,400,350,250,1340,1292,1315,1318
6069,3034500,-7.5,12.1,27.4,-34.48,-29.32,-15.52,474.6,229.3,-15.2,400,350,250,1290,1281,1285,1278
6070,3035000,-8.3,11.3,27.0,-33.1,-28.7,-15.44,491.2,240.7,-18.9,400,350,250,1302,1289,1297,1309
6071,3035500,-9.1,10.6,26.7,-31.72,-28.07,-15.34,490.7,252.0,-13.2,400,350,250,1312,1312,1319,1292
6072,3036000,-9.9,9.9,26.3,-30.34,-27.45,-15.25,497.7,258.8,-21.0,400,350,250,1311,1316,1295,1315
6073,3036500,-10.6,9.3,25.9,-28.97,-26.82,-15.15,508.7,259.9,-4.3,400,350,250,1309,1298,1331,1298
6074,3037000,-11.3,8.6,25.5,-27.6,-26.19,-15.05,520.0,267.7,-6.9,400,350,250,1330,1311,1314,1291
6075,3037500,-11.9,8.0,25.2,-26.23,-25.55,-14.95,522.7,271.0,-0.1,400,350,250,1313,1286,1312,1303
6076,3038000,-12.6,7.4,24.8,-24.88,-24.92,-14.84,522.6,275.0,-1.9,400,350,250,1297,1317,1304,1300
6077,3038500,-13.1,6.8,24.4,-23.53,-24.29,-14.73,526.4,272.8,-1.5,400,350,250,1330,1297,1290,1298
6078,3039000,-13.7,6.2,24.0,-22.19,-23.66,-14.62,535.8,287.4,7.4,400,350,250,1341,1298,1297,1312
6079,3039500,-14.2,5.6,23.7,-20.87,-23.03,-14.51,540.4,294.1,11.3,400,350,250,1298,1308,1324,1299
6080,3040000,-14.7,5.0,23.3,-19.56,-22.4,-14.4,545.6,301.6,10.1,400,350,250,1273,1304,1321,1302
6081,3040500,-15.2,4.5,23.0,-18.26,-21.77,-14.28,553.0,298.7,15.8,400,350,250,1312,1275,1316,1347
6082,3041000,-15.6,4.0,22.6,-16.98,-21.15,-14.16,546.6,310.9,24.1,400,350,250,1309,1282,1303,1298
6083,3041500,-16.0,3.4,22.3,-15.72,-20.53,-14.04,555.4,318.5,19.1,400,350,250,1296,1324,1284,1294
6084,3042000,-16.3,2.9,21.9,-14.47,-19.92,-13.92,560.5,315.7,12.9,400,350,250,1321,1286,1300,1304
6085,3042500,-16.7,2.5,21.6,-13.25,-19.3,-13.8,559.3,319.4,29.6,400,350,250,1319,1324,1309,1298
6086,3043000,-17.0,2.0,21.2,-12.04,-18.7,-13.67,563.6,322.2,31.2,400,350,250,1306,1292,1297,1323
6087,3043500,-17.3,1.5,20.9,-10.86,-18.1,-13.55,561.5,323.0,31.0,400,350,250,1303,1283,1308,1282
6088,3044000,-17.5,1.1,20.6,-9.69,-17.5,-13.42,564.2,326.5,46.7,400,350,250,1298,1303,1298,1302
6089,3044500,-17.7,0.7,20.2,-8.55,-16.91,-13.29,571.3,335.3,45.8,400,350,250,1308,1307,1313,1310
6090,3045000,-17.9,0.3,19.9,-7.43,-16.33,-13.17,572.1,346.7,44.8,400,350,250,1313,1301,1314,1305
6091,3045500,-18.1,-0.1,19.6,-6.33,-15.75,-13.04,566.2,344.2,42.9,400,350,250,1296,1277,1259,1281
6092,3046000,-18.2,-0.5,19.2,-5.26,-15.18,-12.91,575.9,348.9,49.2,400,350,250,1316,1260,1306,1301
6093,3046500,-18.3,-0.9,18.9,-4.22,-14.61,-12.78,572.1,349.8,55.2,400,350,250,1288,1302,1279,1283
6094,3047000,-18.4,-1.2,18.6,-3.2,-14.05,-12.64,580.1,344.7,54.7,400,350,250,1312,1297,1315,1285
6095,3047500,-18.4,-1.6,18.3,-2.2,-13.5,-12.51,574.6,353.7,62.9,400,350,250,1287,1272,1283,1304
6096,3048000,-18.5,-1.9,18.0,-1.24,-12.96,-12.38,575.6,362.9,62.6,400,350,250,1346,1308,1284,1308
6097,3048500,-18.5,-2.2,17.7,-0.3,-12.43,-12.25,579.0,363.2,57.2,400,350,250,1294,1299,1296,1301
6098,3049000,-18.4,-2.5,17.4,0.62,-11.9,-12.11,572.5,366.9,66.7,400,350,250,1303,1280,1305,1308
6099,3049500,-18.4,-2.8,17.1,1.5,-11.38,-11.98,574.8,374.0,72.2,400,350,250,1301,1295,1309,1295
6100,3050000,-18.4,-3.0,16.8,2.36,-10.87,-11.84,581.8,375.9,70.7,400,350,250,1319,1330,1311,1326
6101,3050500,-18.3,-3.3,16.5,3.19,-10.37,-11.71,575.1,373.8,71.9,400,350,250,1288,1323,1286,1307
6102,3051000,-18.2,-3.6,16.2,3.99,-9.88,-11.58,583.3,376.1,85.5,400,350,250,1272,1287,1287,1302
6103,3051500,-18.1,-3.8,15.9,4.77,-9.4,-11.44,568.7,382.1,75.4,400,350,250,1271,1299,1312,1322
6104,3052000,-17.9,-4.0,15.6,5.51,-8.92,-11.31,565.1,377.4,84.6,400,350,250,1279,1301,1311,1302
6105,3052500,-17.8,-4.2,15.4,6.23,-8.46,-11.17,572.6,389.9,91.8,400,350,250,1295,1330,1289,1313
6106,3053000,-17.6,-4.4,15.1,6.91,-8.0,-11.04,564.8,392.0,95.2,400,350,250,1301,1300,1273,1295
6107,3053500,-17.4,-4.6,14.8,7.57,-7.55,-10.9,565.1,388.4,100.4,400,350,250,1280,1301,1283,1293
6108,3054000,-17.2,-4.8,14.5,8.2,-7.11,-10.77,566.2,391.4,104.6,400,350,250,1271,1289,1321,1295
6109,3054500,-17.0,-5.0,14.3,8.8,-6.69,-10.64,557.7,398.9,102.5,400,350,250,1306,1260,1280,1298
6110,3055000,-16.7,-5.1,14.0,9.38,-6.27,-10.5,554.2,391.4,103.5,400,350,250,1299,1286,1298,1288
6111,3055500,-16.5,-5.3,13.7,9.92,-5.86,-10.37,555.5,400.1,105.1,400,350,250,1289,1290,1322,1285
6112,3056000,-16.2,-5.4,13.5,10.44,-5.46,-10.24,558.4,398.8,105.3,400,350,250,1301,1298,1315,1311
6113,3056500,-16.0,-5.5,13.2,10.92,-5.07,-10.11,562.1,397.9,112.5,400,350,250,1296,1301,1282,1303
6114,3057000,-15.7,-5.6,13.0,11.39,-4.68,-9.97,557.8,400.6,114.4,400,350,250,1286,1291,1299,1300
6115,3057500,-15.4,-5.7,12.7,11.82,-4.31,-9.84,551.3,401.5,128.5,400,350,250,1279,1268,1285,1333
6116,3058000,-15.1,-5.8,12.5,12.22,-3.95,-9.71,548.7,408.3,116.7,400,350,250,1324,1263,1283,1279
6117,3058500,-14.8,-5.9,12.3,12.6,-3.6,-9.58,548.7,403.4,122.5,400,350,250,1287,1303,1294,1282
6118,3059000,-14.4,-6.0,12.0,12.96,-3.25,-9.45,546.8,411.1,122.9,400,350,250,1331,1270,1281,1302
6119,3059500,-14.1,-6.1,11.8,13.28,-2.92,-9.32,544.7,419.5,125.9,400,350,250,1305,1298,1290,1310
6120,3060000,-13.8,-6.2,11.6,13.58,-2.6,-9.19,539.9,419.5,137.9,400,350,250,1290,1309,1262,1280
6121,3060500,-13.4,-6.2,11.3,13.86,-2.28,-9.07,539.0,411.9,139.1,400,350,250,1284,1281,1289,1278
6122,3061000,-13.1,-6.3,11.1,14.11,-1.98,-8.94,526.1,411.5,139.2,400,350,250,1287,1277,1278,1301
6123,3061500,-12.7,-6.3,10.9,14.33,-1.68,-8.81,528.0,414.3,145.9,400,350,250,1289,1284,1281,1308
6124,3062000,-12.3,-6.3,10.7,14.53,-1.39,-8.69,530.5,416.6,149.6,400,350,250,1287,1300,1286,1307
6125,3062500,-12.0,-6.4,10.5,14.71,-1.11,-8.56,519.5,420.1,152.8,400,350,250,1281,1287,1282,1272
6126,3063000,-11.6,-6.4,10.2,14.86,-0.84,-8.44,520.2,420.2,150.3,400,350,250,1306,1313,1287,1288
6127,3063500,-11.2,-6.4,10.0,15.0,-0.58,-8.32,512.2,416.1,146.9,400,350,250,1312,1300,1298,1302
6128,3064000,-10.8,-6.4,9.8,15.1,-0.33,-8.19,512.6,424.1,154.8,400,350,250,1287,1298,1292,1288
6129,3064500,-10.5,-6.4,9.6,15.19,-0.09,-8.07,507.0,418.6,167.6,400,350,250,1322,1283,1293,1295
6130,3065000,-10.1,-6.4,9.4,15.26,0.14,-7.95,504.3,416.3,160.8,400,350,250,1288,1300,1277,1314
6131,3065500,-9.7,-6.4,9.2,15.3,0.37,-7.83,503.2,416.3,162.8,400,350,250,1277,1276,1290,1288
6132,3066000,-9.3,-6.4,9.0,15.33,0.59,-7.71,494.3,419.9,165.7,400,350,250,1283,1277,1278,1266
6133,3066500,-8.9,-6.4,8.9,15.34,0.8,-7.6,502.1,424.7,161.9,400,350,250,1265,1274,1258,1288
6134,3067000,-8.6,-6.3,8.7,15.32,1.0,-7.48,491.0,420.0,170.4,400,350,250,1279,1300,1284,1284
6135,3067500,-8.2,-6.3,8.5,15.29,1.19,-7.37,495.7,423.7,177.8,400,350,250,1280,1295,1304,1276
6136,3068000,-7.8,-6.3,8.3,15.24,1.37,-7.25,479.9,418.9,180.1,400,350,250,1290,1257,1289,1287
6137,3068500,-7.4,-6.2,8.1,15.17,1.55,-7.14,477.8,420.9,182.0,400,350,250,1281,1279,1301,1314
6138,3069000,-7.0,-6.2,7.9,15.09,1.72,-7.02,485.0,417.3,172.3,400,350,250,1282,1300,1275,1275
6139,3069500,-6.7,-6.1,7.8,14.99,1.88,-6.91,476.7,420.1,180.4,400,350,250,1312,1278,1279,1302
6140,3070000,-6.3,-6.1,7.6,14.88,2.03,-6.8,470.4,418.1,183.3,400,350,250,1284,1259,1291,1300
6141,3070500,-5.9,-6.0,7.4,14.75,2.18,-6.69,469.5,409.7,190.5,400,350,250,1281,1258,1309,1276
6142,3071000,-5.6,-6.0,7.3,14.61,2.32,-6.58,465.5,414.6,179.6,400,350,250,1270,1268,1248,1304
6143,3071500,-5.2,-5.9,7.1,14.45,2.45,-6.48,455.7,416.6,188.7,400,350,250,1290,1271,1294,1275
6144,3072000,-4.8,-5.9,7.0,14.28,2.58,-6.37,452.2,409.9,186.4,400,350,250,1284,1295,1296,1278
6145,3072500,-4.5,-5.8,6.8,14.09,2.69,-6.26,446.4,417.1,186.2,400,350,250,1284,1303,1267,1309
6146,3073000,-4.1,-5.7,6.6,13.9,2.81,-6.16,443.9,414.8,186.2,400,350,250,1292,1276,1274,1274
6147,3073500,-3.8,-5.6,6.5,13.69,2.91,-6.06,451.3,413.0,190.5,400,350,250,1286,1287,1278,1290
6148,3074000,-3.5,-5.6,6.3,13.48,3.01,-5.95,441.0,413.1,199.0,400,350,250,1284,1270,1255,1309
6149,3074500,-3.1,-5.5,6.2,13.25,3.1,-5.85,430.9,412.3,189.9,400,350,250,1256,1276,1286,1290
6150,3075000,-2.8,-5.4,6.1,13.01,3.19,-5.75,439.5,412.8,193.0,400,350,250,1289,1276,1289,1305
6151,3075500,-2.5,-5.3,5.9,12.77,3.27,-5.66,428.7,400.4,195.1,400,350,250,1280,1295,1278,1279
6152,3076000,-2.2,-5.3,5.8,12.51,3.34,-5.56,423.2,406.2,199.5,400,350,250,1277,1303,1290,1295
6153,3076500,-1.9,-5.2,5.6,12.25,3.41,-5.46,420.3,410.8,193.4,400,350,250,1285,1262,1278,1258
6154,3077000,-1.6,-5.1,5.5,11.98,3.47,-5.37,423.9,401.3,197.2,400,350,250,1266,1247,1301,1278
6155,3077500,-1.3,-5.0,5.4,11.71,3.53,-5.27,411.8,397.6,199.7,400,350,250,1281,1285,1268,1276
6156,3078000,-1.0,-4.9,5.2,11.43,3.58,-5.18,407.0,396.3,195.0,400,350,250,1285,1302,1269,1271
6157,3078500,-0.7,-4.8,5.1,11.14,3.63,-5.09,401.3,404.3,200.2,400,350,250,1286,1266,1272,1273
6158,3079000,-0.4,-4.7,5.0,10.84,3.67,-4.99,400.0,394.0,196.7,400,350,250,1287,1295,1286,1250
6159,3079500,-0.2,-4.6,4.9,10.55,3.71,-4.9,408.0,392.0,198.2,400,350,250,1254,1299,1282,1260
6160,3080000,0.1,-4.5,4.7,10.24,3.75,-4.82,395.2,392.0,196.4,400,350,250,1259,1262,1278,1271
6161,3080500,0.3,-4.4,4.6,9.94,3.77,-4.73,392.8,387.4,196.8,400,350,250,1293,1269,1278,1278
6162,3081000,0.6,-4.3,4.5,9.63,3.8,-4.64,391.4,390.5,205.9,400,350,250,1261,1292,1270,1291
6163,3081500,0.8,-4.2,4.4,9.32,3.82,-4.56,387.9,390.9,201.3,400,350,250,1299,1263,1310,1268
6164,3082000,1.0,-4.2,4.3,9.01,3.83,-4.47,392.3,385.1,199.6,400,350,250,1238,1261,1261,1273
6165,3082500,1.3,-4.1,4.2,8.69,3.84,-4.39,377.8,387.1,206.4,400,350,250,1257,1277,1271,1256
6166,3083000,1.5,-4.0,4.1,8.37,3.85,-4.3,381.4,378.9,200.0,400,350,250,1284,1278,1268,1273
6167,3083500,1.7,-3.9,4.0,8.06,3.86,-4.22,373.9,385.0,205.0,400,350,250,1257,1270,1260,1284
6168,3084000,1.9,-3.8,3.9,7.74,3.86,-4.14,371.4,382.5,201.4,400,350,250,1295,1276,1261,1315
6169,3084500,2.0,-3.7,3.8,7.42,3.85,-4.06,372.2,376.8,198.5,400,350,250,1278,1273,1303,1261
6170,3085000,2.2,-3.6,3.7,7.1,3.85,-3.99,375.5,378.2,204.5,400,350,250,1289,1290,1262,1276
6171,3085500,2.4,-3.5,3.6,6.78,3.84,-3.91,367.7,385.4,204.2,400,350,250,1294,1277,1265,1301
6172,3086000,2.6,-3.4,3.5,6.47,3.82,-3.83,363.8,374.2,203.9,400,350,250,1287,1239,1271,1243
6173,3086500,2.7,-3.3,3.4,6.15,3.81,-3.76,367.6,376.5,204.9,400,350,250,1253,1295,1276,1283
6174,3087000,2.9,-3.2,3.3,5.84,3.79,-3.68,360.5,383.7,212.0,400,350,250,1269,1273,1290,1261
6175,3087500,3.0,-3.1,3.2,5.53,3.77,-3.61,361.8,377.2,211.3,400,350,250,1254,1266,1256,1277
6176,3088000,3.1,-3.0,3.1,5.22,3.74,-3.54,360.3,373.1,214.9,400,350,250,1291,1258,1249,1294
6177,3088500,3.2,-2.9,3.0,4.91,3.72,-3.47,356.0,377.2,214.8,400,350,250,1277,1255,1278,1299
6178,3089000,3.4,-2.8,2.9,4.61,3.69,-3.4,363.8,371.7,219.1,400,350,250,1301,1270,1263,1277
6179,3089500,3.5,-2.7,2.8,4.31,3.66,-3.33,357.5,371.9,221.2,400,350,250,1320,1285,1252,1267
6180,3090000,3.6,-2.6,2.8,4.01,3.62,-3.26,360.9,365.3,214.4,400,350,250,1283,1264,1258,1254
6181,3090500,3.7,-2.5,2.7,3.72,3.59,-3.2,362.3,374.2,221.5,400,350,250,1267,1259,1268,1248
6182,3091000,3.7,-2.5,2.6,3.43,3.55,-3.13,362.6,362.3,220.0,400,350,250,1272,1257,1281,1295
6183,3091500,3.8,-2.4,2.5,3.15,3.51,-3.07,359.5,373.5,228.7,400,350,250,1288,1267,1280,1276
6184,3092000,3.9,-2.3,2.5,2.87,3.47,-3.0,353.2,370.7,223.1,400,350,250,1276,1293,1269,1270
6185,3092500,4.0,-2.2,2.4,2.59,3.43,-2.94,356.7,370.0,224.2,400,350,250,1276,1270,1268,1269
6186,3093000,4.0,-2.1,2.3,2.32,3.38,-2.88,353.0,368.3,227.5,400,350,250,1278,1275,1266,1266
6187,3093500,4.1,-2.0,2.2,2.06,3.34,-2.82,360.5,370.1,227.5,400,350,250,1261,1266,1266,1240
6188,3094000,4.1,-1.9,2.2,1.8,3.29,-2.76,356.9,369.4,231.9,400,350,250,1271,1250,1264,1246
6189,3094500,4.2,-1.9,2.1,1.54,3.24,-2.7,356.5,373.8,221.9,400,350,250,1264,1264,1260,1274
6190,3095000,4.2,-1.8,2.0,1.29,3.19,-2.64,365.6,364.6,226.1,400,350,250,1251,1275,1285,1286
6191,3095500,4.2,-1.7,2.0,1.05,3.14,-2.58,360.2,363.8,228.6,400,350,250,1276,1280,1266,1253
6192,3096000,4.2,-1.6,1.9,0.81,3.09,-2.53,360.5,369.3,240.1,400,350,250,1277,1266,1277,1276
6193,3096500,4.2,-1.6,1.8,0.58,3.04,-2.47,366.7,360.1,240.6,400,350,250,1238,1267,1284,1262
6194,3097000,4.3,-1.5,1.8,0.36,2.98,-2.42,366.7,364.6,229.9,400,350,250,1266,1284,1279,1272
6195,3097500,4.3,-1.4,1.7,0.14,2.93,-2.36,370.7,363.9,241.6,400,350,250,1272,1274,1289,1254
6196,3098000,4.3,-1.3,1.7,-0.07,2.88,-2.31,366.4,370.2,238.1,400,350,250,1267,1281,1284,1264
6197,3098500,4.2,-1.3,1.6,-0.28,2.82,-2.26,363.4,371.9,233.0,400,350,250,1289,1266,1260,1266
6198,3099000,4.2,-1.2,1.6,-0.48,2.76,-2.21,365.9,366.8,249.6,400,350,250,1243,1278,1307,1266
6199,3099500,4.2,-1.1,1.5,-0.67,2.71,-2.16,360.5,366.7,238.7,400,350,250,1265,1251,1274,1273
6200,3100000,4.2,-1.1,1.4,-0.86,2.65,-2.11,367.0,365.4,244.8,400,350,250,1265,1276,1267,1254
6201,3100500,4.2,-1.0,1.4,-1.04,2.59,-2.06,369.2,371.5,238.4,400,350,250,1263,1256,1276,1250
6202,3101000,4.1,-0.9,1.3,-1.22,2.54,-2.01,366.8,367.0,242.1,400,350,250,1255,1305,1263,1225
6203,3101500,4.1,-0.9,1.3,-1.38,2.48,-1.96,369.0,360.2,242.1,400,350,250,1265,1273,1273,1284
6204,3102000,4.1,-0.8,1.3,-1.54,2.42,-1.92,364.6,370.3,248.1,400,350,250,1268,1249,1288,1273
6205,3102500,4.0,-0.8,1.2,-1.7,2.36,-1.87,370.6,360.6,248.8,400,350,250,1267,1267,1280,1257
6206,3103000,4.0,-0.7,1.2,-1.84,2.31,-1.83,368.3,363.1,239.4,400,350,250,1264,1283,1244,1265
6207,3103500,3.9,-0.6,1.1,-1.99,2.25,-1.78,375.7,364.5,246.6,400,350,250,1274,1241,1254,1276
6208,3104000,3.9,-0.6,1.1,-2.12,2.19,-1.74,370.1,363.3,244.9,400,350,250,1274,1270,1266,1297
6209,3104500,3.8,-0.5,1.0,-2.25,2.13,-1.7,368.0,366.8,246.5,400,350,250,1247,1266,1276,1248
6210,3105000,3.8,-0.5,1.0,-2.37,2.07,-1.66,364.9,366.4,240.0,400,350,250,1267,1283,1246,1280
6211,3105500,3.7,-0.4,0.9,-2.48,2.02,-1.62,372.8,355.8,245.3,400,350,250,1262,1253,1266,1272
6212,3106000,3.6,-0.4,0.9,-2.59,1.96,-1.58,371.7,355.8,250.0,400,350,250,1266,1246,1267,1253
6213,3106500,3.6,-0.3,0.9,-2.69,1.9,-1.54,368.6,349.8,243.6,400,350,250,1259,1240,1223,1250
6214,3107000,3.5,-0.3,0.8,-2.79,1.85,-1.5,363.7,351.0,244.2,400,350,250,1272,1272,1252,1260
6215,3107500,3.4,-0.2,0.8,-2.88,1.79,-1.46,370.3,356.0,239.1,400,350,250,1256,1272,1258,1241
6216,3108000,3.4,-0.2,0.8,-2.96,1.73,-1.43,364.3,347.0,245.2,400,350,250,1277,1263,1275,1263
6217,3108500,3.3,-0.2,0.7,-3.04,1.68,-1.39,365.3,354.0,241.2,400,350,250,1259,1241,1273,1260
6218,3109000,3.2,-0.1,0.7,-3.11,1.62,-1.35,364.3,346.3,242.4,400,350,250,1300,1264,1243,1247
6219,3109500,3.1,-0.1,0.7,-3.18,1.57,-1.32,365.7,344.1,243.6,400,350,250,1271,1286,1270,1269
6220,3110000,3.0,-0.0,0.6,-3.23,1.52,-1.28,366.1,346.2,249.7,400,350,250,1267,1292,1289,1251
6221,3110500,3.0,-0.0,0.6,-3.29,1.46,-1.25,371.4,348.6,239.3,400,350,250,1272,1250,1287,1274
6222,3111000,2.9,0.0,0.6,-3.34,1.41,-1.22,366.0,347.3,238.8,400,350,250,1255,1278,1260,1272
6223,3111500,2.8,0.1,0.5,-3.38,1.36,-1.19,362.9,343.3,245.2,400,350,250,1264,1253,1266,1240
6224,3112000,2.7,0.1,0.5,-3.42,1.31,-1.15,368.6,336.1,238.5,400,350,250,1270,1246,1256,1257
6225,3112500,2.6,0.1,0.5,-3.45,1.26,-1.12,360.3,346.1,249.6,400,350,250,1255,1265,1252,1237
6226,3113000,2.5,0.2,0.4,-3.48,1.21,-1.09,370.1,343.7,235.2,400,350,250,1269,1279,1260,1263
6227,3113500,2.4,0.2,0.4,-3.5,1.16,-1.06,365.0,347.2,237.3,400,350,250,1283,1267,1284,1247
6228,3114000,2.4,0.2,0.4,-3.51,1.11,-1.03,369.8,339.8,239.8,400,350,250,1243,1275,1253,1259
6229,3114500,2.3,0.2,0.4,-3.53,1.06,-1.0,375.4,340.8,241.3,400,350,250,1254,1272,1251,1261
6230,3115000,2.2,0.3,0.3,-3.53,1.01,-0.98,366.6,340.6,236.6,400,350,250,1241,1276,1262,1269
6231,3115500,2.1,0.3,0.3,-3.54,0.97,-0.95,367.8,337.4,239.6,400,350,250,1248,1245,1269,1275
6232,3116000,2.0,0.3,0.3,-3.53,0.92,-0.92,376.4,338.2,235.1,400,350,250,1270,1265,1261,1279
6233,3116500,1.9,0.3,0.3,-3.53,0.88,-0.89,372.4,342.0,241.4,400,350,250,1239,1250,1231,1267
6234,3117000,1.8,0.4,0.3,-3.52,0.83,-0.87,374.7,331.3,232.1,400,350,250,1257,1242,1243,1235
6235,3117500,1.7,0.4,0.2,-3.5,0.79,-0.84,374.1,340.9,235.7,400,350,250,1245,1235,1224,1244
6236,3118000,1.6,0.4,0.2,-3.49,0.75,-0.82,377.1,345.6,236.3,400,350,250,1241,1260,1252,1250
6237,3118500,1.6,0.4,0.2,-3.47,0.71,-0.79,383.6,336.5,240.1,400,350,250,1247,1273,1243,1242
6238,3119000,1.5,0.4,0.2,-3.44,0.67,-0.77,381.2,343.2,248.3,400,350,250,1269,1267,1260,1230
6239,3119500,1.4,0.4,0.2,-3.41,0.63,-0.75,384.2,338.2,242.3,400,350,250,1270,1258,1251,1272
6240,3120000,1.3,0.5,0.1,-3.38,0.59,-0.72,383.6,339.1,243.4,400,350,250,1261,1248,1267,1249
6241,3120500,1.2,0.5,0.1,-3.34,0.55,-0.7,373.3,343.1,248.6,400,350,250,1265,1237,1237,1242
6242,3121000,1.1,0.5,0.1,-3.31,0.51,-0.68,382.8,345.1,250.2,400,350,250,1262,1229,1257,1260
6243,3121500,1.1,0.5,0.1,-3.26,0.48,-0.66,387.7,341.9,243.5,400,350,250,1266,1223,1249,1266
6244,3122000,1.0,0.5,0.1,-3.22,0.44,-0.64,385.5,344.6,260.7,400,350,250,1233,1263,1228,1232
6245,3122500,0.9,0.5,0.1,-3.17,0.41,-0.62,391.2,348.1,239.2,400,350,250,1253,1239,1259,1257
6246,3123000,0.8,0.5,0.0,-3.12,0.37,-0.6,394.5,346.4,252.4,400,350,250,1252,1241,1251,1240
6247,3123500,0.7,0.5,0.0,-3.07,0.34,-0.58,392.3,351.3,254.5,400,350,250,1246,1259,1265,1242
6248,3124000,0.7,0.5,0.0,-3.02,0.31,-0.56,397.1,350.7,251.0,400,350,250,1237,1257,1234,1273
6249,3124500,0.6,0.6,-0.0,-2.96,0.28,-0.54,395.4,345.9,257.0,400,350,250,1311,1238,1260,1251
6250,3125000,0.5,0.6,-0.0,-2.9,0.25,-0.52,402.3,352.9,261.9,400,350,250,1268,1238,1265,1250
6251,3125500,0.5,0.6,-0.0,-2.85,0.22,-0.5,397.0,349.3,250.0,400,350,250,1265,1224,1239,1280
6252,3126000,0.4,0.6,-0.0,-2.78,0.19,-0.48,399.6,344.3,256.0,400,350,250,1225,1261,1244,1269
6253,3126500,0.3,0.6,-0.1,-2.72,0.16,-0.47,400.5,351.8,256.1,400,350,250,1271,1240,1249,1270
6254,3127000,0.2,0.6,-0.1,-2.66,0.14,-0.45,397.4,356.0,253.7,400,350,250,1238,1244,1237,1261
6255,3127500,0.2,0.6,-0.1,-2.59,0.11,-0.43,403.9,350.9,265.0,400,350,250,1256,1245,1247,1261
6256,3128000,0.1,0.6,-0.1,-2.52,0.09,-0.42,408.7,345.9,252.8,400,350,250,1241,1220,1245,1268
6257,3128500,0.1,0.6,-0.1,-2.45,0.06,-0.4,410.5,359.4,261.6,400,350,250,1242,1253,1236,1223
6258,3129000,-0.0,0.6,-0.1,-2.39,0.04,-0.39,396.3,351.3,258.1,400,350,250,1257,1256,1241,1245
6259,3129500,-0.1,0.6,-0.1,-2.32,0.02,-0.37,405.0,352.4,257.7,400,350,250,1232,1265,1227,1235
6260,3130000,-0.1,0.6,-0.1,-2.24,-0.01,-0.36,410.1,361.1,259.1,400,350,250,1257,1242,1237,1278
6261,3130500,-0.2,0.6,-0.1,-2.17,-0.03,-0.34,407.9,350.8,263.7,400,350,250,1242,1273,1238,1240
6262,3131000,-0.2,0.6,-0.1,-2.1,-0.05,-0.33,415.1,346.3,258.6,400,350,250,1262,1256,1243,1236
6263,3131500,-0.3,0.6,-0.1,-2.03,-0.07,-0.32,408.6,351.0,263.1,400,350,250,1260,1253,1227,1228
6264,3132000,-0.3,0.6,-0.2,-1.95,-0.08,-0.3,409.7,351.5,256.7,400,350,250,1213,1253,1255,1234
6265,3132500,-0.4,0.6,-0.2,-1.88,-0.1,-0.29,410.1,345.9,254.5,400,350,250,1261,1249,1234,1248
6266,3133000,-0.4,0.6,-0.2,-1.81,-0.12,-0.28,412.4,345.8,259.2,400,350,250,1267,1247,1275,1248
6267,3133500,-0.5,0.6,-0.2,-1.73,-0.14,-0.27,398.4,340.1,258.3,400,350,250,1237,1223,1257,1245
6268,3134000,-0.5,0.6,-0.2,-1.66,-0.15,-0.25,402.2,341.5,251.7,400,350,250,1237,1247,1236,1233
6269,3134500,-0.5,0.6,-0.2,-1.59,-0.17,-0.24,401.3,343.4,258.1,400,350,250,1251,1234,1255,1243
6270,3135000,-0.6,0.6,-0.2,-1.51,-0.18,-0.23,414.6,348.6,260.9,400,350,250,1248,1261,1214,1231
6271,3135500,-0.6,0.6,-0.2,-1.44,-0.19,-0.22,403.7,333.6,251.8,400,350,250,1256,1239,1237,1265
6272,3136000,-0.6,0.6,-0.2,-1.37,-0.21,-0.21,403.8,340.1,246.5,400,350,250,1243,1239,1217,1236
6273,3136500,-0.7,0.5,-0.2,-1.3,-0.22,-0.2,408.2,349.6,250.6,400,350,250,1237,1239,1234,1243
6274,3137000,-0.7,0.5,-0.2,-1.23,-0.23,-0.19,399.3,343.9,253.7,400,350,250,1238,1236,1238,1257
6275,3137500,-0.7,0.5,-0.2,-1.16,-0.24,-0.18,398.7,343.0,249.7,400,350,250,1248,1250,1253,1234
6276,3138000,-0.8,0.5,-0.2,-1.09,-0.25,-0.17,407.8,346.6,240.9,400,350,250,1258,1239,1239,1277
6277,3138500,-0.8,0.5,-0.2,-1.02,-0.26,-0.16,404.1,344.6,246.8,400,350,250,1254,1233,1275,1213
6278,3139000,-0.8,0.5,-0.2,-0.95,-0.27,-0.15,400.2,336.1,249.1,400,350,250,1248,1252,1266,1219
6279,3139500,-0.8,0.5,-0.2,-0.88,-0.28,-0.14,400.6,338.2,248.2,400,350,250,1241,1233,1223,1228
6280,3140000,-0.9,0.5,-0.2,-0.81,-0.29,-0.13,401.9,335.9,245.1,400,350,250,1261,1235,1240,1252
6281,3140500,-0.9,0.5,-0.2,-0.75,-0.3,-0.13,408.6,342.5,254.5,400,350,250,1250,1254,1230,1252
6282,3141000,-0.9,0.5,-0.2,-0.68,-0.3,-0.12,399.1,341.9,245.7,400,350,250,1230,1241,1243,1246
6283,3141500,-0.9,0.5,-0.2,-0.62,-0.31,-0.11,401.0,348.9,244.6,400,350,250,1230,1245,1246,1269
6284,3142000,-0.9,0.5,-0.2,-0.56,-0.32,-0.1,402.5,340.0,249.5,400,350,250,1254,1247,1247,1236
6285,3142500,-0.9,0.5,-0.3,-0.49,-0.32,-0.1,412.9,357.7,260.1,400,350,250,1251,1235,1225,1214
6286,3143000,-0.9,0.5,-0.3,-0.43,-0.33,-0.09,418.3,351.6,254.4,400,350,250,1214,1246,1226,1256
6287,3143500,-1.0,0.4,-0.3,-0.37,-0.33,-0.08,404.6,336.1,249.2,400,350,250,1247,1235,1221,1230
6288,3144000,-1.0,0.4,-0.3,-0.32,-0.34,-0.07,402.8,337.1,251.3,400,350,250,1237,1261,1254,1241
6289,3144500,-1.0,0.4,-0.3,-0.26,-0.34,-0.07,412.0,347.6,257.9,400,350,250,1246,1234,1239,1252
6290,3145000,-1.0,0.4,-0.3,-0.21,-0.34,-0.06,412.3,351.3,259.4,400,350,250,1257,1248,1264,1273
6291,3145500,-1.0,0.4,-0.3,-0.15,-0.34,-0.05,401.7,348.1,246.6,400,350,250,1235,1251,1228,1242
6292,3146000,-1.0,0.4,-0.3,-0.1,-0.35,-0.05,397.5,337.0,245.2,400,350,250,1247,1236,1258,1240
6293,3146500,-1.0,0.4,-0.3,-0.05,-0.35,-0.04,412.6,350.3,258.1,400,350,250,1258,1236,1224,1225
6294,3147000,-1.0,0.4,-0.3,0.0,-0.35,-0.04,412.3,347.7,254.3,400,350,250,1254,1266,1275,1232
6295,3147500,-1.0,0.4,-0.3,0.05,-0.35,-0.03,413.0,348.0,260.8,400,350,250,1254,1259,1234,1239
6296,3148000,-1.0,0.4,-0.3,0.1,-0.35,-0.03,407.3,349.5,239.9,400,350,250,1275,1219,1234,1214
6297,3148500,-1.0,0.4,-0.3,0.14,-0.35,-0.02,405.3,332.3,246.1,400,350,250,1255,1256,1250,1240
6298,3149000,-1.0,0.3,-0.3,0.18,-0.35,-0.02,414.1,356.5,264.9,400,350,250,1243,1239,1237,1243
6299,3149500,-1.0,0.3,-0.3,0.23,-0.35,-0.01,414.5,351.5,259.0,400,350,250,1229,1236,1238,1232
6300,3150000,-1.0,0.3,-0.3,0.27,-0.35,-0.01,400.4,342.9,248.1,400,350,250,1247,1250,1232,1257
6301,3150500,-0.9,0.3,-0.3,0.31,-0.35,-0.0,399.0,344.7,251.0,400,350,250,1265,1245,1259,1265
6302,3151000,-0.9,0.3,-0.3,0.34,-0.35,0.0,410.4,350.5,263.0,400,350,250,1238,1241,1244,1272
6303,3151500,-0.9,0.3,-0.3,0.38,-0.35,0.01,427.2,355.3,260.6,400,350,250,1278,1233,1229,1261
6304,3152000,-0.9,0.3,-0.3,0.41,-0.35,0.01,410.7,346.1,247.4,400,350,250,1225,1229,1256,1236
6305,3152500,-0.9,0.3,-0.3,0.45,-0.35,0.01,400.5,342.7,249.9,400,350,250,1242,1262,1251,1250
6306,3153000,-0.9,0.3,-0.3,0.48,-0.34,0.02,406.0,346.4,252.5,400,350,250,1240,1247,1226,1224
6307,3153500,-0.9,0.3,-0.3,0.51,-0.34,0.02,413.1,354.6,257.0,400,350,250,1249,1244,1251,1235
6308,3154000,-0.9,0.3,-0.3,0.54,-0.34,0.03,409.6,348.4,253.8,400,350,250,1249,1256,1236,1235
6309,3154500,-0.9,0.3,-0.3,0.56,-0.34,0.03,400.2,351.2,238.9,400,350,250,1241,1252,1210,1222
6310,3155000,-0.8,0.2,-0.3,0.59,-0.33,0.03,399.4,342.5,250.2,400,350,250,1245,1253,1259,1238
6311,3155500,-0.8,0.2,-0.3,0.61,-0.33,0.03,415.7,352.0,254.9,400,350,250,1245,1262,1262,1225
6312,3156000,-0.8,0.2,-0.3,0.64,-0.33,0.04,418.0,354.6,262.8,400,350,250,1274,1234,1294,1251
6313,3156500,-0.8,0.2,-0.3,0.66,-0.32,0.04,398.0,337.4,253.2,400,350,250,1259,1241,1248,1239
6314,3157000,-0.8,0.2,-0.3,0.68,-0.32,0.04,400.9,337.2,248.3,400,350,250,1259,1258,1254,1263
6315,3157500,-0.8,0.2,-0.3,0.7,-0.32,0.05,411.6,347.9,257.9,400,350,250,1237,1236,1231,1249
6316,3158000,-0.7,0.2,-0.3,0.71,-0.31,0.05,415.9,355.4,253.9,400,350,250,1259,1235,1248,1231
6317,3158500,-0.7,0.2,-0.3,0.73,-0.31,0.05,395.9,341.4,249.5,400,350,250,1276,1265,1241,1274
6318,3159000,-0.7,0.2,-0.3,0.74,-0.3,0.05,398.5,345.9,240.5,400,350,250,1290,1259,1258,1239
6319,3159500,-0.7,0.2,-0.3,0.75,-0.3,0.06,411.9,352.3,259.2,400,350,250,1252,1254,1229,1263
6320,3160000,-0.7,0.2,-0.3,0.77,-0.29,0.06,418.2,351.1,262.0,400,350,250,1240,1251,1252,1244
6321,3160500,-0.6,0.2,-0.2,0.78,-0.29,0.06,404.1,349.7,253.0,400,350,250,1243,1265,1243,1245
6322,3161000,-0.6,0.2,-0.2,0.79,-0.28,0.06,398.5,340.3,247.7,400,350,250,1248,1243,1235,1267
6323,3161500,-0.6,0.1,-0.2,0.79,-0.28,0.06,408.6,344.8,251.0,400,350,250,1239,1242,1249,1270
6324,3162000,-0.6,0.1,-0.2,0.8,-0.28,0.07,414.1,359.4,260.7,400,350,250,1260,1250,1266,1232
6325,3162500,-0.6,0.1,-0.2,0.81,-0.27,0.07,404.8,353.2,253.1,400,350,250,1254,1251,1264,1236
6326,3163000,-0.5,0.1,-0.2,0.81,-0.27,0.07,397.2,338.7,247.6,400,350,250,1261,1247,1245,1252
6327,3163500,-0.5,0.1,-0.2,0.81,-0.26,0.07,400.7,345.9,243.4,400,350,250,1230,1282,1239,1273
6328,3164000,-0.5,0.1,-0.2,0.81,-0.26,0.07,413.0,346.0,256.5,400,350,250,1243,1253,1274,1272
6329,3164500,-0.5,0.1,-0.2,0.82,-0.25,0.07,410.1,352.0,255.8,400,350,250,1264,1241,1270,1251
6330,3165000,-0.5,0.1,-0.2,0.82,-0.24,0.07,406.2,344.8,260.1,400,350,250,1253,1274,1260,1246
6331,3165500,-0.4,0.1,-0.2,0.81,-0.24,0.08,395.5,352.3,250.6,400,350,250,1276,1237,1273,1257
6332,3166000,-0.4,0.1,-0.2,0.81,-0.23,0.08,395.7,351.4,253.0,400,350,250,1257,1253,1235,1252
6333,3166500,-0.4,0.1,-0.2,0.81,-0.23,0.08,417.4,358.0,265.7,400,350,250,1255,1259,1257,1249
6334,3167000,-0.4,0.1,-0.2,0.81,-0.22,0.08,400.4,348.7,252.4,400,350,250,1264,1237,1263,1223
6335,3167500,-0.4,0.1,-0.2,0.8,-0.22,0.08,397.5,339.7,244.1,400,350,250,1254,1250,1258,1244
6336,3168000,-0.3,0.1,-0.2,0.8,-0.21,0.08,403.0,352.0,248.1,400,350,250,1252,1280,1256,1236
6337,3168500,-0.3,0.1,-0.2,0.79,-0.21,0.08,415.3,357.3,262.7,400,350,250,1247,1256,1265,1288
6338,3169000,-0.3,0.1,-0.2,0.78,-0.2,0.08,406.2,353.9,252.6,400,350,250,1286,1220,1260,1266
6339,3169500,-0.3,0.1,-0.2,0.77,-0.2,0.08,397.7,340.2,247.7,400,350,250,1242,1253,1242,1254
6340,3170000,-0.3,0.0,-0.2,0.77,-0.19,0.08,397.3,343.2,243.7,400,350,250,1263,1249,1256,1275
6341,3170500,-0.3,0.0,-0.2,0.76,-0.19,0.08,406.3,358.1,254.5,400,350,250,1264,1261,1254,1238
6342,3171000,-0.2,0.0,-0.2,0.75,-0.18,0.08,407.6,354.2,261.5,400,350,250,1267,1260,1222,1268
6343,3171500,-0.2,0.0,-0.2,0.74,-0.18,0.09,400.7,350.6,253.1,400,350,250,1255,1248,1259,1258
6344,3172000,-0.2,0.0,-0.2,0.72,-0.17,0.09,391.0,342.6,240.3,400,350,250,1281,1257,1247,1238
6345,3172500,-0.2,0.0,-0.2,0.71,-0.17,0.09,400.2,349.4,256.0,400,350,250,1237,1238,1270,1278
6346,3173000,-0.2,0.0,-0.2,0.7,-0.16,0.09,409.5,357.9,260.8,400,350,250,1248,1257,1274,1269
6347,3173500,-0.1,0.0,-0.2,0.69,-0.16,0.09,394.8,345.5,253.1,400,350,250,1255,1261,1263,1248
6348,3174000,-0.1,0.0,-0.2,0.67,-0.15,0.09,390.0,340.9,249.7,400,350,250,1268,1254,1260,1264
6349,3174500,-0.1,0.0,-0.2,0.66,-0.15,0.09,394.9,346.9,251.2,400,350,250,1270,1243,1242,1247
6350,3175000,-0.1,0.0,-0.2,0.65,-0.14,0.09,407.7,356.2,263.7,400,350,250,1277,1284,1242,1267
6351,3175500,-0.1,0.0,-0.2,0.63,-0.14,0.09,393.0,346.3,255.4,400,350,250,1249,1270,1267,1277
6352,3176000,-0.1,-0.0,-0.2,0.62,-0.13,0.09,397.8,343.2,250.8,400,350,250,1263,1245,1256,1232
6353,3176500,-0.0,-0.0,-0.2,0.6,-0.13,0.09,392.9,353.3,255.0,400,350,250,1248,1274,1247,1231
6354,3177000,-0.0,-0.0,-0.2,0.59,-0.12,0.09,403.2,354.3,258.5,400,350,250,1277,1260,1257,1267
6355,3177500,-0.0,-0.0,-0.2,0.57,-0.12,0.09,400.5,353.2,265.3,400,350,250,1256,1263,1248,1232
6356,3178000,-0.0,-0.0,-0.2,0.56,-0.11,0.09,391.7,343.4,240.8,400,350,250,1282,1248,1263,1245
6357,3178500,0.0,-0.0,-0.2,0.54,-0.11,0.09,392.5,341.5,248.2,400,350,250,1255,1288,1276,1304
6358,3179000,0.0,-0.0,-0.2,0.52,-0.1,0.09,405.0,354.9,256.1,400,350,250,1255,1260,1275,1271
6359,3179500,0.0,-0.0,-0.2,0.51,-0.1,0.09,401.4,360.2,253.5,400,350,250,1235,1295,1256,1245
6360,3180000,0.0,-0.0,-0.2,0.49,-0.09,0.09,399.7,349.1,250.4,400,350,250,1282,1255,1269,1249
6361,3180500,0.1,-0.0,-0.2,0.47,-0.09,0.09,393.1,347.0,244.8,400,350,250,1250,1252,1289,1257
6362,3181000,0.1,-0.0,-0.2,0.46,-0.09,0.09,403.7,354.2,251.8,400,350,250,1268,1295,1243,1250
6363,3181500,0.1,-0.0,-0.2,0.44,-0.08,0.09,407.3,359.9,264.0,400,350,250,1269,1271,1285,1255
6364,3182000,0.1,-0.0,-0.2,0.42,-0.08,0.09,404.3,351.4,253.6,400,350,250,1257,1264,1249,1275
6365,3182500,0.1,-0.0,-0.2,0.41,-0.07,0.09,394.7,340.4,244.1,400,350,250,1272,1246,1242,1264
6366,3183000,0.1,-0.0,-0.2,0.39,-0.07,0.09,397.7,345.5,240.0,400,350,250,1239,1269,1270,1265
6367,3183500,0.1,-0.0,-0.2,0.37,-0.07,0.08,402.8,362.8,261.8,400,350,250,1257,1260,1256,1289
6368,3184000,0.1,-0.0,-0.2,0.35,-0.06,0.08,394.5,358.9,259.6,400,350,250,1277,1252,1272,1276
6369,3184500,0.1,-0.0,-0.2,0.34,-0.06,0.08,399.2,343.5,243.5,400,350,250,1259,1264,1279,1280
6370,3185000,0.1,-0.0,-0.1,0.32,-0.06,0.08,386.9,346.9,246.9,400,350,250,1284,1297,1284,1278
6371,3185500,0.2,-0.0,-0.1,0.3,-0.05,0.08,399.9,364.9,253.0,400,350,250,1254,1269,1262,1285
6372,3186000,0.2,-0.0,-0.1,0.29,-0.05,0.08,399.7,359.2,256.7,400,350,250,1237,1279,1275,1264
6373,3186500,0.2,-0.0,-0.1,0.27,-0.05,0.08,392.1,350.3,251.3,400,350,250,1280,1285,1274,1280
6374,3187000,0.2,-0.0,-0.1,0.26,-0.04,0.08,390.1,352.9,240.9,400,350,250,1260,1261,1251,1242
6375,3187500,0.2,-0.0,-0.1,0.24,-0.04,0.08,399.4,360.7,255.3,400,350,250,1298,1294,1271,1272
6376,3188000,0.2,-0.0,-0.1,0.22,-0.04,0.08,412.7,355.9,252.7,400,350,250,1278,1307,1270,1273
6377,3188500,0.2,-0.0,-0.1,0.21,-0.03,0.08,395.1,344.4,244.3,400,350,250,1269,1281,1272,1260
6378,3189000,0.2,-0.1,-0.1,0.19,-0.03,0.08,392.9,345.5,234.0,400,350,250,1255,1293,1305,1237
6379,3189500,0.2,-0.1,-0.1,0.18,-0.03,0.08,397.1,351.0,253.9,400,350,250,1283,1287,1274,1289
6380,3190000,0.2,-0.1,-0.1,0.16,-0.02,0.08,406.2,361.6,252.3,400,350,250,1276,1259,1274,1269
6381,3190500,0.2,-0.1,-0.1,0.15,-0.02,0.08,399.6,356.0,259.7,400,350,250,1268,1257,1284,1295
6382,3191000,0.2,-0.1,-0.1,0.13,-0.02,0.08,388.2,339.7,245.3,400,350,250,1256,1261,1274,1255
6383,3191500,0.2,-0.1,-0.1,0.12,-0.02,0.08,395.2,346.7,250.5,400,350,250,1266,1270,1284,1266
6384,3192000,0.2,-0.1,-0.1,0.1,-0.01,0.08,410.6,352.7,259.2,400,350,250,1266,1243,1266,1272
6385,3192500,0.2,-0.1,-0.1,0.09,-0.01,0.08,398.8,361.9,252.3,400,350,250,1282,1270,1283,1288
6386,3193000,0.2,-0.1,-0.1,0.08,-0.01,0.07,396.7,343.8,250.2,400,350,250,1287,1290,1287,1287
6387,3193500,0.2,-0.1,-0.1,0.06,-0.01,0.07,396.1,343.4,243.6,400,350,250,1252,1273,1298,1256
6388,3194000,0.2,-0.1,-0.1,0.05,-0.0,0.07,396.1,354.9,254.1,400,350,250,1261,1270,1286,1295
6389,3194500,0.2,-0.1,-0.1,0.04,-0.0,0.07,404.2,355.3,260.8,400,350,250,1262,1284,1259,1300
6390,3195000,0.2,-0.1,-0.1,0.03,-0.0,0.07,399.4,345.8,247.2,400,350,250,1302,1271,1274,1285
6391,3195500,0.2,-0.1,-0.1,0.01,0.0,0.07,390.1,336.7,246.3,400,350,250,1262,1268,1254,1303
6392,3196000,0.2,-0.1,-0.1,0.0,0.0,0.07,399.3,351.3,258.7,400,350,250,1288,1290,1271,1271
6393,3196500,0.2,-0.1,-0.1,-0.01,0.01,0.07,405.7,360.8,254.3,400,350,250,1304,1258,1261,1264
6394,3197000,0.2,-0.1,-0.1,-0.02,0.01,0.07,401.3,346.3,243.2,400,350,250,1239,1262,1256,1266
6395,3197500,0.2,-0.1,-0.1,-0.03,0.01,0.07,386.9,342.1,237.9,400,350,250,1313,1256,1269,1293
6396,3198000,0.2,-0.1,-0.1,-0.04,0.01,0.07,392.7,351.1,249.9,400,350,250,1294,1275,1318,1282
6397,3198500,0.2,-0.1,-0.1,-0.05,0.01,0.07,409.3,360.1,263.7,400,350,250,1277,1275,1276,1278
6398,3199000,0.2,-0.1,-0.1,-0.06,0.01,0.07,399.3,357.3,252.1,400,350,250,1308,1275,1271,1282
6399,3199500,0.2,-0.1,-0.1,-0.07,0.01,0.07,382.4,350.6,248.6,400,350,250,1283,1291,1288,1262
6400,3200000,0.2,-0.1,-0.1,-0.08,0.02,0.07,395.7,344.3,240.4,400,350,250,1251,1293,1273,1272
6401,3200500,0.2,-0.1,-0.1,-0.08,0.02,0.06,406.4,355.3,252.5,400,350,250,1288,1279,1296,1287
6402,3201000,0.2,-0.1,-0.1,-0.09,0.02,0.06,398.7,353.5,259.5,400,350,250,1237,1252,1269,1279
6403,3201500,0.2,-0.1,-0.1,-0.1,0.02,0.06,389.0,348.3,242.9,400,350,250,1304,1280,1279,1276
6404,3202000,0.2,-0.0,-0.1,-0.11,0.02,0.06,390.3,341.1,239.3,400,350,250,1299,1279,1271,1260
6405,3202500,0.2,-0.0,-0.1,-0.12,0.02,0.06,396.8,355.0,256.1,400,350,250,1308,1278,1281,1270
6406,3203000,0.2,-0.0,-0.1,-0.12,0.02,0.06,404.2,355.1,258.6,400,350,250,1282,1269,1289,1282
6407,3203500,0.2,-0.0,-0.1,-0.13,0.02,0.06,399.3,353.7,251.4,400,350,250,1276,1266,1296,1282
6408,3204000,0.2,-0.0,-0.1,-0.13,0.02,0.06,384.5,341.6,246.9,400,350,250,1291,1281,1289,1280
6409,3204500,0.2,-0.0,-0.1,-0.14,0.03,0.06,397.5,349.4,254.4,400,350,250,1256,1285,1279,1300
6410,3205000,0.2,-0.0,-0.1,-0.15,0.03,0.06,400.4,362.9,262.7,400,350,250,1271,1280,1269,1286
6411,3205500,0.2,-0.0,-0.1,-0.15,0.03,0.06,392.6,353.8,250.9,400,350,250,1302,1272,1258,1297
6412,3206000,0.2,-0.0,-0.1,-0.15,0.03,0.06,391.1,343.5,241.9,400,350,250,1261,1281,1286,1262
6413,3206500,0.2,-0.0,-0.1,-0.16,0.03,0.06,398.4,349.3,244.0,400,350,250,1283,1268,1281,1281
6414,3207000,0.2,-0.0,-0.1,-0.16,0.03,0.06,397.7,361.2,260.9,400,350,250,1269,1269,1276,1296
6415,3207500,0.2,-0.0,-0.1,-0.17,0.03,0.05,394.5,352.2,257.3,400,350,250,1262,1258,1286,1278
6416,3208000,0.2,-0.0,-0.1,-0.17,0.03,0.05,395.7,343.3,250.7,400,350,250,1304,1275,1286,1303
6417,3208500,0.2,-0.0,-0.1,-0.17,0.03,0.05,389.8,352.6,250.6,400,350,250,1302,1274,1273,1281
6418,3209000,0.2,-0.0,-0.1,-0.18,0.03,0.05,407.2,355.6,262.1,400,350,250,1295,1293,1272,1273
6419,3209500,0.2,-0.0,-0.1,-0.18,0.03,0.05,397.7,348.8,257.6,400,350,250,1277,1271,1275,1302
6420,3210000,0.1,-0.0,-0.1,-0.18,0.03,0.05,391.5,347.7,247.5,400,350,250,1277,1282,1260,1290
6421,3210500,0.1,-0.0,-0.1,-0.18,0.03,0.05,393.1,346.1,247.9,400,350,250,1281,1283,1289,1266
6422,3211000,0.1,-0.0,-0.1,-0.18,0.03,0.05,401.3,347.5,252.0,400,350,250,1274,1289,1292,1252
6423,3211500,0.1,-0.0,-0.1,-0.19,0.03,0.05,408.6,359.5,255.2,400,350,250,1268,1312,1282,1302
6424,3212000,0.1,-0.0,-0.1,-0.19,0.03,0.05,395.6,342.2,245.9,400,350,250,1294,1278,1282,1309
6425,3212500,0.1,-0.0,-0.1,-0.19,0.03,0.05,395.9,338.5,239.3,400,350,250,1275,1317,1293,1273
6426,3213000,0.1,-0.0,-0.1,-0.19,0.03,0.05,397.9,355.2,250.9,400,350,250,1304,1288,1298,1271
6427,3213500,0.1,-0.0,-0.1,-0.19,0.03,0.05,409.8,355.8,261.2,400,350,250,1292,1263,1292,1317
6428,3214000,0.1,-0.0,-0.1,-0.19,0.03,0.05,396.5,349.5,249.1,400,350,250,1282,1294,1285,1282
6429,3214500,0.1,-0.0,-0.1,-0.19,0.03,0.04,384.4,340.2,242.0,400,350,250,1284,1279,1263,1269
6430,3215000,0.1,-0.0,-0.1,-0.19,0.03,0.04,397.3,346.8,246.4,400,350,250,1269,1295,1257,1283
6431,3215500,0.1,-0.0,-0.1,-0.19,0.03,0.04,402.9,356.8,254.6,400,350,250,1285,1329,1290,1279
6432,3216000,0.1,-0.0,-0.1,-0.19,0.03,0.04,406.4,354.5,260.4,400,350,250,1290,1280,1274,1282
6433,3216500,0.1,-0.0,-0.0,-0.19,0.03,0.04,392.7,342.0,246.0,400,350,250,1284,1275,1292,1261
6434,3217000,0.1,-0.0,-0.0,-0.18,0.03,0.04,397.4,341.0,246.4,400,350,250,1270,1308,1299,1302
6435,3217500,0.1,-0.0,-0.0,-0.18,0.03,0.04,414.3,355.2,252.4,400,350,250,1310,1290,1279,1279
6436,3218000,0.1,-0.0,-0.0,-0.18,0.03,0.04,406.3,361.4,252.3,400,350,250,1275,1294,1274,1283
6437,3218500,0.1,-0.0,-0.0,-0.18,0.03,0.04,399.3,344.7,251.0,400,350,250,1289,1294,1280,1281
6438,3219000,0.1,-0.0,-0.0,-0.18,0.03,0.04,386.7,346.8,243.8,400,350,250,1272,1279,1284,1327
6439,3219500,0.1,-0.0,-0.0,-0.18,0.03,0.04,403.7,352.1,249.7,400,350,250,1320,1267,1278,1283
6440,3220000,0.1,-0.0,-0.0,-0.17,0.03,0.04,408.3,361.9,256.5,400,350,250,1300,1295,1329,1299
6441,3220500,0.1,-0.0,-0.0,-0.17,0.03,0.04,405.9,345.2,247.2,400,350,250,1305,1302,1272,1300
6442,3221000,0.0,-0.0,-0.0,-0.17,0.03,0.04,389.9,338.5,241.4,400,350,250,1293,1282,1307,1319
6443,3221500,0.0,-0.0,-0.0,-0.17,0.03,0.04,404.6,345.3,251.4,400,350,250,1303,1289,1290,1269
6444,3222000,0.0,-0.0,-0.0,-0.16,0.03,0.04,409.5,352.3,263.4,400,350,250,1286,1334,1314,1284
6445,3222500,0.0,-0.0,-0.0,-0.16,0.03,0.03,398.1,355.7,254.0,400,350,250,1306,1267,1266,1266
6446,3223000,0.0,-0.0,-0.0,-0.16,0.03,0.03,391.7,342.0,238.4,400,350,250,1279,1297,1289,1312
6447,3223500,0.0,-0.0,-0.0,-0.15,0.03,0.03,395.7,352.1,250.0,400,350,250,1283,1292,1298,1280
6448,3224000,0.0,-0.0,-0.0,-0.15,0.03,0.03,411.7,350.3,253.7,400,350,250,1324,1278,1283,1281
6449,3224500,0.0,-0.0,-0.0,-0.15,0.03,0.03,406.2,344.2,259.2,400,350,250,1281,1271,1315,1302
6450,3225000,0.0,-0.0,-0.0,-0.14,0.03,0.03,392.3,337.8,246.4,400,350,250,1305,1296,1292,1265
6451,3225500,0.0,-0.0,-0.0,-0.14,0.03,0.03,394.5,343.9,252.7,400,350,250,1279,1289,1287,1293
6452,3226000,0.0,-0.0,-0.0,-0.14,0.03,0.03,408.4,354.2,254.7,400,350,250,1306,1291,1289,1278
6453,3226500,0.0,-0.0,-0.0,-0.13,0.03,0.03,414.2,367.8,257.4,400,350,250,1288,1308,1304,1288
6454,3227000,0.0,-0.0,-0.0,-0.13,0.03,0.03,394.2,346.0,241.0,400,350,250,1294,1313,1319,1272
6455,3227500,-0.0,-0.0,-0.0,-0.13,0.02,0.03,392.6,343.4,240.3,400,350,250,1302,1286,1270,1293
6456,3228000,-0.0,-0.0,-0.0,-0.12,0.02,0.03,408.0,359.4,253.9,400,350,250,1314,1332,1297,1267
6457,3228500,-0.0,-0.0,-0.0,-0.12,0.02,0.03,406.0,356.1,259.0,400,350,250,1281,1302,1300,1289
6458,3229000,-0.0,-0.0,-0.0,-0.11,0.02,0.03,402.2,351.6,248.6,400,350,250,1303,1295,1314,1290
6459,3229500,-0.0,-0.0,-0.0,-0.11,0.02,0.03,391.5,345.1,237.8,400,350,250,1287,1319,1301,1300
6460,3230000,-0.0,-0.0,-0.0,-0.11,0.02,0.03,399.7,354.6,259.1,400,350,250,1266,1299,1282,1318
6461,3230500,-0.0,-0.0,-0.0,-0.1,0.02,0.03,408.4,353.1,253.8,400,350,250,1287,1279,1298,1303
6462,3231000,-0.0,-0.0,-0.0,-0.1,0.02,0.03,400.6,351.8,251.2,400,350,250,1308,1319,1328,1312
6463,3231500,-0.0,-0.0,-0.0,-0.09,0.02,0.03,383.8,329.8,247.6,400,350,250,1298,1278,1284,1307
6464,3232000,-0.0,-0.0,-0.0,-0.09,0.02,0.03,400.6,347.8,249.9,400,350,250,1299,1324,1306,1286
6465,3232500,-0.0,-0.0,-0.0,-0.09,0.02,0.02,404.9,361.5,258.7,400,350,250,1296,1315,1306,1288
6466,3233000,-0.0,-0.0,-0.0,-0.08,0.02,0.02,403.8,350.1,247.6,400,350,250,1315,1282,1303,1312
6467,3233500,-0.0,-0.0,-0.0,-0.08,0.02,0.02,388.2,338.1,235.9,400,350,250,1289,1306,1325,1271
6468,3234000,-0.0,-0.0,-0.0,-0.08,0.02,0.02,398.4,345.8,243.7,400,350,250,1323,1336,1299,1260
6469,3234500,-0.0,-0.0,-0.0,-0.07,0.02,0.02,406.9,356.4,250.6,400,350,250,1264,1305,1269,1297
6470,3235000,-0.0,-0.0,-0.0,-0.07,0.02,0.02,408.5,358.3,249.7,400,350,250,1323,1293,1325,1289
6471,3235500,-0.0,-0.0,-0.0,-0.06,0.02,0.02,389.4,343.1,242.1,400,350,250,1295,1294,1283,1311
6472,3236000,-0.0,-0.0,-0.0,-0.06,0.02,0.02,393.2,346.7,237.2,400,350,250,1307,1291,1313,1303
6473,3236500,-0.0,-0.0,-0.0,-0.06,0.02,0.02,401.6,357.9,259.9,400,350,250,1305,1290,1296,1309
6474,3237000,-0.0,-0.0,-0.0,-0.05,0.02,0.02,410.7,356.4,256.7,400,350,250,1295,1298,1304,1299
6475,3237500,-0.0,-0.0,-0.0,-0.05,0.02,0.02,399.9,345.7,248.3,400,350,250,1284,1311,1298,1309
6476,3238000,-0.0,-0.0,-0.0,-0.05,0.01,0.02,392.2,345.4,240.9,400,350,250,1320,1297,1306,1322
6477,3238500,-0.0,-0.0,-0.0,-0.04,0.01,0.02,400.2,353.4,258.4,400,350,250,1296,1274,1281,1306
6478,3239000,-0.0,-0.0,-0.0,-0.04,0.01,0.02,410.4,352.5,251.2,400,350,250,1292,1295,1300,1338
6479,3239500,-0.0,-0.0,-0.0,-0.04,0.01,0.02,398.2,344.4,252.0,400,350,250,1290,1303,1301,1295
6480,3240000,-0.0,-0.0,-0.0,-0.03,0.01,0.02,393.9,347.0,241.0,400,350,250,1290,1285,1290,1314
6481,3240500,-0.0,-0.0,-0.0,-0.03,0.01,0.02,406.4,349.4,257.7,400,350,250,1311,1311,1293,1299
6482,3241000,-0.0,0.0,-0.0,-0.03,0.01,0.02,411.7,359.6,260.7,400,350,250,1270,1297,1288,1279
6483,3241500,-0.1,0.0,-0.0,-0.02,0.01,0.02,401.1,352.0,255.4,400,350,250,1305,1318,1305,1280
6484,3242000,-0.1,0.0,-0.0,-0.02,0.01,0.02,394.3,338.0,238.5,400,350,250,1297,1300,1310,1271
6485,3242500,-0.1,0.0,-0.0,-0.02,0.01,0.02,392.7,347.6,250.4,400,350,250,1277,1311,1297,1319
6486,3243000,-0.1,0.0,-0.0,-0.01,0.01,0.02,411.7,355.2,251.5,400,350,250,1311,1311,1307,1308
6487,3243500,-0.1,0.0,-0.0,-0.01,0.01,0.02,403.9,359.1,254.4,400,350,250,1323,1288,1323,1307
6488,3244000,-0.1,0.0,-0.0,-0.01,0.01,0.02,386.7,347.7,242.5,400,350,250,1312,1309,1321,1304
6489,3244500,-0.1,0.0,-0.0,-0.0,0.01,0.02,390.8,337.8,247.5,400,350,250,1287,1299,1306,1300
6490,3245000,-0.1,0.0,-0.0,-0.0,0.01,0.01,405.8,350.5,261.8,400,350,250,1301,1312,1310,1336
6491,3245500,-0.1,0.0,-0.0,0.0,0.01,0.01,414.4,362.8,255.5,400,350,250,1297,1325,1307,1301
6492,3246000,-0.1,0.0,-0.0,0.0,0.01,0.01,399.2,344.0,243.8,400,350,250,1289,1306,1312,1331
6493,3246500,-0.1,0.0,-0.0,0.01,0.01,0.01,391.5,344.8,250.0,400,350,250,1280,1319,1281,1300
6494,3247000,-0.1,0.0,-0.0,0.01,0.01,0.01,396.3,353.9,254.2,400,350,250,1283,1285,1272,1299
6495,3247500,-0.1,0.0,-0.0,0.01,0.01,0.01,402.8,355.7,257.2,400,350,250,1295,1305,1300,1326
6496,3248000,-0.1,0.0,-0.0,0.01,0.01,0.01,405.8,344.4,246.5,400,350,250,1322,1320,1302,1305
6497,3248500,-0.1,0.0,-0.0,0.01,0.01,0.01,390.5,332.9,247.0,400,350,250,1307,1283,1307,1319
6498,3249000,-0.1,0.0,-0.0,0.02,0.01,0.01,397.8,343.3,249.6,400,350,250,1284,1305,1316,1311
6499,3249500,-0.0,0.0,-0.0,0.02,0.01,0.01,403.9,357.9,253.2,400,350,250,1314,1315,1334,1325
6500,3250000,-80.0,-69.9,-50.0,3.94,2.53,0.81,399.6,355.7,253.6,-400,-350,-250,1317,1330,1320,1313
6501,3250500,-79.8,-69.8,-49.9,7.74,4.95,1.58,391.7,339.8,235.8,-400,-350,-250,1286,1305,1325,1336
6502,3251000,-79.5,-69.6,-49.9,11.42,7.29,2.33,388.0,344.7,246.1,-400,-350,-250,1316,1332,1272,1302
6503,3251500,-79.1,-69.4,-49.8,14.98,9.53,3.05,399.0,351.0,263.4,-400,-350,-250,1292,1316,1289,1299
6504,3252000,-78.6,-69.1,-49.7,18.42,11.69,3.74,389.7,343.1,253.6,-400,-350,-250,1305,1296,1332,1311
6505,3252500,-78.1,-68.8,-49.6,21.73,13.75,4.41,378.5,329.4,241.3,-400,-350,-250,1322,1295,1307,1286
6506,3253000,-77.5,-68.4,-49.5,24.92,15.73,5.05,379.4,332.3,239.1,-400,-350,-250,1291,1292,1310,1305
6507,3253500,-76.8,-67.9,-49.3,27.98,17.63,5.67,378.5,334.1,251.7,-400,-350,-250,1309,1332,1313,1320
6508,3254000,-76.0,-67.4,-49.2,30.92,19.44,6.27,370.9,329.4,241.3,-400,-350,-250,1298,1303,1281,1322
6509,3254500,-75.2,-66.9,-49.0,33.73,21.17,6.84,346.3,313.1,231.0,-400,-350,-250,1306,1307,1314,1324
6510,3255000,-74.2,-66.3,-48.8,36.42,22.81,7.4,332.3,299.2,232.4,-400,-350,-250,1310,1309,1305,1311
6511,3255500,-73.3,-65.7,-48.6,38.99,24.38,7.93,334.8,316.6,236.0,-400,-350,-250,1323,1293,1314,1336
6512,3256000,-72.2,-65.1,-48.4,41.44,25.87,8.43,335.5,306.3,242.3,-400,-350,-250,1324,1311,1301,1305
6513,3256500,-71.1,-64.4,-48.2,43.76,27.28,8.92,308.1,288.2,222.2,-400,-350,-250,1287,1346,1330,1316
6514,3257000,-70.0,-63.7,-48.0,45.96,28.62,9.39,291.1,275.6,223.2,-400,-350,-250,1327,1327,1316,1326
6515,3257500,-68.8,-62.9,-47.7,48.03,29.88,9.84,283.5,280.7,227.7,-400,-350,-250,1322,1331,1343,1295
6516,3258000,-67.5,-62.2,-47.5,49.99,31.07,10.27,284.7,285.2,233.9,-400,-350,-250,1311,1313,1306,1300
6517,3258500,-66.2,-61.4,-47.2,51.83,32.19,10.68,263.4,265.4,222.1,-400,-350,-250,1294,1318,1312,1331
6518,3259000,-64.9,-60.5,-46.9,53.56,33.24,11.07,238.2,235.9,211.0,-400,-350,-250,1313,1323,1307,1324
6519,3259500,-63.5,-59.7,-46.6,55.16,34.22,11.44,243.1,240.3,214.0,-400,-350,-250,1303,1317,1316,1325
6520,3260000,-62.1,-58.8,-46.3,56.65,35.13,11.8,222.7,244.9,227.9,-400,-350,-250,1310,1317,1331,1338
6521,3260500,-60.7,-57.9,-46.0,58.03,35.99,12.14,215.7,229.6,215.6,-400,-350,-250,1319,1309,1298,1325
6522,3261000,-59.2,-57.0,-45.7,59.3,36.77,12.46,181.6,206.8,196.2,-400,-350,-250,1294,1310,1334,1307
6523,3261500,-57.7,-56.0,-45.4,60.45,37.5,12.77,173.0,206.7,200.4,-400,-350,-250,1328,1325,1304,1294
6524,3262000,-56.1,-55.1,-45.1,61.5,38.17,13.06,162.6,209.5,209.5,-400,-350,-250,1315,1313,1330,1313
6525,3262500,-54.6,-54.1,-44.7,62.44,38.78,13.34,161.3,202.3,204.1,-400,-350,-250,1321,1325,1289,1332
6526,3263000,-53.0,-53.1,-44.4,63.28,39.33,13.6,119.3,172.0,186.3,-400,-350,-250,1335,1316,1322,1314
6527,3263500,-51.4,-52.1,-44.1,64.02,39.83,13.85,107.5,165.4,177.3,-400,-350,-250,1359,1309,1325,1289
6528,3264000,-49.8,-51.1,-43.7,64.65,40.27,14.09,107.3,166.6,194.3,-400,-350,-250,1308,1299,1310,1299
6529,3264500,-48.1,-50.1,-43.3,65.19,40.66,14.31,87.5,160.9,192.0,-400,-350,-250,1330,1305,1307,1320
6530,3265000,-46.5,-49.1,-43.0,65.63,41.0,14.51,68.8,138.2,174.2,-400,-350,-250,1341,1306,1338,1334
6531,3265500,-44.8,-48.0,-42.6,65.98,41.29,14.71,32.7,121.2,163.6,-400,-350,-250,1309,1295,1315,1334
6532,3266000,-43.2,-47.0,-42.2,66.24,41.53,14.89,34.2,120.3,173.9,-400,-350,-250,1328,1329,1317,1329
6533,3266500,-41.5,-46.0,-41.9,66.41,41.73,15.06,21.1,112.8,175.8,-400,-350,-250,1290,1300,1339,1303
6534,3267000,-39.9,-44.9,-41.5,66.49,41.88,15.22,-2.5,99.2,170.9,-400,-350,-250,1299,1326,1323,1327
6535,3267500,-38.2,-43.9,-41.1,66.49,41.99,15.36,-29.4,77.0,143.8,-400,-350,-250,1314,1307,1324,1280
6536,3268000,-36.5,-42.8,-40.7,66.41,42.06,15.5,-38.3,83.5,150.8,-400,-350,-250,1324,1299,1306,1332
6537,3268500,-34.9,-41.8,-40.3,66.25,42.09,15.62,-42.7,71.8,158.5,-400,-350,-250,1293,1344,1303,1336
6538,3269000,-33.2,-40.7,-39.9,66.01,42.08,15.74,-60.1,63.7,153.4,-400,-350,-250,1313,1333,1317,1326
6539,3269500,-31.6,-39.7,-39.5,65.7,42.03,15.84,-88.6,32.1,136.8,-400,-350,-250,1320,1336,1312,1312
6540,3270000,-30.0,-38.6,-39.1,65.31,41.94,15.93,-102.6,29.3,134.9,-400,-350,-250,1318,1326,1319,1307
6541,3270500,-28.3,-37.6,-38.7,64.86,41.82,16.02,-117.4,34.8,149.1,-400,-350,-250,1312,1338,1319,1336
6542,3271000,-26.7,-36.5,-38.3,64.34,41.67,16.09,-126.5,23.4,145.4,-400,-350,-250,1308,1324,1300,1324
6543,3271500,-25.1,-35.5,-37.9,63.76,41.48,16.16,-155.2,-5.4,118.8,-400,-350,-250,1337,1322,1312,1328
6544,3272000,-23.6,-34.5,-37.5,63.12,41.27,16.22,-167.1,-10.8,116.5,-400,-350,-250,1324,1321,1349,1302
6545,3272500,-22.0,-33.4,-37.1,62.42,41.02,16.27,-177.5,-20.9,124.3,-400,-350,-250,1360,1320,1324,1317
6546,3273000,-20.5,-32.4,-36.7,61.66,40.75,16.31,-181.9,-20.5,127.7,-400,-350,-250,1334,1321,1315,1316
6547,3273500,-18.9,-31.4,-36.3,60.85,40.45,16.34,-215.8,-46.6,114.3,-400,-350,-250,1314,1293,1315,1326
6548,3274000,-17.4,-30.4,-35.9,59.99,40.12,16.37,-235.3,-52.0,99.8,-400,-350,-250,1291,1325,1316,1317
6549,3274500,-16.0,-29.4,-35.5,59.08,39.77,16.38,-242.2,-51.3,105.6,-400,-350,-250,1308,1314,1311,1329
6550,3275000,-14.5,-28.4,-35.1,58.13,39.4,16.39,-247.0,-61.5,110.0,-400,-350,-250,1312,1313,1342,1359
6551,3275500,-13.1,-27.4,-34.7,57.13,39.01,16.4,-269.6,-75.0,92.4,-400,-350,-250,1302,1308,1305,1326
6552,3276000,-11.7,-26.5,-34.3,56.09,38.59,16.39,-297.6,-92.9,82.7,-400,-350,-250,1315,1331,1328,1317
6553,3276500,-10.3,-25.5,-33.8,55.01,38.15,16.39,-293.6,-95.1,88.6,-400,-350,-250,1322,1341,1333,1321
6554,3277000,-9.0,-24.6,-33.4,53.9,37.7,16.37,-297.8,-87.1,91.7,-400,-350,-250,1326,1316,1326,1323
6555,3277500,-7.6,-23.7,-33.0,52.75,37.23,16.35,-319.9,-106.7,81.8,-400,-350,-250,1313,1324,1328,1344
6556,3278000,-6.3,-22.7,-32.6,51.58,36.74,16.32,-348.4,-123.1,69.5,-400,-350,-250,1317,1356,1315,1337
6557,3278500,-5.1,-21.8,-32.2,50.37,36.23,16.29,-355.4,-132.7,61.4,-400,-350,-250,1339,1335,1298,1354
6558,3279000,-3.9,-20.9,-31.8,49.14,35.72,16.25,-345.8,-140.4,83.6,-400,-350,-250,1313,1347,1317,1313
6559,3279500,-2.7,-20.1,-31.4,47.89,35.18,16.21,-368.9,-147.8,68.6,-400,-350,-250,1335,1342,1320,1334
6560,3280000,-1.5,-19.2,-31.0,46.61,34.64,16.16,-395.6,-163.8,49.1,-400,-350,-250,1333,1309,1306,1315
6561,3280500,-0.4,-18.3,-30.6,45.31,34.08,16.1,-397.6,-172.0,40.6,-400,-350,-250,1355,1315,1331,1340
6562,3281000,0.7,-17.5,-30.2,44.0,33.52,16.05,-401.8,-168.2,62.4,-400,-350,-250,1324,1324,1296,1312
6563,3281500,1.8,-16.7,-29.8,42.67,32.94,15.98,-411.7,-172.6,53.7,-400,-350,-250,1328,1344,1290,1335
6564,3282000,2.8,-15.9,-29.4,41.33,32.35,15.92,-436.5,-198.1,32.3,-400,-350,-250,1342,1308,1322,1351
6565,3282500,3.8,-15.1,-29.0,39.97,31.76,15.85,-440.9,-209.7,28.2,-400,-350,-250,1318,1319,1337,1352
6566,3283000,4.8,-14.3,-28.6,38.61,31.16,15.77,-440.9,-200.5,45.4,-400,-350,-250,1342,1314,1352,1336
6567,3283500,5.7,-13.5,-28.2,37.24,30.55,15.69,-444.1,-207.5,40.8,-400,-350,-250,1340,1346,1316,1342
6568,3284000,6.6,-12.8,-27.8,35.86,29.94,15.61,-470.7,-228.2,26.3,-400,-350,-250,1335,1334,1344,1318
6569,3284500,7.5,-12.1,-27.4,34.48,29.32,15.52,-483.3,-231.6,21.3,-400,-350,-250,1326,1339,1343,1335
6570,3285000,8.3,-11.3,-27.0,33.1,28.7,15.44,-479.3,-231.0,29.4,-400,-350,-250,1334,1319,1330,1322
6571,3285500,9.1,-10.6,-26.7,31.72,28.07,15.34,-477.7,-232.2,29.2,-400,-350,-250,1326,1347,1340,1332
6572,3286000,9.9,-9.9,-26.3,30.34,27.45,15.25,-499.0,-246.9,15.5,-400,-350,-250,1322,1329,1319,1325
6573,3286500,10.6,-9.3,-25.9,28.97,26.82,15.15,-514.0,-263.5,1.8,-400,-350,-250,1333,1344,1315,1311
6574,3287000,11.3,-8.6,-25.5,27.6,26.19,15.05,-511.6,-262.5,1.9,-400,-350,-250,1338,1342,1343,1344
6575,3287500,11.9,-8.0,-25.2,26.23,25.55,14.95,-507.7,-258.5,4.7,-400,-350,-250,1334,1318,1339,1344
6576,3288000,12.6,-7.4,-24.8,24.88,24.92,14.84,-520.1,-278.1,1.3,-400,-350,-250,1332,1339,1327,1308
6577,3288500,13.1,-6.8,-24.4,23.53,24.29,14.73,-536.8,-291.4,-13.0,-400,-350,-250,1344,1330,1340,1325
6578,3289000,13.7,-6.2,-24.0,22.19,23.66,14.62,-549.4,-294.3,-15.2,-400,-350,-250,1329,1356,1338,1306
6579,3289500,14.2,-5.6,-23.7,20.87,23.03,14.51,-537.0,-285.1,-1.1,-400,-350,-250,1344,1336,1352,1340
6580,3290000,14.7,-5.0,-23.3,19.56,22.4,14.4,-542.8,-296.8,-5.1,-400,-350,-250,1335,1365,1317,1355
6581,3290500,15.2,-4.5,-23.0,18.26,21.77,14.28,-557.1,-315.3,-28.5,-400,-350,-250,1357,1331,1338,1360
6582,3291000,15.6,-4.0,-22.6,16.98,21.15,14.16,-560.9,-319.5,-32.3,-400,-350,-250,1325,1330,1350,1317
6583,3291500,16.0,-3.4,-22.3,15.72,20.53,14.04,-557.9,-312.2,-28.1,-400,-350,-250,1358,1361,1337,1326
6584,3292000,16.3,-2.9,-21.9,14.47,19.92,13.92,-560.0,-311.2,-22.3,-400,-350,-250,1350,1309,1337,1348
6585,3292500,16.7,-2.5,-21.6,13.25,19.3,13.8,-576.7,-325.5,-35.9,-400,-350,-250,1334,1365,1330,1314
6586,3293000,17.0,-2.0,-21.2,12.04,18.7,13.67,-587.0,-339.7,-39.5,-400,-350,-250,1341,1351,1325,1349
6587,3293500,17.3,-1.5,-20.9,10.86,18.1,13.55,-567.5,-336.2,-45.1,-400,-350,-250,1347,1330,1329,1341
6588,3294000,17.5,-1.1,-20.6,9.69,17.5,13.42,-560.0,-323.9,-29.7,-400,-350,-250,1334,1318,1337,1360
6589,3294500,17.7,-0.7,-20.2,8.55,16.91,13.29,-581.8,-348.1,-48.1,-400,-350,-250,1351,1322,1325,1337
6590,3295000,17.9,-0.3,-19.9,7.43,16.33,13.17,-581.9,-353.7,-62.1,-400,-350,-250,1324,1324,1347,1313
6591,3295500,18.1,0.1,-19.6,6.33,15.75,13.04,-583.3,-355.0,-51.1,-400,-350,-250,1354,1352,1354,1350
6592,3296000,18.2,0.5,-19.2,5.26,15.18,12.91,-571.7,-343.2,-43.9,-400,-350,-250,1322,1340,1359,1326
6593,3296500,18.3,0.9,-18.9,4.22,14.61,12.78,-577.2,-361.5,-56.2,-400,-350,-250,1340,1348,1338,1337
6594,3297000,18.4,1.2,-18.6,3.2,14.05,12.64,-598.1,-367.2,-76.1,-400,-350,-250,1327,1349,1334,1330
6595,3297500,18.4,1.6,-18.3,2.2,13.5,12.51,-586.9,-366.3,-70.8,-400,-350,-250,1335,1342,1320,1331
6596,3298000,18.5,1.9,-18.0,1.24,12.96,12.38,-579.6,-356.9,-63.3,-400,-350,-250,1337,1320,1314,1335
6597,3298500,18.5,2.2,-17.7,0.3,12.43,12.25,-580.8,-367.0,-65.3,-400,-350,-250,1362,1336,1353,1319
6598,3299000,18.4,2.5,-17.4,-0.62,11.9,12.11,-586.5,-382.7,-89.9,-400,-350,-250,1341,1316,1339,1364
6599,3299500,18.4,2.8,-17.1,-1.5,11.38,11.98,-590.4,-380.6,-83.5,-400,-350,-250,1312,1352,1341,1318
6600,3300000,18.4,3.0,-16.8,-2.36,10.87,11.84,-572.8,-378.7,-78.8,-400,-350,-250,1345,1332,1329,1326
6601,3300500,18.3,3.3,-16.5,-3.19,10.37,11.71,-582.6,-371.8,-76.1,-400,-350,-250,1344,1350,1324,1362
6602,3301000,18.2,3.6,-16.2,-3.99,9.88,11.58,-582.7,-389.6,-89.3,-400,-350,-250,1350,1346,1330,1332
6603,3301500,18.1,3.8,-15.9,-4.77,9.4,11.44,-585.8,-396.1,-91.6,-400,-350,-250,1355,1355,1333,1331
6604,3302000,17.9,4.0,-15.6,-5.51,8.92,11.31,-577.7,-386.5,-91.4,-400,-350,-250,1321,1331,1341,1352
6605,3302500,17.8,4.2,-15.4,-6.23,8.46,11.17,-571.7,-383.3,-89.1,-400,-350,-250,1374,1349,1349,1353
6606,3303000,17.6,4.4,-15.1,-6.91,8.0,11.04,-580.4,-400.4,-103.0,-400,-350,-250,1357,1328,1321,1338
6607,3303500,17.4,4.6,-14.8,-7.57,7.55,10.9,-584.3,-406.0,-108.2,-400,-350,-250,1334,1339,1349,1333
6608,3304000,17.2,4.8,-14.5,-8.2,7.11,10.77,-566.4,-392.5,-102.8,-400,-350,-250,1352,1319,1325,1343
6609,3304500,17.0,5.0,-14.3,-8.8,6.69,10.64,-554.7,-389.2,-95.6,-400,-350,-250,1357,1329,1350,1353
6610,3305000,16.7,5.1,-14.0,-9.38,6.27,10.5,-563.8,-405.2,-117.8,-400,-350,-250,1323,1341,1347,1348
6611,3305500,16.5,5.3,-13.7,-9.92,5.86,10.37,-566.7,-408.0,-127.1,-400,-350,-250,1342,1340,1325,1364
6612,3306000,16.2,5.4,-13.5,-10.44,5.46,10.24,-564.7,-402.3,-121.6,-400,-350,-250,1333,1340,1332,1346
6613,3306500,16.0,5.5,-13.2,-10.92,5.07,10.11,-547.6,-395.3,-112.2,-400,-350,-250,1329,1343,1353,1329
6614,3307000,15.7,5.6,-13.0,-11.39,4.68,9.97,-552.9,-402.8,-115.5,-400,-350,-250,1322,1355,1313,1340
6615,3307500,15.4,5.7,-12.7,-11.82,4.31,9.84,-555.9,-410.8,-128.6,-400,-350,-250,1384,1357,1347,1332
6616,3308000,15.1,5.8,-12.5,-12.22,3.95,9.71,-552.6,-416.8,-127.5,-400,-350,-250,1345,1372,1361,1338
6617,3308500,14.8,5.9,-12.3,-12.6,3.6,9.58,-541.9,-398.3,-116.3,-400,-350,-250,1329,1339,1338,1337
6618,3309000,14.4,6.0,-12.0,-12.96,3.25,9.45,-537.2,-404.7,-124.0,-400,-350,-250,1358,1384,1347,1347
6619,3309500,14.1,6.1,-11.8,-13.28,2.92,9.32,-546.6,-418.6,-140.0,-400,-350,-250,1325,1334,1356,1336
6620,3310000,13.8,6.2,-11.6,-13.58,2.6,9.19,-537.9,-421.5,-139.9,-400,-350,-250,1314,1345,1322,1323
6621,3310500,13.4,6.2,-11.3,-13.86,2.28,9.07,-524.4,-409.1,-123.5,-400,-350,-250,1362,1360,1359,1365
6622,3311000,13.1,6.3,-11.1,-14.11,1.98,8.94,-514.1,-406.2,-132.0,-400,-350,-250,1323,1344,1335,1329
6623,3311500,12.7,6.3,-10.9,-14.33,1.68,8.81,-529.4,-412.6,-140.5,-400,-350,-250,1366,1344,1322,1370
6624,3312000,12.3,6.3,-10.7,-14.53,1.39,8.69,-527.4,-420.8,-151.5,-400,-350,-250,1336,1346,1368,1334
6625,3312500,12.0,6.4,-10.5,-14.71,1.11,8.56,-518.7,-410.3,-142.2,-400,-350,-250,1316,1371,1339,1346
6626,3313000,11.6,6.4,-10.2,-14.86,0.84,8.44,-508.5,-404.4,-138.7,-400,-350,-250,1382,1359,1384,1335
6627,3313500,11.2,6.4,-10.0,-15.0,0.58,8.32,-513.5,-420.9,-150.5,-400,-350,-250,1376,1333,1372,1367
6628,3314000,10.8,6.4,-9.8,-15.1,0.33,8.19,-516.7,-423.6,-160.0,-400,-350,-250,1352,1368,1357,1352
6629,3314500,10.5,6.4,-9.6,-15.19,0.09,8.07,-502.8,-410.3,-146.0,-400,-350,-250,1345,1362,1342,1338
6630,3315000,10.1,6.4,-9.4,-15.26,-0.14,7.95,-484.4,-408.1,-147.1,-400,-350,-250,1345,1356,1338,1333
6631,3315500,9.7,6.4,-9.2,-15.3,-0.37,7.83,-493.0,-407.3,-155.7,-400,-350,-250,1348,1342,1344,1322
6632,3316000,9.3,6.4,-9.0,-15.33,-0.59,7.71,-496.3,-424.7,-166.3,-400,-350,-250,1359,1365,1311,1372
6633,3316500,8.9,6.4,-8.9,-15.34,-0.8,7.6,-487.0,-418.9,-165.3,-400,-350,-250,1376,1370,1348,1349
6634,3317000,8.6,6.3,-8.7,-15.32,-1.0,7.48,-472.4,-406.1,-159.5,-400,-350,-250,1363,1341,1364,1339
6635,3317500,8.2,6.3,-8.5,-15.29,-1.19,7.37,-471.4,-395.5,-157.5,-400,-350,-250,1362,1339,1371,1348
6636,3318000,7.8,6.3,-8.3,-15.24,-1.37,7.25,-483.6,-423.3,-169.8,-400,-350,-250,1322,1347,1308,1352
6637,3318500,7.4,6.2,-8.1,-15.17,-1.55,7.14,-479.1,-418.1,-171.0,-400,-350,-250,1341,1370,1340,1363
6638,3319000,7.0,6.2,-7.9,-15.09,-1.72,7.02,-458.2,-404.3,-162.5,-400,-350,-250,1338,1351,1330,1373
6639,3319500,6.7,6.1,-7.8,-14.99,-1.88,6.91,-454.6,-397.7,-161.8,-400,-350,-250,1363,1360,1349,1352
6640,3320000,6.3,6.1,-7.6,-14.88,-2.03,6.8,-468.6,-420.4,-180.4,-400,-350,-250,1350,1369,1369,1361
6641,3320500,5.9,6.0,-7.4,-14.75,-2.18,6.69,-470.9,-419.2,-188.1,-400,-350,-250,1389,1357,1364,1379
6642,3321000,5.6,6.0,-7.3,-14.61,-2.32,6.58,-460.2,-412.3,-173.2,-400,-350,-250,1328,1332,1377,1351
6643,3321500,5.2,5.9,-7.1,-14.45,-2.45,6.48,-439.1,-396.5,-167.9,-400,-350,-250,1336,1366,1356,1334
6644,3322000,4.8,5.9,-7.0,-14.28,-2.58,6.37,-447.8,-413.0,-180.6,-400,-350,-250,1368,1339,1344,1332
6645,3322500,4.5,5.8,-6.8,-14.09,-2.69,6.26,-452.4,-418.9,-187.0,-400,-350,-250,1338,1370,1322,1359
6646,3323000,4.1,5.7,-6.6,-13.9,-2.81,6.16,-445.6,-404.1,-182.7,-400,-350,-250,1343,1340,1379,1342
6647,3323500,3.8,5.6,-6.5,-13.69,-2.91,6.06,-423.1,-398.6,-169.3,-400,-350,-250,1376,1354,1346,1348
6648,3324000,3.5,5.6,-6.3,-13.48,-3.01,5.95,-438.7,-409.1,-182.3,-400,-350,-250,1354,1335,1368,1352
6649,3324500,3.1,5.5,-6.2,-13.25,-3.1,5.85,-444.4,-418.1,-197.4,-400,-350,-250,1352,1360,1364,1381
6650,3325000,2.8,5.4,-6.1,-13.01,-3.19,5.75,-433.3,-410.0,-192.7,-400,-350,-250,1388,1346,1384,1361
6651,3325500,2.5,5.3,-5.9,-12.77,-3.27,5.66,-421.9,-392.1,-179.6,-400,-350,-250,1337,1356,1345,1371
6652,3326000,2.2,5.3,-5.8,-12.51,-3.34,5.56,-408.8,-397.0,-189.9,-400,-350,-250,1367,1357,1355,1355
6653,3326500,1.9,5.2,-5.6,-12.25,-3.41,5.46,-421.2,-418.5,-203.4,-400,-350,-250,1339,1350,1368,1345
6654,3327000,1.6,5.1,-5.5,-11.98,-3.47,5.37,-420.7,-402.7,-204.9,-400,-350,-250,1361,1346,1365,1354
6655,3327500,1.3,5.0,-5.4,-11.71,-3.53,5.27,-407.5,-400.9,-189.0,-400,-350,-250,1364,1360,1339,1371
6656,3328000,1.0,4.9,-5.2,-11.43,-3.58,5.18,-398.0,-389.3,-190.0,-400,-350,-250,1376,1335,1320,1348
6657,3328500,0.7,4.8,-5.1,-11.14,-3.63,5.09,-412.8,-404.3,-209.2,-400,-350,-250,1378,1395,1359,1344
6658,3329000,0.4,4.7,-5.0,-10.84,-3.67,4.99,-415.1,-401.5,-202.3,-400,-350,-250,1342,1367,1343,1340
6659,3329500,0.2,4.6,-4.9,-10.55,-3.71,4.9,-394.6,-387.9,-192.1,-400,-350,-250,1354,1338,1351,1358
6660,3330000,-0.1,4.5,-4.7,-10.24,-3.75,4.82,-387.2,-396.1,-192.3,-400,-350,-250,1358,1347,1335,1372
6661,3330500,-0.3,4.4,-4.6,-9.94,-3.77,4.73,-412.2,-396.8,-200.6,-400,-350,-250,1364,1363,1359,1340
6662,3331000,-0.6,4.3,-4.5,-9.63,-3.8,4.64,-405.8,-401.1,-224.5,-400,-350,-250,1372,1361,1369,1359
6663,3331500,-0.8,4.2,-4.4,-9.32,-3.82,4.56,-386.9,-389.9,-201.4,-400,-350,-250,1324,1337,1374,1353
6664,3332000,-1.0,4.2,-4.3,-9.01,-3.83,4.47,-378.1,-385.4,-194.5,-400,-350,-250,1359,1375,1368,1348
6665,3332500,-1.3,4.1,-4.2,-8.69,-3.84,4.39,-387.1,-388.5,-205.4,-400,-350,-250,1390,1364,1345,1374
6666,3333000,-1.5,4.0,-4.1,-8.37,-3.85,4.3,-404.1,-397.0,-220.0,-400,-350,-250,1356,1358,1357,1358
6667,3333500,-1.7,3.9,-4.0,-8.06,-3.86,4.22,-386.6,-390.3,-216.8,-400,-350,-250,1353,1333,1370,1316
6668,3334000,-1.9,3.8,-3.9,-7.74,-3.86,4.14,-368.2,-378.7,-199.2,-400,-350,-250,1363,1382,1372,1353
6669,3334500,-2.0,3.7,-3.8,-7.42,-3.85,4.06,-378.7,-383.7,-217.6,-400,-350,-250,1361,1364,1355,1360
6670,3335000,-2.2,3.6,-3.7,-7.1,-3.85,3.99,-388.9,-395.2,-224.8,-400,-350,-250,1344,1360,1361,1356
6671,3335500,-2.4,3.5,-3.6,-6.78,-3.84,3.91,-378.7,-387.7,-215.2,-400,-350,-250,1339,1354,1364,1347
6672,3336000,-2.6,3.4,-3.5,-6.47,-3.82,3.83,-360.3,-375.8,-201.1,-400,-350,-250,1361,1392,1364,1353
6673,3336500,-2.7,3.3,-3.4,-6.15,-3.81,3.76,-365.4,-374.6,-211.3,-400,-350,-250,1341,1361,1344,1370
6674,3337000,-2.9,3.2,-3.3,-5.84,-3.79,3.68,-374.4,-392.0,-234.4,-400,-350,-250,1331,1328,1396,1354
6675,3337500,-3.0,3.1,-3.2,-5.53,-3.77,3.61,-375.8,-387.3,-232.9,-400,-350,-250,1340,1381,1342,1359
6676,3338000,-3.1,3.0,-3.1,-5.22,-3.74,3.54,-364.9,-369.8,-209.9,-400,-350,-250,1374,1367,1339,1348
6677,3338500,-3.2,2.9,-3.0,-4.91,-3.72,3.47,-355.1,-368.1,-218.3,-400,-350,-250,1345,1382,1351,1336
6678,3339000,-3.4,2.8,-2.9,-4.61,-3.69,3.4,-373.3,-387.6,-235.6,-400,-350,-250,1363,1332,1366,1380
6679,3339500,-3.5,2.7,-2.8,-4.31,-3.66,3.33,-385.4,-390.5,-228.7,-400,-350,-250,1349,1367,1341,1383
6680,3340000,-3.6,2.6,-2.8,-4.01,-3.62,3.26,-353.6,-368.5,-226.5,-400,-350,-250,1356,1357,1338,1391
6681,3340500,-3.7,2.5,-2.7,-3.72,-3.59,3.2,-354.7,-365.7,-204.8,-400,-350,-250,1381,1342,1347,1360
6682,3341000,-3.7,2.5,-2.6,-3.43,-3.55,3.13,-365.5,-372.5,-223.6,-400,-350,-250,1372,1365,1367,1352
6683,3341500,-3.8,2.4,-2.5,-3.15,-3.51,3.07,-374.7,-380.1,-236.8,-400,-350,-250,1388,1373,1350,1348
6684,3342000,-3.9,2.3,-2.5,-2.87,-3.47,3.0,-367.7,-368.6,-219.5,-400,-350,-250,1375,1378,1373,1364
6685,3342500,-4.0,2.2,-2.4,-2.59,-3.43,2.94,-355.0,-366.7,-213.8,-400,-350,-250,1361,1371,1378,1362
6686,3343000,-4.0,2.1,-2.3,-2.32,-3.38,2.88,-354.7,-368.6,-218.0,-400,-350,-250,1374,1361,1366,1374
6687,3343500,-4.1,2.0,-2.2,-2.06,-3.34,2.82,-363.1,-379.0,-236.5,-400,-350,-250,1386,1367,1368,1363
6688,3344000,-4.1,1.9,-2.2,-1.8,-3.29,2.76,-366.7,-374.0,-234.3,-400,-350,-250,1349,1363,1353,1371
6689,3344500,-4.2,1.9,-2.1,-1.54,-3.24,2.7,-350.8,-360.9,-222.0,-400,-350,-250,1369,1356,1361,1365
6690,3345000,-4.2,1.8,-2.0,-1.29,-3.19,2.64,-353.0,-362.3,-229.2,-400,-350,-250,1385,1348,1377,1335
6691,3345500,-4.2,1.7,-2.0,-1.05,-3.14,2.58,-357.7,-374.0,-235.0,-400,-350,-250,1354,1383,1369,1378
6692,3346000,-4.2,1.6,-1.9,-0.81,-3.09,2.53,-360.7,-375.4,-240.9,-400,-350,-250,1376,1381,1359,1354
6693,3346500,-4.2,1.6,-1.8,-0.58,-3.04,2.47,-348.6,-354.8,-229.9,-400,-350,-250,1351,1375,1354,1386
6694,3347000,-4.3,1.5,-1.8,-0.36,-2.98,2.42,-346.0,-356.6,-221.6,-400,-350,-250,1352,1373,1381,1375
6695,3347500,-4.3,1.4,-1.7,-0.14,-2.93,2.36,-355.6,-370.6,-243.3,-400,-350,-250,1342,1364,1365,1378
6696,3348000,-4.3,1.3,-1.7,0.07,-2.88,2.31,-370.1,-373.8,-241.8,-400,-350,-250,1380,1357,1385,1366
6697,3348500,-4.2,1.3,-1.6,0.28,-2.82,2.26,-353.2,-359.9,-229.5,-400,-350,-250,1365,1351,1369,1373
6698,3349000,-4.2,1.2,-1.6,0.48,-2.76,2.21,-341.6,-352.2,-225.1,-400,-350,-250,1347,1333,1375,1362
6699,3349500,-4.2,1.1,-1.5,0.67,-2.71,2.16,-365.7,-355.2,-240.5,-400,-350,-250,1385,1377,1384,1377
6700,3350000,-4.2,1.1,-1.4,0.86,-2.65,2.11,-367.6,-372.2,-240.4,-400,-350,-250,1352,1387,1375,1393
6701,3350500,-4.2,1.0,-1.4,1.04,-2.59,2.06,-364.4,-360.5,-241.5,-400,-350,-250,1349,1372,1375,1359
6702,3351000,-4.1,0.9,-1.3,1.22,-2.54,2.01,-354.0,-351.2,-228.7,-400,-350,-250,1368,1380,1357,1390
6703,3351500,-4.1,0.9,-1.3,1.38,-2.48,1.96,-357.2,-360.2,-237.3,-400,-350,-250,1369,1387,1362,1351
6704,3352000,-4.1,0.8,-1.3,1.54,-2.42,1.92,-372.6,-373.7,-247.9,-400,-350,-250,1356,1376,1356,1358
6705,3352500,-4.0,0.8,-1.2,1.7,-2.36,1.87,-368.2,-361.7,-245.4,-400,-350,-250,1354,1389,1368,1349
6706,3353000,-4.0,0.7,-1.2,1.84,-2.31,1.83,-348.2,-347.9,-225.6,-400,-350,-250,1361,1395,1363,1357
6707,3353500,-3.9,0.6,-1.1,1.99,-2.25,1.78,-355.9,-348.7,-232.3,-400,-350,-250,1368,1361,1382,1392
6708,3354000,-3.9,0.6,-1.1,2.12,-2.19,1.74,-369.9,-364.9,-255.1,-400,-350,-250,1331,1367,1365,1380
6709,3354500,-3.8,0.5,-1.0,2.25,-2.13,1.7,-371.0,-354.4,-246.4,-400,-350,-250,1370,1375,1388,1347
6710,3355000,-3.8,0.5,-1.0,2.37,-2.07,1.66,-357.4,-340.7,-233.2,-400,-350,-250,1391,1374,1371,1408
6711,3355500,-3.7,0.4,-0.9,2.48,-2.02,1.62,-352.6,-352.4,-226.9,-400,-350,-250,1342,1382,1386,1410
6712,3356000,-3.6,0.4,-0.9,2.59,-1.96,1.58,-365.0,-361.4,-249.6,-400,-350,-250,1388,1358,1396,1368
6713,3356500,-3.6,0.3,-0.9,2.69,-1.9,1.54,-377.1,-372.2,-255.5,-400,-350,-250,1368,1368,1413,1396
6714,3357000,-3.5,0.3,-0.8,2.79,-1.85,1.5,-367.3,-352.8,-242.2,-400,-350,-250,1403,1363,1366,1395
6715,3357500,-3.4,0.2,-0.8,2.88,-1.79,1.46,-350.0,-350.6,-236.2,-400,-350,-250,1382,1402,1378,1372
6716,3358000,-3.4,0.2,-0.8,2.96,-1.73,1.43,-364.8,-353.4,-246.4,-400,-350,-250,1343,1367,1349,1392
6717,3358500,-3.3,0.2,-0.7,3.04,-1.68,1.39,-375.0,-367.9,-249.5,-400,-350,-250,1380,1355,1360,1365
6718,3359000,-3.2,0.1,-0.7,3.11,-1.62,1.35,-369.9,-354.7,-235.3,-400,-350,-250,1389,1361,1381,1350
6719,3359500,-3.1,0.1,-0.7,3.18,-1.57,1.32,-360.3,-338.3,-230.4,-400,-350,-250,1361,1355,1367,1376
6720,3360000,-3.0,0.0,-0.6,3.23,-1.52,1.28,-368.1,-349.1,-247.4,-400,-350,-250,1380,1362,1362,1374
6721,3360500,-3.0,0.0,-0.6,3.29,-1.46,1.25,-386.9,-358.3,-261.6,-400,-350,-250,1353,1388,1380,1371
6722,3361000,-2.9,-0.0,-0.6,3.34,-1.41,1.22,-372.4,-354.2,-249.4,-400,-350,-250,1376,1387,1372,1397
6723,3361500,-2.8,-0.1,-0.5,3.38,-1.36,1.19,-366.1,-334.8,-239.4,-400,-350,-250,1377,1372,1383,1373
6724,3362000,-2.7,-0.1,-0.5,3.42,-1.31,1.15,-370.9,-348.4,-238.3,-400,-350,-250,1384,1401,1394,1356
6725,3362500,-2.6,-0.1,-0.5,3.45,-1.26,1.12,-374.1,-352.5,-257.9,-400,-350,-250,1397,1366,1402,1347
6726,3363000,-2.5,-0.2,-0.4,3.48,-1.21,1.09,-381.9,-358.1,-253.9,-400,-350,-250,1378,1400,1390,1361
6727,3363500,-2.4,-0.2,-0.4,3.5,-1.16,1.06,-365.4,-340.5,-241.5,-400,-350,-250,1346,1380,1384,1389
6728,3364000,-2.4,-0.2,-0.4,3.51,-1.11,1.03,-364.2,-335.7,-240.5,-400,-350,-250,1381,1391,1381,1352
6729,3364500,-2.3,-0.2,-0.4,3.53,-1.06,1.0,-379.5,-348.9,-252.5,-400,-350,-250,1386,1399,1375,1389
6730,3365000,-2.2,-0.3,-0.3,3.53,-1.01,0.98,-391.0,-350.8,-251.4,-400,-350,-250,1386,1383,1389,1385
6731,3365500,-2.1,-0.3,-0.3,3.54,-0.97,0.95,-373.8,-349.8,-245.2,-400,-350,-250,1403,1374,1358,1382
6732,3366000,-2.0,-0.3,-0.3,3.53,-0.92,0.92,-376.1,-337.6,-236.2,-400,-350,-250,1371,1379,1379,1361
6733,3366500,-1.9,-0.3,-0.3,3.53,-0.88,0.89,-386.2,-346.9,-251.6,-400,-350,-250,1369,1365,1361,1356
6734,3367000,-1.8,-0.4,-0.3,3.52,-0.83,0.87,-399.2,-353.3,-268.8,-400,-350,-250,1365,1369,1367,1389
6735,3367500,-1.7,-0.4,-0.2,3.5,-0.79,0.84,-379.3,-344.6,-242.1,-400,-350,-250,1402,1403,1379,1378
6736,3368000,-1.6,-0.4,-0.2,3.49,-0.75,0.82,-374.0,-324.5,-233.8,-400,-350,-250,1344,1369,1404,1363
6737,3368500,-1.6,-0.4,-0.2,3.47,-0.71,0.79,-379.7,-344.0,-246.9,-400,-350,-250,1365,1358,1377,1353
6738,3369000,-1.5,-0.4,-0.2,3.44,-0.67,0.77,-393.7,-365.1,-257.5,-400,-350,-250,1387,1365,1361,1384
6739,3369500,-1.4,-0.4,-0.2,3.41,-0.63,0.75,-383.3,-350.1,-252.3,-400,-350,-250,1395,1394,1364,1366
6740,3370000,-1.3,-0.5,-0.1,3.38,-0.59,0.72,-382.8,-332.0,-236.4,-400,-350,-250,1352,1369,1370,1378
6741,3370500,-1.2,-0.5,-0.1,3.34,-0.55,0.7,-382.1,-335.8,-251.1,-400,-350,-250,1365,1379,1403,1382
6742,3371000,-1.1,-0.5,-0.1,3.31,-0.51,0.68,-393.6,-347.3,-257.3,-400,-350,-250,1367,1360,1384,1380
6743,3371500,-1.1,-0.5,-0.1,3.26,-0.48,0.66,-400.1,-356.6,-247.9,-400,-350,-250,1403,1364,1371,1361
6744,3372000,-1.0,-0.5,-0.1,3.22,-0.44,0.64,-378.3,-337.8,-243.9,-400,-350,-250,1384,1388,1368,1404
6745,3372500,-0.9,-0.5,-0.1,3.17,-0.41,0.62,-377.8,-332.4,-245.7,-400,-350,-250,1366,1368,1360,1405
6746,3373000,-0.8,-0.5,-0.0,3.12,-0.37,0.6,-391.7,-348.5,-247.5,-400,-350,-250,1376,1399,1394,1376
6747,3373500,-0.7,-0.5,-0.0,3.07,-0.34,0.58,-402.6,-360.0,-264.0,-400,-350,-250,1367,1403,1372,1361
6748,3374000,-0.7,-0.5,-0.0,3.02,-0.31,0.56,-390.8,-338.4,-237.9,-400,-350,-250,1375,1380,1364,1384
6749,3374500,-0.6,-0.6,0.0,2.96,-0.28,0.54,-379.6,-330.4,-238.1,-400,-350,-250,1355,1385,1412,1356
6750,3375000,-0.5,-0.6,0.0,2.9,-0.25,0.52,-393.5,-350.6,-245.7,-400,-350,-250,1401,1361,1388,1405
6751,3375500,-0.5,-0.6,0.0,2.85,-0.22,0.5,-396.4,-352.1,-258.6,-400,-350,-250,1371,1365,1377,1383
6752,3376000,-0.4,-0.6,0.0,2.78,-0.19,0.48,-387.6,-342.5,-257.2,-400,-350,-250,1389,1366,1389,1372
6753,3376500,-0.3,-0.6,0.1,2.72,-0.16,0.47,-381.6,-332.2,-240.3,-400,-350,-250,1362,1361,1362,1378
6754,3377000,-0.2,-0.6,0.1,2.66,-0.14,0.45,-395.2,-344.6,-247.3,-400,-350,-250,1377,1380,1383,1373
6755,3377500,-0.2,-0.6,0.1,2.59,-0.11,0.43,-413.7,-352.8,-261.5,-400,-350,-250,1375,1386,1404,1405
6756,3378000,-0.1,-0.6,0.1,2.52,-0.09,0.42,-408.8,-349.1,-253.3,-400,-350,-250,1375,1383,1407,1390
6757,3378500,-0.1,-0.6,0.1,2.45,-0.06,0.4,-395.4,-347.1,-233.3,-400,-350,-250,1375,1369,1367,1376
6758,3379000,0.0,-0.6,0.1,2.39,-0.04,0.39,-391.0,-333.3,-242.7,-400,-350,-250,1389,1411,1401,1402
6759,3379500,0.1,-0.6,0.1,2.32,-0.02,0.37,-406.2,-345.6,-260.8,-400,-350,-250,1389,1390,1388,1397
6760,3380000,0.1,-0.6,0.1,2.24,0.01,0.36,-415.4,-353.9,-264.6,-400,-350,-250,1379,1388,1409,1387
6761,3380500,0.2,-0.6,0.1,2.17,0.03,0.34,-390.1,-345.4,-249.4,-400,-350,-250,1361,1383,1382,1383
6762,3381000,0.2,-0.6,0.1,2.1,0.05,0.33,-387.6,-331.4,-238.0,-400,-350,-250,1398,1357,1379,1352
6763,3381500,0.3,-0.6,0.1,2.03,0.07,0.32,-410.1,-345.9,-260.2,-400,-350,-250,1371,1402,1403,1391
6764,3382000,0.3,-0.6,0.2,1.95,0.08,0.3,-415.1,-358.4,-262.2,-400,-350,-250,1394,1388,1420,1402
6765,3382500,0.4,-0.6,0.2,1.88,0.1,0.29,-407.9,-346.5,-252.8,-400,-350,-250,1382,1402,1379,1361
6766,3383000,0.4,-0.6,0.2,1.81,0.12,0.28,-392.4,-325.7,-236.0,-400,-350,-250,1382,1406,1389,1378
6767,3383500,0.5,-0.6,0.2,1.73,0.14,0.27,-404.4,-345.3,-254.5,-400,-350,-250,1378,1373,1391,1415
6768,3384000,0.5,-0.6,0.2,1.66,0.15,0.25,-421.7,-354.6,-259.7,-400,-350,-250,1396,1389,1376,1393
6769,3384500,0.5,-0.6,0.2,1.59,0.17,0.24,-410.3,-346.9,-248.2,-400,-350,-250,1389,1378,1395,1385
6770,3385000,0.6,-0.6,0.2,1.51,0.18,0.23,-397.9,-332.0,-243.3,-400,-350,-250,1383,1407,1399,1369
6771,3385500,0.6,-0.6,0.2,1.44,0.19,0.22,-404.1,-341.1,-248.1,-400,-350,-250,1398,1348,1369,1391
6772,3386000,0.6,-0.6,0.2,1.37,0.21,0.21,-408.3,-357.7,-258.6,-400,-350,-250,1396,1394,1379,1406
6773,3386500,0.7,-0.5,0.2,1.3,0.22,0.2,-406.6,-353.1,-262.5,-400,-350,-250,1381,1394,1414,1373
6774,3387000,0.7,-0.5,0.2,1.23,0.23,0.19,-402.8,-341.7,-249.0,-400,-350,-250,1389,1387,1364,1382
6775,3387500,0.7,-0.5,0.2,1.16,0.24,0.18,-395.3,-337.4,-244.8,-400,-350,-250,1376,1397,1422,1409
6776,3388000,0.8,-0.5,0.2,1.09,0.25,0.17,-412.9,-353.3,-263.9,-400,-350,-250,1405,1385,1408,1415
6777,3388500,0.8,-0.5,0.2,1.02,0.26,0.16,-422.6,-355.5,-261.3,-400,-350,-250,1366,1377,1407,1370
6778,3389000,0.8,-0.5,0.2,0.95,0.27,0.15,-400.0,-338.3,-247.5,-400,-350,-250,1391,1391,1412,1385
6779,3389500,0.8,-0.5,0.2,0.88,0.28,0.14,-394.8,-334.6,-237.7,-400,-350,-250,1391,1379,1387,1427
6780,3390000,0.9,-0.5,0.2,0.81,0.29,0.13,-406.4,-344.5,-252.4,-400,-350,-250,1385,1393,1381,1372
6781,3390500,0.9,-0.5,0.2,0.75,0.3,0.13,-413.9,-354.2,-263.1,-400,-350,-250,1386,1375,1385,1391
6782,3391000,0.9,-0.5,0.2,0.68,0.3,0.12,-406.7,-350.7,-253.2,-400,-350,-250,1389,1393,1396,1386
6783,3391500,0.9,-0.5,0.2,0.62,0.31,0.11,-392.8,-333.9,-239.4,-400,-350,-250,1371,1384,1388,1383
6784,3392000,0.9,-0.5,0.2,0.56,0.32,0.1,-402.5,-342.7,-246.7,-400,-350,-250,1416,1377,1423,1359
6785,3392500,0.9,-0.5,0.3,0.49,0.32,0.1,-422.2,-359.4,-265.3,-400,-350,-250,1401,1382,1395,1393
6786,3393000,0.9,-0.5,0.3,0.43,0.33,0.09,-416.1,-352.3,-258.2,-400,-350,-250,1402,1396,1366,1393
6787,3393500,1.0,-0.4,0.3,0.37,0.33,0.08,-399.3,-336.3,-237.6,-400,-350,-250,1387,1385,1384,1364
6788,3394000,1.0,-0.4,0.3,0.32,0.34,0.07,-403.7,-335.2,-246.7,-400,-350,-250,1385,1375,1406,1368
6789,3394500,1.0,-0.4,0.3,0.26,0.34,0.07,-419.7,-352.4,-266.4,-400,-350,-250,1405,1407,1395,1397
6790,3395000,1.0,-0.4,0.3,0.21,0.34,0.06,-417.7,-353.7,-265.3,-400,-350,-250,1409,1395,1395,1391
6791,3395500,1.0,-0.4,0.3,0.15,0.34,0.05,-399.6,-341.3,-252.6,-400,-350,-250,1411,1406,1401,1400
6792,3396000,1.0,-0.4,0.3,0.1,0.35,0.05,-401.8,-335.8,-244.6,-400,-350,-250,1397,1393,1376,1390
6793,3396500,1.0,-0.4,0.3,0.05,0.35,0.04,-413.0,-359.3,-253.2,-400,-350,-250,1388,1403,1393,1388
6794,3397000,1.0,-0.4,0.3,-0.0,0.35,0.04,-419.6,-359.6,-263.7,-400,-350,-250,1394,1417,1410,1408
6795,3397500,1.0,-0.4,0.3,-0.05,0.35,0.03,-409.0,-348.0,-252.5,-400,-350,-250,1407,1393,1395,1390
6796,3398000,1.0,-0.4,0.3,-0.1,0.35,0.03,-398.3,-332.4,-250.1,-400,-350,-250,1403,1433,1405,1381
6797,3398500,1.0,-0.4,0.3,-0.14,0.35,0.02,-406.5,-354.1,-252.3,-400,-350,-250,1392,1409,1396,1376
6798,3399000,1.0,-0.3,0.3,-0.18,0.35,0.02,-428.3,-356.8,-266.8,-400,-350,-250,1402,1426,1381,1408
6799,3399500,1.0,-0.3,0.3,-0.23,0.35,0.01,-417.5,-349.9,-248.7,-400,-350,-250,1390,1417,1417,1386
6800,3400000,1.0,-0.3,0.3,-0.27,0.35,0.01,-396.7,-332.2,-243.5,-400,-350,-250,1414,1397,1404,1400
6801,3400500,0.9,-0.3,0.3,-0.31,0.35,0.0,-405.9,-341.9,-249.7,-400,-350,-250,1413,1392,1378,1436
6802,3401000,0.9,-0.3,0.3,-0.34,0.35,-0.0,-420.4,-356.7,-265.3,-400,-350,-250,1394,1371,1427,1386
6803,3401500,0.9,-0.3,0.3,-0.38,0.35,-0.01,-420.7,-353.0,-256.6,-400,-350,-250,1397,1398,1388,1415
6804,3402000,0.9,-0.3,0.3,-0.41,0.35,-0.01,-402.8,-337.6,-241.9,-400,-350,-250,1419,1401,1393,1395
6805,3402500,0.9,-0.3,0.3,-0.45,0.35,-0.01,-400.5,-338.0,-248.2,-400,-350,-250,1391,1396,1408,1387
6806,3403000,0.9,-0.3,0.3,-0.48,0.34,-0.02,-418.3,-358.2,-255.3,-400,-350,-250,1408,1405,1405,1378
6807,3403500,0.9,-0.3,0.3,-0.51,0.34,-0.02,-419.3,-360.3,-262.0,-400,-350,-250,1399,1400,1369,1395
6808,3404000,0.9,-0.3,0.3,-0.54,0.34,-0.03,-401.3,-343.3,-254.2,-400,-350,-250,1428,1401,1393,1413
6809,3404500,0.9,-0.3,0.3,-0.56,0.34,-0.03,-394.2,-336.3,-244.8,-400,-350,-250,1407,1392,1386,1389
6810,3405000,0.8,-0.2,0.3,-0.59,0.33,-0.03,-410.2,-348.3,-258.4,-400,-350,-250,1400,1401,1403,1373
6811,3405500,0.8,-0.2,0.3,-0.61,0.33,-0.03,-418.0,-367.3,-267.2,-400,-350,-250,1395,1395,1379,1382
6812,3406000,0.8,-0.2,0.3,-0.64,0.33,-0.04,-407.0,-349.7,-250.6,-400,-350,-250,1394,1413,1409,1406
6813,3406500,0.8,-0.2,0.3,-0.66,0.32,-0.04,-398.5,-335.7,-235.0,-400,-350,-250,1411,1426,1399,1410
6814,3407000,0.8,-0.2,0.3,-0.68,0.32,-0.04,-402.3,-347.6,-252.2,-400,-350,-250,1415,1404,1407,1389
6815,3407500,0.8,-0.2,0.3,-0.7,0.32,-0.05,-428.3,-362.8,-263.2,-400,-350,-250,1385,1414,1432,1414
6816,3408000,0.7,-0.2,0.3,-0.71,0.31,-0.05,-415.0,-350.3,-255.0,-400,-350,-250,1401,1418,1405,1409
6817,3408500,0.7,-0.2,0.3,-0.73,0.31,-0.05,-398.2,-343.7,-250.2,-400,-350,-250,1416,1408,1426,1387
6818,3409000,0.7,-0.2,0.3,-0.74,0.3,-0.05,-395.4,-334.8,-250.6,-400,-350,-250,1370,1385,1408,1385
6819,3409500,0.7,-0.2,0.3,-0.75,0.3,-0.06,-413.0,-363.9,-259.8,-400,-350,-250,1435,1404,1406,1419
6820,3410000,0.7,-0.2,0.3,-0.77,0.29,-0.06,-415.1,-356.4,-263.7,-400,-350,-250,1395,1391,1406,1396
6821,3410500,0.6,-0.2,0.2,-0.78,0.29,-0.06,-395.7,-343.1,-244.4,-400,-350,-250,1440,1409,1385,1422
6822,3411000,0.6,-0.2,0.2,-0.79,0.28,-0.06,-391.3,-336.1,-241.3,-400,-350,-250,1390,1405,1413,1408
6823,3411500,0.6,-0.1,0.2,-0.79,0.28,-0.06,-405.5,-358.2,-261.4,-400,-350,-250,1397,1411,1402,1389
6824,3412000,0.6,-0.1,0.2,-0.8,0.28,-0.07,-418.7,-370.7,-258.6,-400,-350,-250,1380,1397,1396,1420
6825,3412500,0.6,-0.1,0.2,-0.81,0.27,-0.07,-407.3,-350.6,-248.5,-400,-350,-250,1418,1401,1400,1399
6826,3413000,0.5,-0.1,0.2,-0.81,0.27,-0.07,-396.5,-331.5,-243.8,-400,-350,-250,1395,1403,1417,1387
6827,3413500,0.5,-0.1,0.2,-0.81,0.26,-0.07,-404.7,-351.5,-251.8,-400,-350,-250,1432,1392,1397,1390
6828,3414000,0.5,-0.1,0.2,-0.81,0.26,-0.07,-420.6,-357.8,-261.7,-400,-350,-250,1390,1408,1410,1404
6829,3414500,0.5,-0.1,0.2,-0.82,0.25,-0.07,-416.2,-357.3,-260.3,-400,-350,-250,1394,1394,1395,1411
6830,3415000,0.5,-0.1,0.2,-0.82,0.24,-0.07,-397.1,-337.1,-242.2,-400,-350,-250,1414,1386,1415,1427
6831,3415500,0.4,-0.1,0.2,-0.81,0.24,-0.08,-402.4,-353.6,-247.2,-400,-350,-250,1401,1398,1403,1407
6832,3416000,0.4,-0.1,0.2,-0.81,0.23,-0.08,-415.8,-354.2,-256.7,-400,-350,-250,1427,1416,1428,1419
6833,3416500,0.4,-0.1,0.2,-0.81,0.23,-0.08,-410.9,-357.9,-260.6,-400,-350,-250,1412,1426,1395,1417
6834,3417000,0.4,-0.1,0.2,-0.81,0.22,-0.08,-401.4,-337.0,-233.7,-400,-350,-250,1418,1400,1415,1407
6835,3417500,0.4,-0.1,0.2,-0.8,0.22,-0.08,-395.0,-341.0,-244.5,-400,-350,-250,1412,1387,1419,1409
6836,3418000,0.3,-0.1,0.2,-0.8,0.21,-0.08,-398.7,-356.6,-258.0,-400,-350,-250,1404,1433,1424,1419
6837,3418500,0.3,-0.1,0.2,-0.79,0.21,-0.08,-413.7,-357.3,-261.9,-400,-350,-250,1401,1411,1376,1416
6838,3419000,0.3,-0.1,0.2,-0.78,0.2,-0.08,-394.9,-342.2,-249.8,-400,-350,-250,1416,1398,1414,1425
6839,3419500,0.3,-0.1,0.2,-0.77,0.2,-0.08,-388.2,-344.9,-237.3,-400,-350,-250,1397,1400,1377,1418
6840,3420000,0.3,-0.0,0.2,-0.77,0.19,-0.08,-401.6,-354.7,-258.1,-400,-350,-250,1398,1424,1398,1460
6841,3420500,0.3,-0.0,0.2,-0.76,0.19,-0.08,-410.0,-365.0,-265.6,-400,-350,-250,1424,1386,1425,1416
6842,3421000,0.2,-0.0,0.2,-0.75,0.18,-0.08,-400.6,-350.8,-250.9,-400,-350,-250,1401,1423,1412,1417
6843,3421500,0.2,-0.0,0.2,-0.74,0.18,-0.09,-389.4,-344.7,-237.0,-400,-350,-250,1410,1426,1416,1411
6844,3422000,0.2,-0.0,0.2,-0.72,0.17,-0.09,-391.4,-349.2,-251.7,-400,-350,-250,1432,1394,1402,1423
6845,3422500,0.2,-0.0,0.2,-0.71,0.17,-0.09,-405.5,-358.3,-259.7,-400,-350,-250,1398,1442,1390,1412
6846,3423000,0.2,-0.0,0.2,-0.7,0.16,-0.09,-406.8,-351.6,-257.9,-400,-350,-250,1407,1388,1421,1415
6847,3423500,0.1,-0.0,0.2,-0.69,0.16,-0.09,-387.9,-345.0,-240.7,-400,-350,-250,1407,1407,1413,1423
6848,3424000,0.1,-0.0,0.2,-0.67,0.15,-0.09,-399.8,-339.9,-244.2,-400,-350,-250,1401,1427,1414,1424
6849,3424500,0.1,-0.0,0.2,-0.66,0.15,-0.09,-409.8,-353.9,-262.5,-400,-350,-250,1419,1453,1425,1427
6850,3425000,0.1,-0.0,0.2,-0.65,0.14,-0.09,-413.7,-358.9,-267.3,-400,-350,-250,1401,1435,1423,1400
6851,3425500,0.1,-0.0,0.2,-0.63,0.14,-0.09,-397.9,-353.3,-251.6,-400,-350,-250,1388,1413,1418,1415
6852,3426000,0.1,0.0,0.2,-0.62,0.13,-0.09,-390.7,-329.6,-236.2,-400,-350,-250,1414,1427,1395,1425
6853,3426500,0.0,0.0,0.2,-0.6,0.13,-0.09,-395.4,-357.5,-247.1,-400,-350,-250,1417,1396,1393,1409
6854,3427000,0.0,0.0,0.2,-0.59,0.12,-0.09,-406.7,-356.9,-267.1,-400,-350,-250,1407,1416,1416,1408
6855,3427500,0.0,0.0,0.2,-0.57,0.12,-0.09,-412.0,-343.9,-253.4,-400,-350,-250,1410,1397,1413,1394
6856,3428000,0.0,0.0,0.2,-0.56,0.11,-0.09,-386.5,-340.8,-244.7,-400,-350,-250,1410,1399,1409,1418
6857,3428500,-0.0,0.0,0.2,-0.54,0.11,-0.09,-395.0,-335.5,-241.9,-400,-350,-250,1454,1435,1413,1403
6858,3429000,-0.0,0.0,0.2,-0.52,0.1,-0.09,-408.7,-360.3,-267.9,-400,-350,-250,1408,1428,1430,1426
6859,3429500,-0.0,0.0,0.2,-0.51,0.1,-0.09,-403.3,-360.9,-257.0,-400,-350,-250,1425,1404,1421,1427
6860,3430000,-0.0,0.0,0.2,-0.49,0.09,-0.09,-402.3,-339.3,-242.5,-400,-350,-250,1432,1426,1434,1417
6861,3430500,-0.1,0.0,0.2,-0.47,0.09,-0.09,-391.4,-337.5,-241.1,-400,-350,-250,1439,1392,1397,1393
6862,3431000,-0.1,0.0,0.2,-0.46,0.09,-0.09,-403.7,-355.6,-256.0,-400,-350,-250,1432,1391,1412,1383
6863,3431500,-0.1,0.0,0.2,-0.44,0.08,-0.09,-412.6,-365.8,-266.0,-400,-350,-250,1406,1396,1413,1441
6864,3432000,-0.1,0.0,0.2,-0.42,0.08,-0.09,-395.2,-338.1,-244.8,-400,-350,-250,1440,1401,1457,1413
6865,3432500,-0.1,0.0,0.2,-0.41,0.07,-0.09,-387.5,-340.8,-236.2,-400,-350,-250,1450,1419,1420,1401
6866,3433000,-0.1,0.0,0.2,-0.39,0.07,-0.09,-400.3,-351.2,-249.2,-400,-350,-250,1424,1417,1418,1412
6867,3433500,-0.1,0.0,0.2,-0.37,0.07,-0.08,-409.9,-363.4,-263.7,-400,-350,-250,1410,1416,1395,1435
6868,3434000,-0.1,0.0,0.2,-0.35,0.06,-0.08,-396.4,-359.2,-249.4,-400,-350,-250,1417,1395,1420,1422
6869,3434500,-0.1,0.0,0.2,-0.34,0.06,-0.08,-385.5,-338.1,-245.1,-400,-350,-250,1433,1421,1393,1409
6870,3435000,-0.1,0.0,0.1,-0.32,0.06,-0.08,-393.3,-342.2,-248.9,-400,-350,-250,1415,1430,1419,1416
6871,3435500,-0.2,0.0,0.1,-0.3,0.05,-0.08,-411.7,-363.1,-258.0,-400,-350,-250,1418,1408,1418,1405
6872,3436000,-0.2,0.0,0.1,-0.29,0.05,-0.08,-408.5,-354.1,-259.3,-400,-350,-250,1411,1410,1416,1404
6873,3436500,-0.2,0.0,0.1,-0.27,0.05,-0.08,-396.9,-345.1,-238.6,-400,-350,-250,1418,1430,1436,1448
6874,3437000,-0.2,0.0,0.1,-0.26,0.04,-0.08,-385.7,-345.8,-244.3,-400,-350,-250,1418,1426,1404,1418
6875,3437500,-0.2,0.0,0.1,-0.24,0.04,-0.08,-402.3,-355.7,-259.7,-400,-350,-250,1390,1433,1418,1419
6876,3438000,-0.2,0.0,0.1,-0.22,0.04,-0.08,-404.7,-359.3,-264.7,-400,-350,-250,1405,1428,1420,1419
6877,3438500,-0.2,0.0,0.1,-0.21,0.03,-0.08,-392.9,-346.3,-249.5,-400,-350,-250,1434,1424,1424,1411
6878,3439000,-0.2,0.1,0.1,-0.19,0.03,-0.08,-395.9,-336.3,-236.7,-400,-350,-250,1437,1432,1436,1399
6879,3439500,-0.2,0.1,0.1,-0.18,0.03,-0.08,-401.3,-350.9,-247.9,-400,-350,-250,1422,1417,1414,1394
6880,3440000,-0.2,0.1,0.1,-0.16,0.02,-0.08,-413.2,-360.1,-264.7,-400,-350,-250,1430,1399,1396,1446
6881,3440500,-0.2,0.1,0.1,-0.15,0.02,-0.08,-397.4,-348.9,-257.2,-400,-350,-250,1399,1437,1425,1430
6882,3441000,-0.2,0.1,0.1,-0.13,0.02,-0.08,-385.7,-340.6,-237.4,-400,-350,-250,1450,1409,1408,1410
6883,3441500,-0.2,0.1,0.1,-0.12,0.02,-0.08,-388.4,-345.6,-246.2,-400,-350,-250,1416,1427,1427,1412
6884,3442000,-0.2,0.1,0.1,-0.1,0.01,-0.08,-406.7,-355.0,-256.4,-400,-350,-250,1428,1421,1420,1440
6885,3442500,-0.2,0.1,0.1,-0.09,0.01,-0.08,-405.0,-359.9,-257.1,-400,-350,-250,1435,1427,1432,1402
6886,3443000,-0.2,0.1,0.1,-0.08,0.01,-0.07,-389.9,-341.1,-245.3,-400,-350,-250,1422,1427,1458,1408
6887,3443500,-0.2,0.1,0.1,-0.06,0.01,-0.07,-388.5,-345.2,-239.9,-400,-350,-250,1416,1426,1424,1435
6888,3444000,-0.2,0.1,0.1,-0.05,0.0,-0.07,-410.5,-356.5,-253.5,-400,-350,-250,1439,1433,1407,1441
6889,3444500,-0.2,0.1,0.1,-0.04,0.0,-0.07,-413.1,-369.2,-262.2,-400,-350,-250,1393,1427,1421,1442
6890,3445000,-0.2,0.1,0.1,-0.03,0.0,-0.07,-392.5,-351.3,-251.3,-400,-350,-250,1407,1428,1407,1416
6891,3445500,-0.2,0.1,0.1,-0.01,-0.0,-0.07,-388.6,-344.6,-238.2,-400,-350,-250,1433,1437,1429,1428
6892,3446000,-0.2,0.1,0.1,-0.0,-0.0,-0.07,-407.1,-347.2,-246.6,-400,-350,-250,1417,1387,1417,1404
6893,3446500,-0.2,0.1,0.1,0.01,-0.01,-0.07,-401.6,-356.9,-262.8,-400,-350,-250,1410,1458,1401,1420
6894,3447000,-0.2,0.1,0.1,0.02,-0.01,-0.07,-399.9,-358.8,-249.7,-400,-350,-250,1445,1418,1409,1423
6895,3447500,-0.2,0.1,0.1,0.03,-0.01,-0.07,-386.0,-333.4,-241.2,-400,-350,-250,1428,1406,1420,1426
6896,3448000,-0.2,0.1,0.1,0.04,-0.01,-0.07,-388.0,-340.4,-246.2,-400,-350,-250,1429,1443,1427,1419
6897,3448500,-0.2,0.1,0.1,0.05,-0.01,-0.07,-408.2,-346.7,-256.0,-400,-350,-250,1427,1438,1415,1419
6898,3449000,-0.2,0.1,0.1,0.06,-0.01,-0.07,-404.8,-357.9,-259.3,-400,-350,-250,1426,1432,1443,1406
6899,3449500,-0.2,0.1,0.1,0.07,-0.01,-0.07,-390.9,-346.5,-246.7,-400,-350,-250,1420,1434,1420,1433
6900,3450000,-0.2,0.1,0.1,0.08,-0.02,-0.07,-387.4,-340.3,-241.1,-400,-350,-250,1448,1405,1421,1407
6901,3450500,-0.2,0.1,0.1,0.08,-0.02,-0.06,-405.9,-343.2,-260.6,-400,-350,-250,1429,1421,1433,1435
6902,3451000,-0.2,0.1,0.1,0.09,-0.02,-0.06,-408.1,-355.2,-260.0,-400,-350,-250,1422,1422,1428,1412
6903,3451500,-0.2,0.1,0.1,0.1,-0.02,-0.06,-396.5,-345.4,-248.7,-400,-350,-250,1429,1421,1445,1465
6904,3452000,-0.2,0.0,0.1,0.11,-0.02,-0.06,-396.1,-333.0,-227.4,-400,-350,-250,1422,1443,1435,1408
6905,3452500,-0.2,0.0,0.1,0.12,-0.02,-0.06,-397.2,-357.3,-246.5,-400,-350,-250,1442,1419,1418,1431
6906,3453000,-0.2,0.0,0.1,0.12,-0.02,-0.06,-407.4,-363.1,-269.2,-400,-350,-250,1453,1416,1422,1405
6907,3453500,-0.2,0.0,0.1,0.13,-0.02,-0.06,-394.4,-358.0,-249.9,-400,-350,-250,1412,1420,1418,1414
6908,3454000,-0.2,0.0,0.1,0.13,-0.02,-0.06,-385.4,-349.0,-235.8,-400,-350,-250,1458,1419,1439,1419
6909,3454500,-0.2,0.0,0.1,0.14,-0.03,-0.06,-388.6,-340.6,-240.7,-400,-350,-250,1437,1432,1436,1425
6910,3455000,-0.2,0.0,0.1,0.15,-0.03,-0.06,-406.5,-357.4,-264.9,-400,-350,-250,1453,1431,1432,1389
6911,3455500,-0.2,0.0,0.1,0.15,-0.03,-0.06,-402.0,-365.2,-265.7,-400,-350,-250,1439,1415,1431,1432
6912,3456000,-0.2,0.0,0.1,0.15,-0.03,-0.06,-390.6,-354.1,-245.0,-400,-350,-250,1436,1433,1432,1420
6913,3456500,-0.2,0.0,0.1,0.16,-0.03,-0.06,-393.4,-343.4,-251.5,-400,-350,-250,1446,1421,1430,1429
6914,3457000,-0.2,0.0,0.1,0.16,-0.03,-0.06,-401.2,-354.0,-259.1,-400,-350,-250,1448,1418,1420,1420
6915,3457500,-0.2,0.0,0.1,0.17,-0.03,-0.05,-412.9,-361.1,-266.3,-400,-350,-250,1410,1426,1440,1422
6916,3458000,-0.2,0.0,0.1,0.17,-0.03,-0.05,-391.7,-352.5,-249.0,-400,-350,-250,1438,1418,1410,1416
6917,3458500,-0.2,0.0,0.1,0.17,-0.03,-0.05,-385.9,-332.4,-246.3,-400,-350,-250,1447,1418,1431,1407
6918,3459000,-0.2,0.0,0.1,0.18,-0.03,-0.05,-399.8,-346.8,-239.2,-400,-350,-250,1441,1452,1404,1420
6919,3459500,-0.2,0.0,0.1,0.18,-0.03,-0.05,-405.8,-366.0,-262.3,-400,-350,-250,1391,1445,1440,1430
6920,3460000,-0.1,0.0,0.1,0.18,-0.03,-0.05,-405.9,-362.8,-262.4,-400,-350,-250,1397,1438,1421,1415
6921,3460500,-0.1,0.0,0.1,0.18,-0.03,-0.05,-387.0,-339.5,-242.7,-400,-350,-250,1453,1427,1436,1453
6922,3461000,-0.1,0.0,0.1,0.18,-0.03,-0.05,-388.3,-334.1,-236.6,-400,-350,-250,1425,1444,1433,1431
6923,3461500,-0.1,0.0,0.1,0.19,-0.03,-0.05,-404.6,-353.7,-255.6,-400,-350,-250,1424,1430,1435,1400
6924,3462000,-0.1,0.0,0.1,0.19,-0.03,-0.05,-412.9,-364.6,-260.9,-400,-350,-250,1423,1451,1413,1438
6925,3462500,-0.1,0.0,0.1,0.19,-0.03,-0.05,-397.2,-345.6,-242.1,-400,-350,-250,1416,1397,1425,1409
6926,3463000,-0.1,0.0,0.1,0.19,-0.03,-0.05,-385.8,-335.3,-243.4,-400,-350,-250,1433,1415,1444,1440
6927,3463500,-0.1,0.0,0.1,0.19,-0.03,-0.05,-398.6,-347.0,-253.4,-400,-350,-250,1418,1425,1446,1442
6928,3464000,-0.1,0.0,0.1,0.19,-0.03,-0.05,-408.2,-359.3,-265.7,-400,-350,-250,1437,1431,1429,1413
6929,3464500,-0.1,0.0,0.1,0.19,-0.03,-0.04,-401.0,-357.1,-255.1,-400,-350,-250,1408,1458,1422,1439
6930,3465000,-0.1,0.0,0.1,0.19,-0.03,-0.04,-388.3,-339.0,-233.7,-400,-350,-250,1414,1441,1433,1422
6931,3465500,-0.1,0.0,0.1,0.19,-0.03,-0.04,-392.7,-339.1,-244.2,-400,-350,-250,1433,1421,1436,1416
6932,3466000,-0.1,0.0,0.1,0.19,-0.03,-0.04,-418.9,-355.8,-256.0,-400,-350,-250,1426,1410,1446,1426
6933,3466500,-0.1,0.0,0.0,0.19,-0.03,-0.04,-412.6,-361.9,-258.7,-400,-350,-250,1455,1455,1444,1447
6934,3467000,-0.1,0.0,0.0,0.18,-0.03,-0.04,-392.9,-342.0,-242.7,-400,-350,-250,1453,1415,1448,1403
6935,3467500,-0.1,0.0,0.0,0.18,-0.03,-0.04,-387.9,-335.7,-238.3,-400,-350,-250,1445,1425,1412,1433
6936,3468000,-0.1,0.0,0.0,0.18,-0.03,-0.04,-398.9,-356.6,-251.4,-400,-350,-250,1446,1424,1392,1423
6937,3468500,-0.1,0.0,0.0,0.18,-0.03,-0.04,-409.2,-363.9,-266.2,-400,-350,-250,1441,1458,1421,1454
6938,3469000,-0.1,0.0,0.0,0.18,-0.03,-0.04,-402.9,-355.4,-252.0,-400,-350,-250,1432,1446,1438,1433
6939,3469500,-0.1,0.0,0.0,0.18,-0.03,-0.04,-380.0,-342.2,-236.3,-400,-350,-250,1443,1445,1434,1415
6940,3470000,-0.1,0.0,0.0,0.17,-0.03,-0.04,-400.5,-349.9,-245.2,-400,-350,-250,1433,1424,1430,1409
6941,3470500,-0.1,0.0,0.0,0.17,-0.03,-0.04,-401.7,-356.3,-262.5,-400,-350,-250,1430,1455,1439,1430
6942,3471000,-0.0,0.0,0.0,0.17,-0.03,-0.04,-406.4,-355.4,-252.3,-400,-350,-250,1428,1446,1444,1405
6943,3471500,-0.0,0.0,0.0,0.17,-0.03,-0.04,-388.8,-341.0,-240.8,-400,-350,-250,1434,1460,1429,1450
6944,3472000,-0.0,0.0,0.0,0.16,-0.03,-0.04,-389.1,-343.9,-244.5,-400,-350,-250,1406,1426,1462,1440
6945,3472500,-0.0,0.0,0.0,0.16,-0.03,-0.03,-410.5,-356.0,-255.1,-400,-350,-250,1436,1408,1447,1438
6946,3473000,-0.0,0.0,0.0,0.16,-0.03,-0.03,-408.5,-364.4,-265.7,-400,-350,-250,1410,1439,1457,1435
6947,3473500,-0.0,0.0,0.0,0.15,-0.03,-0.03,-390.7,-348.0,-251.4,-400,-350,-250,1447,1423,1451,1453
6948,3474000,-0.0,0.0,0.0,0.15,-0.03,-0.03,-385.2,-340.9,-245.3,-400,-350,-250,1454,1426,1433,1417
6949,3474500,-0.0,0.0,0.0,0.15,-0.03,-0.03,-398.0,-348.6,-249.9,-400,-350,-250,1403,1430,1451,1404
6950,3475000,-0.0,0.0,0.0,0.14,-0.03,-0.03,-415.2,-354.7,-260.6,-400,-350,-250,1425,1445,1433,1443
6951,3475500,-0.0,0.0,0.0,0.14,-0.03,-0.03,-401.8,-349.3,-254.0,-400,-350,-250,1424,1446,1427,1444
6952,3476000,-0.0,0.0,0.0,0.14,-0.03,-0.03,-390.5,-344.1,-239.2,-400,-350,-250,1446,1435,1418,1453
6953,3476500,-0.0,0.0,0.0,0.13,-0.03,-0.03,-391.2,-353.6,-240.6,-400,-350,-250,1444,1436,1428,1442
6954,3477000,-0.0,0.0,0.0,0.13,-0.03,-0.03,-402.4,-362.4,-253.4,-400,-350,-250,1460,1436,1413,1441
6955,3477500,0.0,0.0,0.0,0.13,-0.02,-0.03,-416.4,-363.5,-259.8,-400,-350,-250,1430,1432,1451,1432
6956,3478000,0.0,0.0,0.0,0.12,-0.02,-0.03,-386.9,-349.2,-245.9,-400,-350,-250,1428,1438,1456,1423
6957,3478500,0.0,0.0,0.0,0.12,-0.02,-0.03,-386.4,-343.3,-236.7,-400,-350,-250,1443,1446,1433,1469
6958,3479000,0.0,0.0,0.0,0.11,-0.02,-0.03,-402.5,-350.0,-247.1,-400,-350,-250,1443,1450,1439,1431
6959,3479500,0.0,0.0,0.0,0.11,-0.02,-0.03,-417.0,-365.5,-260.6,-400,-350,-250,1415,1450,1442,1436
6960,3480000,0.0,0.0,0.0,0.11,-0.02,-0.03,-407.7,-358.0,-249.5,-400,-350,-250,1445,1433,1435,1470
6961,3480500,0.0,0.0,0.0,0.1,-0.02,-0.03,-388.0,-343.2,-236.3,-400,-350,-250,1470,1450,1451,1458
6962,3481000,0.0,0.0,0.0,0.1,-0.02,-0.03,-392.9,-344.0,-248.7,-400,-350,-250,1462,1450,1457,1447
6963,3481500,0.0,0.0,0.0,0.09,-0.02,-0.03,-409.7,-361.4,-259.9,-400,-350,-250,1457,1447,1447,1436
6964,3482000,0.0,0.0,0.0,0.09,-0.02,-0.03,-408.5,-350.6,-257.2,-400,-350,-250,1464,1452,1446,1430
6965,3482500,0.0,0.0,0.0,0.09,-0.02,-0.02,-393.4,-342.4,-242.0,-400,-350,-250,1486,1461,1443,1451
6966,3483000,0.0,0.0,0.0,0.08,-0.02,-0.02,-393.0,-339.8,-238.5,-400,-350,-250,1491,1426,1453,1453
6967,3483500,0.0,0.0,0.0,0.08,-0.02,-0.02,-402.5,-358.5,-254.7,-400,-350,-250,1454,1446,1445,1446
6968,3484000,0.0,0.0,0.0,0.08,-0.02,-0.02,-410.8,-365.4,-257.9,-400,-350,-250,1443,1453,1461,1436
6969,3484500,0.0,0.0,0.0,0.07,-0.02,-0.02,-399.0,-344.8,-247.5,-400,-350,-250,1446,1458,1427,1439
6970,3485000,0.0,0.0,0.0,0.07,-0.02,-0.02,-387.9,-337.4,-240.3,-400,-350,-250,1434,1446,1444,1458
6971,3485500,0.0,0.0,0.0,0.06,-0.02,-0.02,-392.7,-351.0,-248.2,-400,-350,-250,1448,1442,1445,1427
6972,3486000,0.0,0.0,0.0,0.06,-0.02,-0.02,-408.2,-364.1,-260.9,-400,-350,-250,1469,1433,1460,1439
6973,3486500,0.0,0.0,0.0,0.06,-0.02,-0.02,-403.7,-346.2,-257.4,-400,-350,-250,1455,1426,1444,1407
6974,3487000,0.0,0.0,0.0,0.05,-0.02,-0.02,-394.9,-334.1,-247.0,-400,-350,-250,1439,1443,1451,1421
6975,3487500,0.0,0.0,0.0,0.05,-0.02,-0.02,-390.9,-336.6,-244.2,-400,-350,-250,1451,1472,1450,1456
6976,3488000,0.0,0.0,0.0,0.05,-0.01,-0.02,-414.6,-360.3,-261.4,-400,-350,-250,1437,1441,1451,1425
6977,3488500,0.0,0.0,0.0,0.04,-0.01,-0.02,-415.3,-365.5,-260.8,-400,-350,-250,1454,1423,1462,1432
6978,3489000,0.0,0.0,0.0,0.04,-0.01,-0.02,-401.3,-346.5,-255.4,-400,-350,-250,1433,1453,1454,1437
6979,3489500,0.0,0.0,0.0,0.04,-0.01,-0.02,-381.2,-337.0,-238.5,-400,-350,-250,1431,1463,1472,1457
6980,3490000,0.0,0.0,0.0,0.03,-0.01,-0.02,-405.2,-349.8,-243.7,-400,-350,-250,1462,1463,1458,1464
6981,3490500,0.0,0.0,0.0,0.03,-0.01,-0.02,-410.8,-360.8,-260.9,-400,-350,-250,1446,1448,1451,1448
6982,3491000,0.0,-0.0,0.0,0.03,-0.01,-0.02,-407.6,-353.3,-249.5,-400,-350,-250,1466,1447,1473,1443
6983,3491500,0.1,-0.0,0.0,0.02,-0.01,-0.02,-383.7,-344.7,-239.4,-400,-350,-250,1452,1477,1439,1437
6984,3492000,0.1,-0.0,0.0,0.02,-0.01,-0.02,-401.1,-338.0,-238.6,-400,-350,-250,1464,1477,1455,1449
6985,3492500,0.1,-0.0,0.0,0.02,-0.01,-0.02,-410.2,-364.5,-258.0,-400,-350,-250,1441,1456,1471,1438
6986,3493000,0.1,-0.0,0.0,0.01,-0.01,-0.02,-409.3,-361.6,-260.2,-400,-350,-250,1440,1458,1446,1460
6987,3493500,0.1,-0.0,0.0,0.01,-0.01,-0.02,-398.3,-348.7,-249.5,-400,-350,-250,1458,1410,1465,1437
6988,3494000,0.1,-0.0,0.0,0.01,-0.01,-0.02,-387.4,-337.6,-237.1,-400,-350,-250,1455,1440,1460,1439
6989,3494500,0.1,-0.0,0.0,0.0,-0.01,-0.02,-406.9,-349.9,-248.2,-400,-350,-250,1449,1468,1473,1436
6990,3495000,0.1,-0.0,0.0,0.0,-0.01,-0.01,-417.7,-361.1,-262.1,-400,-350,-250,1452,1439,1434,1436
6991,3495500,0.1,-0.0,0.0,-0.0,-0.01,-0.01,-403.2,-364.4,-253.8,-400,-350,-250,1469,1465,1449,1462
6992,3496000,0.1,-0.0,0.0,-0.0,-0.01,-0.01,-392.4,-336.0,-243.6,-400,-350,-250,1426,1445,1442,1433
6993,3496500,0.1,-0.0,0.0,-0.01,-0.01,-0.01,-398.2,-349.5,-240.1,-400,-350,-250,1461,1463,1442,1466
6994,3497000,0.1,-0.0,0.0,-0.01,-0.01,-0.01,-412.6,-363.0,-255.5,-400,-350,-250,1482,1484,1449,1433
6995,3497500,0.1,-0.0,0.0,-0.01,-0.01,-0.01,-403.6,-354.5,-259.3,-400,-350,-250,1439,1475,1458,1425
6996,3498000,0.1,-0.0,0.0,-0.01,-0.01,-0.01,-392.2,-345.4,-239.0,-400,-350,-250,1449,1425,1435,1422
6997,3498500,0.1,-0.0,0.0,-0.01,-0.01,-0.01,-389.3,-341.5,-233.5,-400,-350,-250,1478,1453,1410,1465
6998,3499000,0.1,-0.0,0.0,-0.02,-0.01,-0.01,-400.3,-344.2,-252.7,-400,-350,-250,1440,1445,1447,1429
6999,3499500,0.0,-0.0,0.0,-0.02,-0.01,-0.01,-414.4,-367.7,-263.5,-400,-350,-250,1461,1470,1428,1469
7000,3500000,80.0,69.9,50.0,-3.94,-2.53,-0.81,-405.5,-348.7,-259.9,400,350,250,1480,1454,1455,1436
7001,3500500,79.8,69.8,49.9,-7.74,-4.95,-1.58,-387.9,-344.0,-230.3,400,350,250,1452,1430,1438,1429
7002,3501000,79.5,69.6,49.9,-11.42,-7.29,-2.33,-387.1,-341.9,-241.2,400,350,250,1472,1434,1439,1433
7003,3501500,79.1,69.4,49.8,-14.98,-9.53,-3.05,-405.0,-357.6,-256.1,400,350,250,1462,1430,1459,1463
7004,3502000,78.6,69.1,49.7,-18.42,-11.69,-3.74,-393.4,-356.1,-253.9,400,350,250,1445,1466,1452,1462
7005,3502500,78.1,68.8,49.6,-21.73,-13.75,-4.41,-373.3,-335.5,-237.2,400,350,250,1443,1474,1460,1458
7006,3503000,77.5,68.4,49.5,-24.92,-15.73,-5.05,-361.2,-324.0,-236.1,400,350,250,1470,1468,1463,1463
7007,3503500,76.8,67.9,49.3,-27.98,-17.63,-5.67,-370.9,-335.1,-246.8,400,350,250,1464,1456,1450,1462
7008,3504000,76.0,67.4,49.2,-30.92,-19.44,-6.27,-375.1,-338.7,-259.8,400,350,250,1442,1465,1443,1464
7009,3504500,75.2,66.9,49.0,-33.73,-21.17,-6.84,-349.6,-323.8,-244.8,400,350,250,1455,1456,1467,1449
7010,3505000,74.2,66.3,48.8,-36.42,-22.81,-7.4,-329.9,-298.9,-218.9,400,350,250,1481,1452,1414,1448
7011,3505500,73.3,65.7,48.6,-38.99,-24.38,-7.93,-330.0,-300.1,-234.4,400,350,250,1453,1452,1439,1444
7012,3506000,72.2,65.1,48.4,-41.44,-25.87,-8.43,-336.7,-323.6,-244.5,400,350,250,1457,1474,1429,1410
7013,3506500,71.1,64.4,48.2,-43.76,-27.28,-8.92,-319.9,-306.2,-242.9,400,350,250,1445,1482,1470,1449
7014,3507000,70.0,63.7,48.0,-45.96,-28.62,-9.39,-292.8,-279.8,-217.0,400,350,250,1458,1449,1482,1440
7015,3507500,68.8,62.9,47.7,-48.03,-29.88,-9.84,-268.4,-268.8,-220.1,400,350,250,1459,1457,1464,1445
7016,3508000,67.5,62.2,47.5,-49.99,-31.07,-10.27,-270.8,-272.3,-223.7,400,350,250,1484,1455,1451,1460
7017,3508500,66.2,61.4,47.2,-51.83,-32.19,-10.68,-272.0,-277.2,-245.0,400,350,250,1457,1440,1462,1447
7018,3509000,64.9,60.5,46.9,-53.56,-33.24,-11.07,-247.3,-258.6,-215.4,400,350,250,1466,1453,1488,1449
7019,3509500,63.5,59.7,46.6,-55.16,-34.22,-11.44,-223.9,-240.9,-198.6,400,350,250,1483,1482,1458,1438
7020,3510000,62.1,58.8,46.3,-56.65,-35.13,-11.8,-213.3,-236.4,-202.8,400,350,250,1477,1430,1439,1456
7021,3510500,60.7,57.9,46.0,-58.03,-35.99,-12.14,-216.2,-233.1,-221.3,400,350,250,1443,1433,1456,1468
7022,3511000,59.2,57.0,45.7,-59.3,-36.77,-12.46,-209.0,-234.8,-213.5,400,350,250,1438,1444,1470,1446
7023,3511500,57.7,56.0,45.4,-60.45,-37.5,-12.77,-170.1,-202.2,-188.7,400,350,250,1466,1446,1443,1445
7024,3512000,56.1,55.1,45.1,-61.5,-38.17,-13.06,-152.4,-188.7,-190.1,400,350,250,1448,1475,1430,1459
7025,3512500,54.6,54.1,44.7,-62.44,-38.78,-13.34,-151.3,-192.1,-199.9,400,350,250,1455,1460,1430,1467
7026,3513000,53.0,53.1,44.4,-63.28,-39.33,-13.6,-144.8,-194.2,-203.1,400,350,250,1465,1430,1438,1451
7027,3513500,51.4,52.1,44.1,-64.02,-39.83,-13.85,-111.5,-178.1,-188.1,400,350,250,1479,1449,1433,1430
7028,3514000,49.8,51.1,43.7,-64.65,-40.27,-14.09,-85.8,-146.0,-174.7,400,350,250,1465,1444,1470,1447
7029,3514500,48.1,50.1,43.3,-65.19,-40.66,-14.31,-76.0,-143.7,-173.7,400,350,250,1460,1488,1461,1475
7030,3515000,46.5,49.1,43.0,-65.63,-41.0,-14.51,-76.8,-156.4,-181.8,400,350,250,1453,1496,1466,1469
7031,3515500,44.8,48.0,42.6,-65.98,-41.29,-14.71,-57.1,-139.7,-181.7,400,350,250,1448,1471,1487,1479
7032,3516000,43.2,47.0,42.2,-66.24,-41.53,-14.89,-19.8,-113.6,-158.0,400,350,250,1443,1463,1462,1454
7033,3516500,41.5,46.0,41.9,-66.41,-41.73,-15.06,-15.9,-99.9,-154.5,400,350,250,1445,1451,1434,1455
7034,3517000,39.9,44.9,41.5,-66.49,-41.88,-15.22,-7.7,-101.7,-168.8,400,350,250,1452,1434,1428,1457
7035,3517500,38.2,43.9,41.1,-66.49,-41.99,-15.36,4.6,-93.5,-165.5,400,350,250,1459,1406,1469,1456
7036,3518000,36.5,42.8,40.7,-66.41,-42.06,-15.5,30.4,-78.8,-158.2,400,350,250,1440,1464,1439,1458
7037,3518500,34.9,41.8,40.3,-66.25,-42.09,-15.62,60.3,-55.3,-144.9,400,350,250,1482,1452,1441,1462
7038,3519000,33.2,40.7,39.9,-66.01,-42.08,-15.74,72.1,-53.0,-142.9,400,350,250,1478,1470,1447,1461
7039,3519500,31.6,39.7,39.5,-65.7,-42.03,-15.84,68.2,-55.2,-155.6,400,350,250,1476,1475,1471,1459
7040,3520000,30.0,38.6,39.1,-65.31,-41.94,-15.93,86.7,-44.4,-147.8,400,350,250,1472,1443,1447,1471
7041,3520500,28.3,37.6,38.7,-64.86,-41.82,-16.02,118.2,-10.4,-126.5,400,350,250,1456,1455,1455,1458
7042,3521000,26.7,36.5,38.3,-64.34,-41.67,-16.09,146.9,8.2,-129.2,400,350,250,1465,1467,1472,1432
7043,3521500,25.1,35.5,37.9,-63.76,-41.48,-16.16,152.6,-20.2,-129.1,400,350,250,1460,1463,1446,1457
7044,3522000,23.6,34.5,37.5,-63.12,-41.27,-16.22,149.6,-3.1,-138.7,400,350,250,1469,1473,1463,1490
7045,3522500,22.0,33.4,37.1,-62.42,-41.02,-16.27,174.8,11.0,-128.4,400,350,250,1438,1463,1434,1487
7046,3523000,20.5,32.4,36.7,-61.66,-40.75,-16.31,211.1,35.4,-101.7,400,350,250,1452,1466,1453,1460
7047,3523500,18.9,31.4,36.3,-60.85,-40.45,-16.34,218.7,38.7,-106.7,400,350,250,1454,1469,1471,1438
7048,3524000,17.4,30.4,35.9,-59.99,-40.12,-16.37,211.1,39.7,-114.1,400,350,250,1462,1442,1453,1475
7049,3524500,16.0,29.4,35.5,-59.08,-39.77,-16.38,233.9,45.9,-115.2,400,350,250,1460,1449,1461,1448
7050,3525000,14.5,28.4,35.1,-58.13,-39.4,-16.39,259.3,74.5,-98.1,400,350,250,1473,1445,1455,1477
7051,3525500,13.1,27.4,34.7,-57.13,-39.01,-16.4,277.3,88.3,-82.3,400,350,250,1474,1455,1475,1453
7052,3526000,11.7,26.5,34.3,-56.09,-38.59,-16.39,285.6,78.9,-87.8,400,350,250,1450,1454,1463,1465
7053,3526500,10.3,25.5,33.8,-55.01,-38.15,-16.39,276.5,89.1,-111.0,400,350,250,1455,1447,1476,1471
7054,3527000,9.0,24.6,33.4,-53.9,-37.7,-16.37,311.4,96.0,-87.0,400,350,250,1465,1449,1478,1468
7055,3527500,7.6,23.7,33.0,-52.75,-37.23,-16.35,345.0,124.4,-60.5,400,350,250,1454,1478,1483,1495
7056,3528000,6.3,22.7,32.6,-51.58,-36.74,-16.32,345.4,139.1,-70.2,400,350,250,1475,1436,1481,1462
7057,3528500,5.1,21.8,32.2,-50.37,-36.23,-16.29,347.2,127.9,-85.7,400,350,250,1456,1466,1461,1445
7058,3529000,3.9,20.9,31.8,-49.14,-35.72,-16.25,347.0,124.3,-73.7,400,350,250,1439,1444,1481,1470
7059,3529500,2.7,20.1,31.4,-47.89,-35.18,-16.21,376.8,163.8,-62.0,400,350,250,1463,1461,1478,1435
7060,3530000,1.5,19.2,31.0,-46.61,-34.64,-16.16,400.5,176.7,-42.3,400,350,250,1431,1462,1462,1467
7061,3530500,0.4,18.3,30.6,-45.31,-34.08,-16.1,404.4,163.7,-55.4,400,350,250,1478,1474,1486,1447
7062,3531000,-0.7,17.5,30.2,-44.0,-33.52,-16.05,388.9,164.3,-62.8,400,350,250,1481,1465,1461,1471
7063,3531500,-1.8,16.7,29.8,-42.67,-32.94,-15.98,418.1,183.7,-52.4,400,350,250,1473,1481,1444,1477
7064,3532000,-2.8,15.9,29.4,-41.33,-32.35,-15.92,436.6,201.6,-41.5,400,350,250,1455,1491,1474,1457
7065,3532500,-3.8,15.1,29.0,-39.97,-31.76,-15.85,443.6,210.6,-29.4,400,350,250,1434,1434,1496,1466
7066,3533000,-4.8,14.3,28.6,-38.61,-31.16,-15.77,439.9,198.2,-39.2,400,350,250,1482,1459,1483,1487
7067,3533500,-5.7,13.5,28.2,-37.24,-30.55,-15.69,450.3,205.8,-44.6,400,350,250,1475,1451,1485,1463
7068,3534000,-6.6,12.8,27.8,-35.86,-29.94,-15.61,462.4,224.3,-23.5,400,350,250,1471,1467,1477,1454
7069,3534500,-7.5,12.1,27.4,-34.48,-29.32,-15.52,488.1,233.1,-11.7,400,350,250,1447,1460,1459,1461
7070,3535000,-8.3,11.3,27.0,-33.1,-28.7,-15.44,486.0,239.1,-24.9,400,350,250,1469,1477,1462,1485
7071,3535500,-9.1,10.6,26.7,-31.72,-28.07,-15.34,482.6,228.7,-27.9,400,350,250,1486,1462,1454,1459
7072,3536000,-9.9,9.9,26.3,-30.34,-27.45,-15.25,482.3,244.2,-19.2,400,350,250,1460,1462,1478,1481
7073,3536500,-10.6,9.3,25.9,-28.97,-26.82,-15.15,510.0,271.7,5.4,400,350,250,1470,1476,1469,1473
7074,3537000,-11.3,8.6,25.5,-27.6,-26.19,-15.05,525.7,276.3,7.5,400,350,250,1469,1461,1455,1485
7075,3537500,-11.9,8.0,25.2,-26.23,-25.55,-14.95,516.8,262.7,-7.3,400,350,250,1448,1484,1463,1475
7076,3538000,-12.6,7.4,24.8,-24.88,-24.92,-14.84,513.2,264.9,-8.1,400,350,250,1518,1471,1480,1466
7077,3538500,-13.1,6.8,24.4,-23.53,-24.29,-14.73,530.6,283.7,10.2,400,350,250,1449,1475,1459,1444
7078,3539000,-13.7,6.2,24.0,-22.19,-23.66,-14.62,552.0,300.6,19.2,400,350,250,1491,1447,1465,1470
7079,3539500,-14.2,5.6,23.7,-20.87,-23.03,-14.51,558.4,299.4,17.4,400,350,250,1471,1476,1457,1451
7080,3540000,-14.7,5.0,23.3,-19.56,-22.4,-14.4,534.9,286.9,10.1,400,350,250,1471,1487,1454,1473
7081,3540500,-15.2,4.5,23.0,-18.26,-21.77,-14.28,547.2,299.4,11.1,400,350,250,1462,1466,1460,1482
7082,3541000,-15.6,4.0,22.6,-16.98,-21.15,-14.16,562.3,310.3,29.1,400,350,250,1463,1461,1476,1462
7083,3541500,-16.0,3.4,22.3,-15.72,-20.53,-14.04,568.6,326.3,42.7,400,350,250,1468,1472,1490,1456
7084,3542000,-16.3,2.9,21.9,-14.47,-19.92,-13.92,557.9,317.9,29.6,400,350,250,1471,1440,1481,1466
7085,3542500,-16.7,2.5,21.6,-13.25,-19.3,-13.8,558.1,315.9,27.9,400,350,250,1474,1474,1491,1478
7086,3543000,-17.0,2.0,21.2,-12.04,-18.7,-13.67,566.6,330.0,25.2,400,350,250,1439,1479,1477,1489
7087,3543500,-17.3,1.5,20.9,-10.86,-18.1,-13.55,589.7,343.2,56.1,400,350,250,1478,1481,1490,1477
7088,3544000,-17.5,1.1,20.6,-9.69,-17.5,-13.42,590.3,351.0,46.7,400,350,250,1480,1450,1487,1452
7089,3544500,-17.7,0.7,20.2,-8.55,-16.91,-13.29,563.6,329.5,32.2,400,350,250,1470,1483,1470,1458
7090,3545000,-17.9,0.3,19.9,-7.43,-16.33,-13.17,570.0,341.1,41.2,400,350,250,1454,1467,1468,1477
7091,3545500,-18.1,-0.1,19.6,-6.33,-15.75,-13.04,585.3,359.1,62.3,400,350,250,1457,1488,1461,1496
7092,3546000,-18.2,-0.5,19.2,-5.26,-15.18,-12.91,594.8,366.3,61.9,400,350,250,1460,1467,1470,1487
7093,3546500,-18.3,-0.9,18.9,-4.22,-14.61,-12.78,594.5,356.5,60.4,400,350,250,1480,1474,1459,1452
7094,3547000,-18.4,-1.2,18.6,-3.2,-14.05,-12.64,565.9,350.8,53.9,400,350,250,1477,1485,1493,1483
7095,3547500,-18.4,-1.6,18.3,-2.2,-13.5,-12.51,574.5,360.5,60.9,400,350,250,1460,1476,1474,1464
7096,3548000,-18.5,-1.9,18.0,-1.24,-12.96,-12.38,605.9,384.9,85.8,400,350,250,1493,1472,1490,1498
7097,3548500,-18.5,-2.2,17.7,-0.3,-12.43,-12.25,591.2,378.8,73.6,400,350,250,1464,1463,1488,1503
7098,3549000,-18.4,-2.5,17.4,0.62,-11.9,-12.11,576.8,359.8,67.4,400,350,250,1502,1476,1473,1465
7099,3549500,-18.4,-2.8,17.1,1.5,-11.38,-11.98,573.1,370.4,71.2,400,350,250,1479,1483,1472,1488
7100,3550000,-18.4,-3.0,16.8,2.36,-10.87,-11.84,590.9,383.4,79.6,400,350,250,1500,1469,1477,1515
7101,3550500,-18.3,-3.3,16.5,3.19,-10.37,-11.71,595.6,391.9,93.3,400,350,250,1468,1476,1496,1491
7102,3551000,-18.2,-3.6,16.2,3.99,-9.88,-11.58,586.1,386.0,86.6,400,350,250,1441,1456,1489,1497
7103,3551500,-18.1,-3.8,15.9,4.77,-9.4,-11.44,569.2,369.9,76.2,400,350,250,1467,1461,1486,1469
7104,3552000,-17.9,-4.0,15.6,5.51,-8.92,-11.31,572.2,384.4,94.3,400,350,250,1474,1453,1460,1496
7105,3552500,-17.8,-4.2,15.4,6.23,-8.46,-11.17,575.9,408.6,106.4,400,350,250,1476,1481,1480,1470
7106,3553000,-17.6,-4.4,15.1,6.91,-8.0,-11.04,591.2,405.4,111.0,400,350,250,1471,1480,1484,1454
7107,3553500,-17.4,-4.6,14.8,7.57,-7.55,-10.9,569.9,401.9,98.7,400,350,250,1467,1458,1469,1479
7108,3554000,-17.2,-4.8,14.5,8.2,-7.11,-10.77,558.2,382.3,95.6,400,350,250,1468,1487,1435,1466
7109,3554500,-17.0,-5.0,14.3,8.8,-6.69,-10.64,568.2,396.7,107.0,400,350,250,1464,1476,1510,1458
7110,3555000,-16.7,-5.1,14.0,9.38,-6.27,-10.5,573.6,421.2,121.4,400,350,250,1509,1482,1467,1443
7111,3555500,-16.5,-5.3,13.7,9.92,-5.86,-10.37,574.6,412.0,116.3,400,350,250,1479,1464,1501,1473
7112,3556000,-16.2,-5.4,13.5,10.44,-5.46,-10.24,555.6,399.1,104.5,400,350,250,1463,1435,1463,1464
7113,3556500,-16.0,-5.5,13.2,10.92,-5.07,-10.11,553.0,393.4,111.6,400,350,250,1465,1495,1461,1495
7114,3557000,-15.7,-5.6,13.0,11.39,-4.68,-9.97,561.1,411.3,134.9,400,350,250,1467,1470,1474,1475
7115,3557500,-15.4,-5.7,12.7,11.82,-4.31,-9.84,566.3,418.9,143.6,400,350,250,1471,1476,1500,1507
7116,3558000,-15.1,-5.8,12.5,12.22,-3.95,-9.71,550.2,413.3,124.7,400,350,250,1453,1455,1436,1471
7117,3558500,-14.8,-5.9,12.3,12.6,-3.6,-9.58,538.4,389.6,112.3,400,350,250,1481,1459,1463,1457
7118,3559000,-14.4,-6.0,12.0,12.96,-3.25,-9.45,535.9,403.3,127.7,400,350,250,1467,1494,1465,1490
7119,3559500,-14.1,-6.1,11.8,13.28,-2.92,-9.32,551.1,424.9,140.1,400,350,250,1478,1459,1457,1498
7120,3560000,-13.8,-6.2,11.6,13.58,-2.6,-9.19,548.2,423.4,144.9,400,350,250,1474,1464,1496,1462
7121,3560500,-13.4,-6.2,11.3,13.86,-2.28,-9.07,523.9,415.4,142.9,400,350,250,1444,1490,1501,1490
7122,3561000,-13.1,-6.3,11.1,14.11,-1.98,-8.94,510.3,398.4,131.0,400,350,250,1471,1462,1490,1469
7123,3561500,-12.7,-6.3,10.9,14.33,-1.68,-8.81,529.7,409.1,145.7,400,350,250,1487,1492,1480,1466
7124,3562000,-12.3,-6.3,10.7,14.53,-1.39,-8.69,532.9,418.7,159.0,400,350,250,1498,1492,1489,1480
7125,3562500,-12.0,-6.4,10.5,14.71,-1.11,-8.56,531.0,421.6,155.2,400,350,250,1493,1488,1474,1463
7126,3563000,-11.6,-6.4,10.2,14.86,-0.84,-8.44,500.8,404.8,139.4,400,350,250,1495,1476,1437,1471
7127,3563500,-11.2,-6.4,10.0,15.0,-0.58,-8.32,497.6,410.4,139.6,400,350,250,1471,1492,1476,1512
7128,3564000,-10.8,-6.4,9.8,15.1,-0.33,-8.19,512.7,418.5,160.7,400,350,250,1481,1457,1481,1487
7129,3564500,-10.5,-6.4,9.6,15.19,-0.09,-8.07,523.1,429.6,164.0,400,350,250,1486,1455,1506,1464
7130,3565000,-10.1,-6.4,9.4,15.26,0.14,-7.95,498.6,409.8,157.3,400,350,250,1513,1473,1461,1457
7131,3565500,-9.7,-6.4,9.2,15.3,0.37,-7.83,484.1,403.6,145.0,400,350,250,1480,1505,1496,1467
7132,3566000,-9.3,-6.4,9.0,15.33,0.59,-7.71,486.5,407.8,151.6,400,350,250,1475,1464,1470,1458
7133,3566500,-8.9,-6.4,8.9,15.34,0.8,-7.6,498.4,419.0,172.0,400,350,250,1478,1497,1479,1465
7134,3567000,-8.6,-6.3,8.7,15.32,1.0,-7.48,500.6,423.2,176.4,400,350,250,1480,1464,1499,1483
7135,3567500,-8.2,-6.3,8.5,15.29,1.19,-7.37,475.5,407.7,159.8,400,350,250,1495,1462,1464,1478
7136,3568000,-7.8,-6.3,8.3,15.24,1.37,-7.25,469.5,394.7,149.7,400,350,250,1464,1474,1461,1503
7137,3568500,-7.4,-6.2,8.1,15.17,1.55,-7.14,472.5,405.1,164.7,400,350,250,1478,1469,1509,1499
7138,3569000,-7.0,-6.2,7.9,15.09,1.72,-7.02,484.8,428.8,188.7,400,350,250,1500,1450,1464,1487
7139,3569500,-6.7,-6.1,7.8,14.99,1.88,-6.91,472.1,415.0,184.9,400,350,250,1476,1469,1502,1473
7140,3570000,-6.3,-6.1,7.6,14.88,2.03,-6.8,457.9,397.5,159.3,400,350,250,1441,1485,1484,1480
7141,3570500,-5.9,-6.0,7.4,14.75,2.18,-6.69,440.7,402.8,161.1,400,350,250,1494,1486,1481,1474
7142,3571000,-5.6,-6.0,7.3,14.61,2.32,-6.58,469.9,421.2,183.4,400,350,250,1470,1490,1482,1489
7143,3571500,-5.2,-5.9,7.1,14.45,2.45,-6.48,471.2,424.6,191.1,400,350,250,1475,1444,1481,1490
7144,3572000,-4.8,-5.9,7.0,14.28,2.58,-6.37,457.7,411.3,180.3,400,350,250,1469,1463,1470,1461
7145,3572500,-4.5,-5.8,6.8,14.09,2.69,-6.26,433.8,383.3,166.8,400,350,250,1506,1466,1467,1484
7146,3573000,-4.1,-5.7,6.6,13.9,2.81,-6.16,433.9,394.4,179.3,400,350,250,1486,1473,1482,1500
7147,3573500,-3.8,-5.6,6.5,13.69,2.91,-6.06,447.8,410.4,197.5,400,350,250,1491,1480,1473,1494
7148,3574000,-3.5,-5.6,6.3,13.48,3.01,-5.95,445.2,416.2,191.3,400,350,250,1499,1475,1458,1482
7149,3574500,-3.1,-5.5,6.2,13.25,3.1,-5.85,428.3,408.0,192.7,400,350,250,1515,1478,1488,1506
7150,3575000,-2.8,-5.4,6.1,13.01,3.19,-5.75,413.5,383.7,181.8,400,350,250,1470,1522,1484,1445
7151,3575500,-2.5,-5.3,5.9,12.77,3.27,-5.66,420.8,400.2,191.4,400,350,250,1474,1473,1476,1494
7152,3576000,-2.2,-5.3,5.8,12.51,3.34,-5.56,432.9,412.0,211.5,400,350,250,1502,1474,1465,1472
7153,3576500,-1.9,-5.2,5.6,12.25,3.41,-5.46,423.0,414.5,203.0,400,350,250,1490,1500,1477,1468
7154,3577000,-1.6,-5.1,5.5,11.98,3.47,-5.37,404.7,386.9,184.9,400,350,250,1456,1489,1492,1471
7155,3577500,-1.3,-5.0,5.4,11.71,3.53,-5.27,398.3,383.5,183.2,400,350,250,1469,1492,1489,1478
7156,3578000,-1.0,-4.9,5.2,11.43,3.58,-5.18,412.0,399.2,202.5,400,350,250,1487,1509,1486,1481
7157,3578500,-0.7,-4.8,5.1,11.14,3.63,-5.09,422.5,411.7,214.6,400,350,250,1459,1485,1470,1475
7158,3579000,-0.4,-4.7,5.0,10.84,3.67,-4.99,401.2,395.5,192.9,400,350,250,1495,1508,1482,1502
7159,3579500,-0.2,-4.6,4.9,10.55,3.71,-4.9,393.5,388.7,187.4,400,350,250,1504,1492,1467,1486
7160,3580000,0.1,-4.5,4.7,10.24,3.75,-4.82,385.3,387.2,186.8,400,350,250,1489,1447,1494,1498
7161,3580500,0.3,-4.4,4.6,9.94,3.77,-4.73,412.5,399.2,204.8,400,350,250,1495,1488,1501,1460
7162,3581000,0.6,-4.3,4.5,9.63,3.8,-4.64,413.6,398.0,218.5,400,350,250,1482,1472,1447,1487
7163,3581500,0.8,-4.2,4.4,9.32,3.82,-4.56,393.7,390.0,209.6,400,350,250,1488,1477,1491,1488
7164,3582000,1.0,-4.2,4.3,9.01,3.83,-4.47,378.3,376.4,196.1,400,350,250,1503,1469,1485,1510
7165,3582500,1.3,-4.1,4.2,8.69,3.84,-4.39,380.2,382.1,208.1,400,350,250,1506,1479,1481,1480
7166,3583000,1.5,-4.0,4.1,8.37,3.85,-4.3,397.1,395.2,224.0,400,350,250,1524,1497,1475,1463
7167,3583500,1.7,-3.9,4.0,8.06,3.86,-4.22,390.6,400.3,221.1,400,350,250,1479,1500,1493,1492
7168,3584000,1.9,-3.8,3.9,7.74,3.86,-4.14,376.1,373.7,202.9,400,350,250,1491,1493,1465,1476
7169,3584500,2.0,-3.7,3.8,7.42,3.85,-4.06,363.0,376.1,198.1,400,350,250,1467,1473,1505,1469
7170,3585000,2.2,-3.6,3.7,7.1,3.85,-3.99,375.5,387.8,212.9,400,350,250,1525,1497,1517,1485
7171,3585500,2.4,-3.5,3.6,6.78,3.84,-3.91,390.9,400.3,233.6,400,350,250,1503,1488,1486,1483
7172,3586000,2.6,-3.4,3.5,6.47,3.82,-3.83,380.5,390.9,227.4,400,350,250,1479,1483,1488,1479
7173,3586500,2.7,-3.3,3.4,6.15,3.81,-3.76,361.0,364.2,206.7,400,350,250,1482,1480,1491,1484
7174,3587000,2.9,-3.2,3.3,5.84,3.79,-3.68,359.2,374.1,201.4,400,350,250,1488,1496,1475,1482
7175,3587500,3.0,-3.1,3.2,5.53,3.77,-3.61,367.8,386.4,222.7,400,350,250,1485,1474,1480,1502
7176,3588000,3.1,-3.0,3.1,5.22,3.74,-3.54,378.6,391.6,231.6,400,350,250,1496,1487,1500,1478
7177,3588500,3.2,-2.9,3.0,4.91,3.72,-3.47,366.7,379.6,221.4,400,350,250,1468,1492,1477,1494
7178,3589000,3.4,-2.8,2.9,4.61,3.69,-3.4,351.5,369.4,210.0,400,350,250,1485,1470,1510,1487
7179,3589500,3.5,-2.7,2.8,4.31,3.66,-3.33,363.1,367.3,213.0,400,350,250,1497,1480,1493,1463
7180,3590000,3.6,-2.6,2.8,4.01,3.62,-3.26,367.9,385.5,231.5,400,350,250,1498,1471,1503,1509
7181,3590500,3.7,-2.5,2.7,3.72,3.59,-3.2,378.4,383.4,238.0,400,350,250,1501,1468,1485,1493
7182,3591000,3.7,-2.5,2.6,3.43,3.55,-3.13,359.6,371.0,210.9,400,350,250,1481,1485,1476,1506
7183,3591500,3.8,-2.4,2.5,3.15,3.51,-3.07,346.0,362.5,210.2,400,350,250,1492,1476,1494,1508
7184,3592000,3.9,-2.3,2.5,2.87,3.47,-3.0,349.2,364.0,226.4,400,350,250,1504,1480,1521,1515
7185,3592500,4.0,-2.2,2.4,2.59,3.43,-2.94,370.7,386.3,245.8,400,350,250,1488,1511,1492,1490
7186,3593000,4.0,-2.1,2.3,2.32,3.38,-2.88,373.2,380.8,235.2,400,350,250,1485,1502,1504,1509
7187,3593500,4.1,-2.0,2.2,2.06,3.34,-2.82,353.0,366.2,222.4,400,350,250,1482,1462,1489,1477
7188,3594000,4.1,-1.9,2.2,1.8,3.29,-2.76,343.2,355.6,213.5,400,350,250,1504,1492,1478,1465
7189,3594500,4.2,-1.9,2.1,1.54,3.24,-2.7,360.5,370.1,236.3,400,350,250,1509,1501,1456,1478
7190,3595000,4.2,-1.8,2.0,1.29,3.19,-2.64,371.8,374.9,243.4,400,350,250,1510,1488,1504,1510
7191,3595500,4.2,-1.7,2.0,1.05,3.14,-2.58,365.1,373.6,241.0,400,350,250,1511,1491,1497,1493
7192,3596000,4.2,-1.6,1.9,0.81,3.09,-2.53,349.8,357.5,222.7,400,350,250,1498,1491,1484,1482
7193,3596500,4.2,-1.6,1.8,0.58,3.04,-2.47,340.9,359.5,225.1,400,350,250,1508,1503,1480,1506
7194,3597000,4.3,-1.5,1.8,0.36,2.98,-2.42,360.5,369.9,233.7,400,350,250,1487,1498,1490,1471
7195,3597500,4.3,-1.4,1.7,0.14,2.93,-2.36,366.5,374.7,242.6,400,350,250,1465,1474,1486,1468
7196,3598000,4.3,-1.3,1.7,-0.07,2.88,-2.31,359.5,369.8,240.5,400,350,250,1511,1495,1488,1515
7197,3598500,4.2,-1.3,1.6,-0.28,2.82,-2.26,349.8,340.2,222.7,400,350,250,1496,1497,1471,1484
7198,3599000,4.2,-1.2,1.6,-0.48,2.76,-2.21,357.7,348.2,218.1,400,350,250,1509,1483,1481,1500
7199,3599500,4.2,-1.1,1.5,-0.67,2.71,-2.16,368.5,370.9,245.5,400,350,250,1476,1518,1473,1517
7200,3600000,4.2,-1.1,1.4,-0.86,2.65,-2.11,371.6,370.1,247.7,400,350,250,1452,1513,1506,1481
7201,3600500,4.2,-1.0,1.4,-1.04,2.59,-2.06,356.4,360.9,238.2,400,350,250,1482,1500,1498,1472
7202,3601000,4.1,-0.9,1.3,-1.22,2.54,-2.01,341.9,351.0,225.3,400,350,250,1506,1492,1480,1485
7203,3601500,4.1,-0.9,1.3,-1.38,2.48,-1.96,350.1,353.0,235.7,400,350,250,1502,1509,1468,1499
7204,3602000,4.1,-0.8,1.3,-1.54,2.42,-1.92,376.5,365.5,246.2,400,350,250,1497,1504,1487,1489
7205,3602500,4.0,-0.8,1.2,-1.7,2.36,-1.87,379.5,364.8,254.1,400,350,250,1510,1483,1483,1478
7206,3603000,4.0,-0.7,1.2,-1.84,2.31,-1.83,351.3,347.8,238.8,400,350,250,1504,1498,1484,1514
7207,3603500,3.9,-0.6,1.1,-1.99,2.25,-1.78,348.9,344.7,232.6,400,350,250,1524,1489,1500,1504
7208,3604000,3.9,-0.6,1.1,-2.12,2.19,-1.74,360.7,354.4,238.8,400,350,250,1517,1511,1487,1509
7209,3604500,3.8,-0.5,1.0,-2.25,2.13,-1.7,376.2,373.6,251.4,400,350,250,1488,1509,1485,1487
7210,3605000,3.8,-0.5,1.0,-2.37,2.07,-1.66,370.9,367.4,243.4,400,350,250,1515,1518,1511,1494
7211,3605500,3.7,-0.4,0.9,-2.48,2.02,-1.62,357.0,347.1,222.5,400,350,250,1491,1470,1508,1502
7212,3606000,3.6,-0.4,0.9,-2.59,1.96,-1.58,353.3,338.1,223.1,400,350,250,1528,1472,1485,1477
7213,3606500,3.6,-0.3,0.9,-2.69,1.9,-1.54,363.1,350.0,241.9,400,350,250,1511,1485,1477,1513
7214,3607000,3.5,-0.3,0.8,-2.79,1.85,-1.5,376.2,365.1,257.1,400,350,250,1491,1514,1505,1498
7215,3607500,3.4,-0.2,0.8,-2.88,1.79,-1.46,371.8,354.6,252.8,400,350,250,1528,1515,1503,1476
7216,3608000,3.4,-0.2,0.8,-2.96,1.73,-1.43,362.7,338.7,235.3,400,350,250,1508,1506,1496,1500
7217,3608500,3.3,-0.2,0.7,-3.04,1.68,-1.39,355.3,336.7,222.8,400,350,250,1471,1488,1480,1498
7218,3609000,3.2,-0.1,0.7,-3.11,1.62,-1.35,370.4,355.7,241.5,400,350,250,1494,1475,1515,1511
7219,3609500,3.1,-0.1,0.7,-3.18,1.57,-1.32,385.6,368.5,257.2,400,350,250,1483,1509,1524,1488
7220,3610000,3.0,-0.0,0.6,-3.23,1.52,-1.28,376.6,352.4,258.3,400,350,250,1502,1486,1506,1511
7221,3610500,3.0,-0.0,0.6,-3.29,1.46,-1.25,350.0,334.2,238.0,400,350,250,1510,1517,1529,1492
7222,3611000,2.9,0.0,0.6,-3.34,1.41,-1.22,359.1,344.6,233.2,400,350,250,1493,1490,1460,1509
7223,3611500,2.8,0.1,0.5,-3.38,1.36,-1.19,371.9,358.2,251.4,400,350,250,1496,1478,1523,1469
7224,3612000,2.7,0.1,0.5,-3.42,1.31,-1.15,394.3,361.9,260.8,400,350,250,1492,1488,1486,1501
7225,3612500,2.6,0.1,0.5,-3.45,1.26,-1.12,373.3,343.5,245.2,400,350,250,1513,1535,1477,1497
7226,3613000,2.5,0.2,0.4,-3.48,1.21,-1.09,362.2,337.2,229.3,400,350,250,1486,1479,1492,1518
7227,3613500,2.4,0.2,0.4,-3.5,1.16,-1.06,367.4,337.8,239.1,400,350,250,1502,1510,1486,1516
7228,3614000,2.4,0.2,0.4,-3.51,1.11,-1.03,382.9,357.6,255.3,400,350,250,1507,1485,1492,1487
7229,3614500,2.3,0.2,0.4,-3.53,1.06,-1.0,387.7,359.0,264.3,400,350,250,1509,1492,1511,1491
7230,3615000,2.2,0.3,0.3,-3.53,1.01,-0.98,378.6,342.5,242.7,400,350,250,1494,1494,1513,1495
7231,3615500,2.1,0.3,0.3,-3.54,0.97,-0.95,366.8,339.3,240.6,400,350,250,1507,1506,1462,1501
7232,3616000,2.0,0.3,0.3,-3.53,0.92,-0.92,372.0,336.6,235.6,400,350,250,1509,1486,1487,1486
7233,3616500,1.9,0.3,0.3,-3.53,0.88,-0.89,388.8,356.8,252.1,400,350,250,1490,1497,1495,1490
7234,3617000,1.8,0.4,0.3,-3.52,0.83,-0.87,390.0,357.9,259.1,400,350,250,1493,1504,1500,1479
7235,3617500,1.7,0.4,0.2,-3.5,0.79,-0.84,379.3,338.2,250.4,400,350,250,1523,1505,1500,1492
7236,3618000,1.6,0.4,0.2,-3.49,0.75,-0.82,372.1,325.1,244.1,400,350,250,1476,1497,1480,1496
7237,3618500,1.6,0.4,0.2,-3.47,0.71,-0.79,383.3,343.4,237.4,400,350,250,1502,1505,1528,1509
7238,3619000,1.5,0.4,0.2,-3.44,0.67,-0.77,396.5,358.9,260.1,400,350,250,1512,1503,1511,1488
7239,3619500,1.4,0.4,0.2,-3.41,0.63,-0.75,399.8,356.0,262.9,400,350,250,1510,1527,1505,1511
7240,3620000,1.3,0.5,0.1,-3.38,0.59,-0.72,382.0,348.0,242.1,400,350,250,1475,1513,1518,1503
7241,3620500,1.2,0.5,0.1,-3.34,0.55,-0.7,377.0,329.2,234.9,400,350,250,1498,1501,1511,1508
7242,3621000,1.1,0.5,0.1,-3.31,0.51,-0.68,379.4,343.3,245.0,400,350,250,1490,1477,1516,1486
7243,3621500,1.1,0.5,0.1,-3.26,0.48,-0.66,406.7,364.1,261.8,400,350,250,1498,1501,1472,1500
7244,3622000,1.0,0.5,0.1,-3.22,0.44,-0.64,403.5,360.8,262.9,400,350,250,1522,1502,1504,1528
7245,3622500,0.9,0.5,0.1,-3.17,0.41,-0.62,388.7,341.3,245.0,400,350,250,1528,1484,1484,1494
7246,3623000,0.8,0.5,0.0,-3.12,0.37,-0.6,373.3,333.9,236.5,400,350,250,1477,1518,1519,1480
7247,3623500,0.7,0.5,0.0,-3.07,0.34,-0.58,387.7,334.5,251.6,400,350,250,1514,1523,1496,1524
7248,3624000,0.7,0.5,0.0,-3.02,0.31,-0.56,404.4,348.8,259.4,400,350,250,1505,1535,1503,1501
7249,3624500,0.6,0.6,-0.0,-2.96,0.28,-0.54,403.2,355.2,259.8,400,350,250,1489,1474,1487,1493
7250,3625000,0.5,0.6,-0.0,-2.9,0.25,-0.52,392.0,335.4,235.7,400,350,250,1513,1501,1533,1512
7251,3625500,0.5,0.6,-0.0,-2.85,0.22,-0.5,381.2,334.5,232.7,400,350,250,1500,1508,1506,1491
7252,3626000,0.4,0.6,-0.0,-2.78,0.19,-0.48,398.2,343.2,240.8,400,350,250,1511,1525,1503,1507
7253,3626500,0.3,0.6,-0.1,-2.72,0.16,-0.47,409.0,358.6,263.7,400,350,250,1510,1488,1494,1488
7254,3627000,0.2,0.6,-0.1,-2.66,0.14,-0.45,415.9,349.1,260.8,400,350,250,1500,1498,1498,1523
7255,3627500,0.2,0.6,-0.1,-2.59,0.11,-0.43,388.7,332.7,237.9,400,350,250,1557,1497,1484,1499
7256,3628000,0.1,0.6,-0.1,-2.52,0.09,-0.42,384.4,334.3,234.7,400,350,250,1501,1524,1494,1524
7257,3628500,0.1,0.6,-0.1,-2.45,0.06,-0.4,405.0,341.1,251.0,400,350,250,1513,1503,1505,1500
7258,3629000,-0.0,0.6,-0.1,-2.39,0.04,-0.39,414.4,364.9,258.9,400,350,250,1540,1506,1492,1495
7259,3629500,-0.1,0.6,-0.1,-2.32,0.02,-0.37,406.8,344.6,255.1,400,350,250,1498,1544,1500,1527
7260,3630000,-0.1,0.6,-0.1,-2.24,-0.01,-0.36,389.3,331.7,242.6,400,350,250,1513,1518,1504,1473
7261,3630500,-0.2,0.6,-0.1,-2.17,-0.03,-0.34,389.2,330.6,236.2,400,350,250,1518,1496,1508,1499
7262,3631000,-0.2,0.6,-0.1,-2.1,-0.05,-0.33,398.5,352.3,247.7,400,350,250,1524,1493,1496,1499
7263,3631500,-0.3,0.6,-0.1,-2.03,-0.07,-0.32,421.8,354.1,263.8,400,350,250,1504,1489,1535,1523
7264,3632000,-0.3,0.6,-0.2,-1.95,-0.08,-0.3,412.5,350.4,259.5,400,350,250,1505,1519,1507,1510
7265,3632500,-0.4,0.6,-0.2,-1.88,-0.1,-0.29,388.4,330.6,237.1,400,350,250,1488,1506,1513,1515
7266,3633000,-0.4,0.6,-0.2,-1.81,-0.12,-0.28,395.2,331.3,235.2,400,350,250,1530,1522,1528,1502
7267,3633500,-0.5,0.6,-0.2,-1.73,-0.14,-0.27,408.1,346.4,253.0,400,350,250,1532,1513,1483,1476
7268,3634000,-0.5,0.6,-0.2,-1.66,-0.15,-0.25,421.9,359.5,267.9,400,350,250,1525,1512,1485,1522
7269,3634500,-0.5,0.6,-0.2,-1.59,-0.17,-0.24,417.4,345.3,260.8,400,350,250,1513,1503,1512,1490
7270,3635000,-0.6,0.6,-0.2,-1.51,-0.18,-0.23,389.8,329.8,237.3,400,350,250,1520,1510,1509,1502
7271,3635500,-0.6,0.6,-0.2,-1.44,-0.19,-0.22,393.1,333.1,241.1,400,350,250,1522,1513,1508,1513
7272,3636000,-0.6,0.6,-0.2,-1.37,-0.21,-0.21,411.0,344.5,256.5,400,350,250,1507,1482,1508,1503
7273,3636500,-0.7,0.5,-0.2,-1.3,-0.22,-0.2,421.2,366.8,266.5,400,350,250,1464,1478,1503,1515
7274,3637000,-0.7,0.5,-0.2,-1.23,-0.23,-0.19,415.5,348.6,256.5,400,350,250,1512,1514,1511,1503
7275,3637500,-0.7,0.5,-0.2,-1.16,-0.24,-0.18,397.9,335.4,232.9,400,350,250,1510,1499,1521,1523
7276,3638000,-0.8,0.5,-0.2,-1.09,-0.25,-0.17,395.8,322.8,234.2,400,350,250,1520,1486,1489,1534
7277,3638500,-0.8,0.5,-0.2,-1.02,-0.26,-0.16,414.5,351.2,257.7,400,350,250,1490,1522,1504,1511
7278,3639000,-0.8,0.5,-0.2,-0.95,-0.27,-0.15,421.6,360.5,271.0,400,350,250,1516,1489,1501,1517
7279,3639500,-0.8,0.5,-0.2,-0.88,-0.28,-0.14,423.1,342.6,250.9,400,350,250,1512,1502,1525,1505
7280,3640000,-0.9,0.5,-0.2,-0.81,-0.29,-0.13,397.8,337.3,245.7,400,350,250,1535,1513,1506,1498
7281,3640500,-0.9,0.5,-0.2,-0.75,-0.3,-0.13,397.0,328.8,241.0,400,350,250,1501,1536,1535,1526
7282,3641000,-0.9,0.5,-0.2,-0.68,-0.3,-0.12,414.8,353.5,258.6,400,350,250,1493,1505,1490,1512
7283,3641500,-0.9,0.5,-0.2,-0.62,-0.31,-0.11,429.1,357.6,267.7,400,350,250,1493,1495,1494,1516
7284,3642000,-0.9,0.5,-0.2,-0.56,-0.32,-0.1,414.5,345.7,252.6,400,350,250,1496,1521,1510,1491
7285,3642500,-0.9,0.5,-0.3,-0.49,-0.32,-0.1,398.0,328.9,240.1,400,350,250,1512,1514,1486,1518
7286,3643000,-0.9,0.5,-0.3,-0.43,-0.33,-0.09,400.7,329.7,245.6,400,350,250,1504,1536,1514,1513
7287,3643500,-1.0,0.4,-0.3,-0.37,-0.33,-0.08,415.8,345.9,256.8,400,350,250,1538,1489,1483,1509
7288,3644000,-1.0,0.4,-0.3,-0.32,-0.34,-0.07,425.6,367.3,265.8,400,350,250,1492,1508,1500,1492
7289,3644500,-1.0,0.4,-0.3,-0.26,-0.34,-0.07,415.7,351.6,253.1,400,350,250,1477,1527,1521,1514
7290,3645000,-1.0,0.4,-0.3,-0.21,-0.34,-0.06,395.2,334.9,237.3,400,350,250,1484,1514,1474,1545
7291,3645500,-1.0,0.4,-0.3,-0.15,-0.34,-0.05,399.4,333.5,237.6,400,350,250,1483,1507,1502,1522
7292,3646000,-1.0,0.4,-0.3,-0.1,-0.35,-0.05,413.5,351.8,264.9,400,350,250,1504,1483,1508,1480
7293,3646500,-1.0,0.4,-0.3,-0.05,-0.35,-0.04,417.3,360.1,263.4,400,350,250,1492,1510,1479,1508
7294,3647000,-1.0,0.4,-0.3,0.0,-0.35,-0.04,417.6,352.9,246.5,400,350,250,1517,1502,1507,1522
7295,3647500,-1.0,0.4,-0.3,0.05,-0.35,-0.03,399.3,329.8,243.3,400,350,250,1472,1528,1496,1532
7296,3648000,-1.0,0.4,-0.3,0.1,-0.35,-0.03,398.6,336.4,242.8,400,350,250,1514,1512,1528,1499
7297,3648500,-1.0,0.4,-0.3,0.14,-0.35,-0.02,410.5,353.7,262.1,400,350,250,1510,1538,1526,1517
7298,3649000,-1.0,0.3,-0.3,0.18,-0.35,-0.02,426.7,357.7,274.1,400,350,250,1526,1520,1535,1492
7299,3649500,-1.0,0.3,-0.3,0.23,-0.35,-0.01,418.4,350.0,254.1,400,350,250,1516,1514,1507,1524
7300,3650000,-1.0,0.3,-0.3,0.27,-0.35,-0.01,401.5,332.8,239.3,400,350,250,1532,1507,1506,1507
7301,3650500,-0.9,0.3,-0.3,0.31,-0.35,-0.0,402.1,335.4,241.2,400,350,250,1501,1509,1484,1503
7302,3651000,-0.9,0.3,-0.3,0.34,-0.35,0.0,410.4,356.0,260.5,400,350,250,1485,1526,1491,1511
7303,3651500,-0.9,0.3,-0.3,0.38,-0.35,0.01,422.5,361.6,263.6,400,350,250,1521,1496,1517,1551
7304,3652000,-0.9,0.3,-0.3,0.41,-0.35,0.01,408.3,345.6,260.3,400,350,250,1544,1520,1525,1543
7305,3652500,-0.9,0.3,-0.3,0.45,-0.35,0.01,392.5,330.4,245.6,400,350,250,1523,1510,1492,1487
7306,3653000,-0.9,0.3,-0.3,0.48,-0.34,0.02,399.7,341.3,237.1,400,350,250,1505,1536,1507,1505
7307,3653500,-0.9,0.3,-0.3,0.51,-0.34,0.02,403.4,352.2,257.9,400,350,250,1528,1517,1548,1532
7308,3654000,-0.9,0.3,-0.3,0.54,-0.34,0.03,419.4,359.9,269.4,400,350,250,1516,1484,1529,1494
7309,3654500,-0.9,0.3,-0.3,0.56,-0.34,0.03,414.0,353.1,250.1,400,350,250,1491,1540,1478,1527
7310,3655000,-0.8,0.2,-0.3,0.59,-0.33,0.03,395.5,335.7,238.7,400,350,250,1524,1529,1527,1497
7311,3655500,-0.8,0.2,-0.3,0.61,-0.33,0.03,401.2,333.1,236.5,400,350,250,1501,1509,1497,1493
7312,3656000,-0.8,0.2,-0.3,0.64,-0.33,0.04,412.3,350.9,261.6,400,350,250,1509,1500,1489,1522
7313,3656500,-0.8,0.2,-0.3,0.66,-0.32,0.04,426.9,372.1,265.8,400,350,250,1473,1504,1522,1513
7314,3657000,-0.8,0.2,-0.3,0.68,-0.32,0.04,406.1,351.1,264.0,400,350,250,1506,1524,1519,1513
7315,3657500,-0.8,0.2,-0.3,0.7,-0.32,0.05,397.1,336.2,248.4,400,350,250,1536,1517,1527,1500
7316,3658000,-0.7,0.2,-0.3,0.71,-0.31,0.05,393.2,335.5,236.9,400,350,250,1525,1515,1499,1500
7317,3658500,-0.7,0.2,-0.3,0.73,-0.31,0.05,404.4,351.4,248.4,400,350,250,1514,1515,1516,1510
7318,3659000,-0.7,0.2,-0.3,0.74,-0.3,0.05,417.8,368.1,265.7,400,350,250,1514,1545,1511,1541
7319,3659500,-0.7,0.2,-0.3,0.75,-0.3,0.06,415.3,355.0,253.4,400,350,250,1517,1526,1527,1502
7320,3660000,-0.7,0.2,-0.3,0.77,-0.29,0.06,394.4,338.9,243.7,400,350,250,1509,1506,1502,1502
7321,3660500,-0.6,0.2,-0.2,0.78,-0.29,0.06,381.9,337.5,235.0,400,350,250,1472,1516,1505,1506
7322,3661000,-0.6,0.2,-0.2,0.79,-0.28,0.06,404.3,347.4,249.0,400,350,250,1519,1500,1503,1494
7323,3661500,-0.6,0.1,-0.2,0.79,-0.28,0.06,410.6,367.3,261.7,400,350,250,1526,1518,1512,1523
7324,3662000,-0.6,0.1,-0.2,0.8,-0.28,0.07,416.3,360.7,260.4,400,350,250,1514,1517,1522,1529
7325,3662500,-0.6,0.1,-0.2,0.81,-0.27,0.07,398.1,343.2,239.4,400,350,250,1521,1534,1521,1523
7326,3663000,-0.5,0.1,-0.2,0.81,-0.27,0.07,390.2,333.3,242.0,400,350,250,1482,1515,1494,1532
7327,3663500,-0.5,0.1,-0.2,0.81,-0.26,0.07,402.1,348.4,250.4,400,350,250,1509,1529,1540,1519
7328,3664000,-0.5,0.1,-0.2,0.81,-0.26,0.07,419.2,368.4,266.7,400,350,250,1501,1529,1522,1536
7329,3664500,-0.5,0.1,-0.2,0.82,-0.25,0.07,414.5,359.1,262.6,400,350,250,1526,1532,1520,1540
7330,3665000,-0.5,0.1,-0.2,0.82,-0.24,0.07,395.8,339.2,243.5,400,350,250,1511,1527,1532,1505
7331,3665500,-0.4,0.1,-0.2,0.81,-0.24,0.08,389.2,334.0,240.1,400,350,250,1508,1518,1509,1516
7332,3666000,-0.4,0.1,-0.2,0.81,-0.23,0.08,403.0,343.3,251.0,400,350,250,1515,1495,1503,1524
7333,3666500,-0.4,0.1,-0.2,0.81,-0.23,0.08,417.4,364.5,265.7,400,350,250,1514,1511,1499,1521
7334,3667000,-0.4,0.1,-0.2,0.81,-0.22,0.08,416.3,355.6,261.1,400,350,250,1495,1499,1485,1524
7335,3667500,-0.4,0.1,-0.2,0.8,-0.22,0.08,405.4,348.2,253.2,400,350,250,1527,1528,1543,1514
7336,3668000,-0.3,0.1,-0.2,0.8,-0.21,0.08,387.8,337.1,235.0,400,350,250,1534,1506,1517,1511
7337,3668500,-0.3,0.1,-0.2,0.79,-0.21,0.08,402.0,348.7,248.8,400,350,250,1516,1490,1518,1505
7338,3669000,-0.3,0.1,-0.2,0.78,-0.2,0.08,416.1,361.6,260.7,400,350,250,1520,1540,1517,1517
7339,3669500,-0.3,0.1,-0.2,0.77,-0.2,0.08,407.7,374.7,269.2,400,350,250,1532,1511,1499,1545
7340,3670000,-0.3,0.0,-0.2,0.77,-0.19,0.08,399.8,351.7,246.3,400,350,250,1518,1528,1502,1547
7341,3670500,-0.3,0.0,-0.2,0.76,-0.19,0.08,388.9,334.8,232.6,400,350,250,1512,1519,1539,1545
7342,3671000,-0.2,0.0,-0.2,0.75,-0.18,0.08,392.6,336.6,242.0,400,350,250,1541,1537,1525,1530
7343,3671500,-0.2,0.0,-0.2,0.74,-0.18,0.09,416.9,364.3,266.3,400,350,250,1539,1514,1517,1500
7344,3672000,-0.2,0.0,-0.2,0.72,-0.17,0.09,416.9,365.0,259.9,400,350,250,1517,1515,1529,1505
7345,3672500,-0.2,0.0,-0.2,0.71,-0.17,0.09,406.3,346.6,249.4,400,350,250,1504,1536,1505,1522
7346,3673000,-0.2,0.0,-0.2,0.7,-0.16,0.09,386.8,336.8,237.2,400,350,250,1540,1523,1496,1508
7347,3673500,-0.1,0.0,-0.2,0.69,-0.16,0.09,391.9,336.0,241.5,400,350,250,1510,1520,1513,1503
7348,3674000,-0.1,0.0,-0.2,0.67,-0.15,0.09,407.9,362.1,252.9,400,350,250,1535,1532,1537,1544
7349,3674500,-0.1,0.0,-0.2,0.66,-0.15,0.09,418.3,361.9,267.9,400,350,250,1506,1542,1540,1500
7350,3675000,-0.1,0.0,-0.2,0.65,-0.14,0.09,393.1,349.2,251.9,400,350,250,1499,1498,1505,1494
7351,3675500,-0.1,0.0,-0.2,0.63,-0.14,0.09,386.7,338.0,239.9,400,350,250,1515,1506,1526,1529
7352,3676000,-0.1,-0.0,-0.2,0.62,-0.13,0.09,392.3,343.6,243.7,400,350,250,1501,1507,1540,1532
7353,3676500,-0.0,-0.0,-0.2,0.6,-0.13,0.09,407.6,355.1,263.1,400,350,250,1509,1522,1543,1523
7354,3677000,-0.0,-0.0,-0.2,0.59,-0.12,0.09,414.3,364.6,270.6,400,350,250,1536,1529,1522,1511
7355,3677500,-0.0,-0.0,-0.2,0.57,-0.12,0.09,405.6,362.2,247.9,400,350,250,1523,1546,1511,1519
7356,3678000,-0.0,-0.0,-0.2,0.56,-0.11,0.09,385.3,333.4,243.8,400,350,250,1527,1501,1522,1524
7357,3678500,0.0,-0.0,-0.2,0.54,-0.11,0.09,386.9,330.1,232.2,400,350,250,1517,1507,1519,1519
7358,3679000,0.0,-0.0,-0.2,0.52,-0.1,0.09,398.8,358.3,257.6,400,350,250,1546,1522,1537,1516
7359,3679500,0.0,-0.0,-0.2,0.51,-0.1,0.09,413.2,364.3,274.2,400,350,250,1552,1547,1491,1530
7360,3680000,0.0,-0.0,-0.2,0.49,-0.09,0.09,406.3,363.9,255.8,400,350,250,1491,1522,1525,1553
7361,3680500,0.1,-0.0,-0.2,0.47,-0.09,0.09,389.9,337.8,244.2,400,350,250,1533,1507,1515,1525
7362,3681000,0.1,-0.0,-0.2,0.46,-0.09,0.09,382.7,332.4,242.1,400,350,250,1522,1512,1497,1542
7363,3681500,0.1,-0.0,-0.2,0.44,-0.08,0.09,398.2,350.3,243.0,400,350,250,1515,1514,1531,1532
7364,3682000,0.1,-0.0,-0.2,0.42,-0.08,0.09,401.3,363.8,261.4,400,350,250,1505,1526,1533,1540
7365,3682500,0.1,-0.0,-0.2,0.41,-0.07,0.09,406.4,358.8,265.4,400,350,250,1525,1546,1511,1525
7366,3683000,0.1,-0.0,-0.2,0.39,-0.07,0.09,400.3,344.1,243.3,400,350,250,1508,1515,1515,1546
7367,3683500,0.1,-0.0,-0.2,0.37,-0.07,0.08,385.5,340.6,237.4,400,350,250,1555,1510,1496,1528
7368,3684000,0.1,-0.0,-0.2,0.35,-0.06,0.08,398.4,344.6,242.3,400,350,250,1554,1508,1514,1492
7369,3684500,0.1,-0.0,-0.2,0.34,-0.06,0.08,406.5,361.4,260.0,400,350,250,1491,1530,1512,1528
7370,3685000,0.1,-0.0,-0.1,0.32,-0.06,0.08,419.0,360.1,264.4,400,350,250,1532,1498,1518,1503
7371,3685500,0.2,-0.0,-0.1,0.3,-0.05,0.08,405.8,350.3,256.2,400,350,250,1532,1518,1526,1487
7372,3686000,0.2,-0.0,-0.1,0.29,-0.05,0.08,386.2,334.7,239.2,400,350,250,1535,1518,1540,1517
7373,3686500,0.2,-0.0,-0.1,0.27,-0.05,0.08,386.4,341.8,240.3,400,350,250,1547,1533,1519,1521
7374,3687000,0.2,-0.0,-0.1,0.26,-0.04,0.08,409.5,356.2,254.6,400,350,250,1514,1529,1526,1541
7375,3687500,0.2,-0.0,-0.1,0.24,-0.04,0.08,414.5,371.2,259.0,400,350,250,1512,1547,1550,1518
7376,3688000,0.2,-0.0,-0.1,0.22,-0.04,0.08,404.7,358.0,250.2,400,350,250,1515,1525,1534,1520
7377,3688500,0.2,-0.0,-0.1,0.21,-0.03,0.08,379.0,333.0,235.0,400,350,250,1509,1507,1538,1550
7378,3689000,0.2,-0.1,-0.1,0.19,-0.03,0.08,388.9,334.2,236.4,400,350,250,1532,1514,1552,1516
7379,3689500,0.2,-0.1,-0.1,0.18,-0.03,0.08,402.3,358.2,256.3,400,350,250,1542,1508,1503,1522
7380,3690000,0.2,-0.1,-0.1,0.16,-0.02,0.08,412.4,367.3,264.6,400,350,250,1514,1556,1518,1499
7381,3690500,0.2,-0.1,-0.1,0.15,-0.02,0.08,403.5,354.7,256.9,400,350,250,1551,1551,1523,1496
7382,3691000,0.2,-0.1,-0.1,0.13,-0.02,0.08,392.8,340.7,234.1,400,350,250,1531,1522,1545,1520
7383,3691500,0.2,-0.1,-0.1,0.12,-0.02,0.08,384.7,336.7,234.7,400,350,250,1547,1505,1517,1535
7384,3692000,0.2,-0.1,-0.1,0.1,-0.01,0.08,395.0,348.4,241.2,400,350,250,1516,1522,1537,1513
7385,3692500,0.2,-0.1,-0.1,0.09,-0.01,0.08,414.0,367.1,268.3,400,350,250,1486,1533,1547,1536
7386,3693000,0.2,-0.1,-0.1,0.08,-0.01,0.07,402.2,366.6,263.0,400,350,250,1498,1533,1551,1511
7387,3693500,0.2,-0.1,-0.1,0.06,-0.01,0.07,390.1,350.3,248.0,400,350,250,1537,1519,1519,1517
7388,3694000,0.2,-0.1,-0.1,0.05,-0.0,0.07,375.8,335.7,239.1,400,350,250,1517,1545,1529,1535
7389,3694500,0.2,-0.1,-0.1,0.04,-0.0,0.07,392.6,344.4,247.0,400,350,250,1532,1516,1536,1518
7390,3695000,0.2,-0.1,-0.1,0.03,-0.0,0.07,405.8,355.9,262.8,400,350,250,1506,1531,1536,1544
7391,3695500,0.2,-0.1,-0.1,0.01,0.0,0.07,406.8,360.7,256.4,400,350,250,1526,1511,1541,1558
7392,3696000,0.2,-0.1,-0.1,0.0,0.0,0.07,400.3,343.0,248.2,400,350,250,1536,1526,1534,1534
7393,3696500,0.2,-0.1,-0.1,-0.01,0.01,0.07,381.6,328.8,239.5,400,350,250,1522,1527,1517,1517
7394,3697000,0.2,-0.1,-0.1,-0.02,0.01,0.07,387.9,340.3,241.9,400,350,250,1542,1543,1518,1488
7395,3697500,0.2,-0.1,-0.1,-0.03,0.01,0.07,401.0,355.4,254.0,400,350,250,1516,1525,1516,1527
7396,3698000,0.2,-0.1,-0.1,-0.04,0.01,0.07,405.9,363.9,272.0,400,350,250,1530,1521,1554,1521
7397,3698500,0.2,-0.1,-0.1,-0.05,0.01,0.07,403.9,356.4,249.6,400,350,250,1516,1519,1534,1529
7398,3699000,0.2,-0.1,-0.1,-0.06,0.01,0.07,380.7,343.5,243.1,400,350,250,1505,1563,1550,1533
7399,3699500,0.2,-0.1,-0.1,-0.07,0.01,0.07,384.3,341.1,235.1,400,350,250,1511,1525,1543,1516
7400,3700000,0.2,-0.1,-0.1,-0.08,0.02,0.07,402.6,350.2,243.0,400,350,250,1527,1510,1545,1536
7401,3700500,0.2,-0.1,-0.1,-0.08,0.02,0.06,415.4,360.6,268.8,400,350,250,1518,1514,1535,1505
7402,3701000,0.2,-0.1,-0.1,-0.09,0.02,0.06,411.2,349.6,257.6,400,350,250,1545,1536,1551,1540
7403,3701500,0.2,-0.1,-0.1,-0.1,0.02,0.06,396.5,353.1,244.1,400,350,250,1541,1556,1522,1529
7404,3702000,0.2,-0.0,-0.1,-0.11,0.02,0.06,381.4,332.6,235.5,400,350,250,1511,1532,1492,1525
7405,3702500,0.2,-0.0,-0.1,-0.12,0.02,0.06,389.8,343.2,245.6,400,350,250,1525,1533,1543,1535
7406,3703000,0.2,-0.0,-0.1,-0.12,0.02,0.06,413.2,357.7,259.2,400,350,250,1507,1537,1533,1527
7407,3703500,0.2,-0.0,-0.1,-0.13,0.02,0.06,406.0,368.4,265.0,400,350,250,1540,1516,1536,1526
7408,3704000,0.2,-0.0,-0.1,-0.13,0.02,0.06,394.6,354.9,251.3,400,350,250,1557,1500,1518,1515
7409,3704500,0.2,-0.0,-0.1,-0.14,0.03,0.06,387.6,336.8,236.3,400,350,250,1509,1526,1529,1563
7410,3705000,0.2,-0.0,-0.1,-0.15,0.03,0.06,381.6,338.1,246.0,400,350,250,1532,1560,1525,1543
7411,3705500,0.2,-0.0,-0.1,-0.15,0.03,0.06,405.3,355.9,259.6,400,350,250,1532,1507,1529,1540
7412,3706000,0.2,-0.0,-0.1,-0.15,0.03,0.06,409.3,370.6,254.8,400,350,250,1533,1541,1536,1537
7413,3706500,0.2,-0.0,-0.1,-0.16,0.03,0.06,409.2,350.6,259.1,400,350,250,1518,1545,1526,1504
7414,3707000,0.2,-0.0,-0.1,-0.16,0.03,0.06,391.6,341.9,238.7,400,350,250,1509,1527,1514,1514
7415,3707500,0.2,-0.0,-0.1,-0.17,0.03,0.05,389.9,333.4,235.9,400,350,250,1531,1542,1532,1495
7416,3708000,0.2,-0.0,-0.1,-0.17,0.03,0.05,401.3,349.3,255.3,400,350,250,1518,1516,1523,1530
7417,3708500,0.2,-0.0,-0.1,-0.17,0.03,0.05,415.1,367.1,267.4,400,350,250,1552,1535,1529,1525
7418,3709000,0.2,-0.0,-0.1,-0.18,0.03,0.05,415.7,365.6,263.2,400,350,250,1519,1522,1541,1523
7419,3709500,0.2,-0.0,-0.1,-0.18,0.03,0.05,394.0,349.4,246.2,400,350,250,1541,1548,1505,1533
7420,3710000,0.1,-0.0,-0.1,-0.18,0.03,0.05,376.5,335.1,233.5,400,350,250,1504,1530,1518,1553
7421,3710500,0.1,-0.0,-0.1,-0.18,0.03,0.05,394.6,345.0,238.0,400,350,250,1535,1546,1550,1537
7422,3711000,0.1,-0.0,-0.1,-0.18,0.03,0.05,406.0,364.4,262.4,400,350,250,1537,1533,1530,1513
7423,3711500,0.1,-0.0,-0.1,-0.19,0.03,0.05,412.1,371.6,265.6,400,350,250,1517,1522,1518,1516
7424,3712000,0.1,-0.0,-0.1,-0.19,0.03,0.05,389.2,347.9,249.7,400,350,250,1552,1544,1531,1545
7425,3712500,0.1,-0.0,-0.1,-0.19,0.03,0.05,381.8,337.6,238.1,400,350,250,1536,1543,1553,1516
7426,3713000,0.1,-0.0,-0.1,-0.19,0.03,0.05,390.2,329.7,233.4,400,350,250,1508,1523,1535,1543
7427,3713500,0.1,-0.0,-0.1,-0.19,0.03,0.05,402.7,353.4,260.1,400,350,250,1528,1532,1547,1534
7428,3714000,0.1,-0.0,-0.1,-0.19,0.03,0.05,423.0,367.3,264.8,400,350,250,1546,1537,1551,1551
7429,3714500,0.1,-0.0,-0.1,-0.19,0.03,0.04,405.9,364.0,261.7,400,350,250,1546,1542,1520,1533
7430,3715000,0.1,-0.0,-0.1,-0.19,0.03,0.04,393.4,343.5,243.4,400,350,250,1533,1515,1536,1526
7431,3715500,0.1,-0.0,-0.1,-0.19,0.03,0.04,383.3,338.4,234.4,400,350,250,1541,1541,1534,1530
7432,3716000,0.1,-0.0,-0.1,-0.19,0.03,0.04,393.2,338.3,244.7,400,350,250,1531,1511,1532,1533
7433,3716500,0.1,-0.0,-0.0,-0.19,0.03,0.04,408.2,363.9,265.6,400,350,250,1544,1525,1531,1535
7434,3717000,0.1,-0.0,-0.0,-0.18,0.03,0.04,407.9,362.2,268.5,400,350,250,1549,1544,1535,1545
7435,3717500,0.1,-0.0,-0.0,-0.18,0.03,0.04,400.3,347.4,249.0,400,350,250,1551,1525,1562,1546
7436,3718000,0.1,-0.0,-0.0,-0.18,0.03,0.04,383.7,337.1,228.4,400,350,250,1545,1548,1519,1489
7437,3718500,0.1,-0.0,-0.0,-0.18,0.03,0.04,384.3,338.2,242.9,400,350,250,1520,1524,1542,1544
7438,3719000,0.1,-0.0,-0.0,-0.18,0.03,0.04,408.5,356.1,256.1,400,350,250,1525,1545,1521,1545
7439,3719500,0.1,-0.0,-0.0,-0.18,0.03,0.04,412.9,366.0,266.2,400,350,250,1540,1552,1542,1554
7440,3720000,0.1,-0.0,-0.0,-0.17,0.03,0.04,400.7,358.9,259.4,400,350,250,1538,1533,1526,1515
7441,3720500,0.1,-0.0,-0.0,-0.17,0.03,0.04,390.9,332.1,237.7,400,350,250,1540,1534,1540,1537
7442,3721000,0.0,-0.0,-0.0,-0.17,0.03,0.04,385.2,328.9,231.3,400,350,250,1542,1530,1545,1535
7443,3721500,0.0,-0.0,-0.0,-0.17,0.03,0.04,395.2,344.5,247.3,400,350,250,1544,1538,1545,1538
7444,3722000,0.0,-0.0,-0.0,-0.16,0.03,0.04,413.5,363.2,260.2,400,350,250,1524,1503,1526,1539
7445,3722500,0.0,-0.0,-0.0,-0.16,0.03,0.03,413.1,362.6,264.9,400,350,250,1538,1543,1527,1504
7446,3723000,0.0,-0.0,-0.0,-0.16,0.03,0.03,391.2,350.2,247.4,400,350,250,1539,1527,1543,1520
7447,3723500,0.0,-0.0,-0.0,-0.15,0.03,0.03,383.7,333.7,235.6,400,350,250,1535,1521,1517,1534
7448,3724000,0.0,-0.0,-0.0,-0.15,0.03,0.03,391.4,338.4,234.5,400,350,250,1512,1556,1552,1532
7449,3724500,0.0,-0.0,-0.0,-0.15,0.03,0.03,410.9,355.5,256.4,400,350,250,1535,1529,1540,1551
7450,3725000,0.0,-0.0,-0.0,-0.14,0.03,0.03,413.2,365.0,267.2,400,350,250,1544,1534,1515,1536
7451,3725500,0.0,-0.0,-0.0,-0.14,0.03,0.03,410.7,354.0,259.1,400,350,250,1524,1533,1524,1544
7452,3726000,0.0,-0.0,-0.0,-0.14,0.03,0.03,386.3,341.7,241.7,400,350,250,1539,1531,1543,1545
7453,3726500,0.0,-0.0,-0.0,-0.13,0.03,0.03,383.3,336.5,232.9,400,350,250,1553,1525,1533,1544
7454,3727000,0.0,-0.0,-0.0,-0.13,0.03,0.03,397.9,348.8,252.9,400,350,250,1527,1527,1529,1530
7455,3727500,-0.0,-0.0,-0.0,-0.13,0.02,0.03,415.1,362.5,269.2,400,350,250,1553,1541,1533,1517
7456,3728000,-0.0,-0.0,-0.0,-0.12,0.02,0.03,403.8,363.0,267.0,400,350,250,1517,1508,1540,1532
7457,3728500,-0.0,-0.0,-0.0,-0.12,0.02,0.03,396.2,346.6,244.1,400,350,250,1551,1518,1531,1528
7458,3729000,-0.0,-0.0,-0.0,-0.11,0.02,0.03,390.0,332.2,233.4,400,350,250,1526,1528,1562,1554
7459,3729500,-0.0,-0.0,-0.0,-0.11,0.02,0.03,391.1,339.8,245.9,400,350,250,1543,1512,1518,1512
7460,3730000,-0.0,-0.0,-0.0,-0.11,0.02,0.03,407.7,361.8,254.1,400,350,250,1547,1537,1535,1517
7461,3730500,-0.0,-0.0,-0.0,-0.1,0.02,0.03,418.5,358.5,259.2,400,350,250,1550,1541,1536,1541
7462,3731000,-0.0,-0.0,-0.0,-0.1,0.02,0.03,408.1,356.8,253.6,400,350,250,1536,1551,1525,1539
7463,3731500,-0.0,-0.0,-0.0,-0.09,0.02,0.03,391.5,342.9,242.3,400,350,250,1543,1527,1542,1547
7464,3732000,-0.0,-0.0,-0.0,-0.09,0.02,0.03,382.3,331.9,230.9,400,350,250,1527,1539,1539,1533
7465,3732500,-0.0,-0.0,-0.0,-0.09,0.02,0.02,395.0,342.1,247.8,400,350,250,1521,1547,1533,1558
7466,3733000,-0.0,-0.0,-0.0,-0.08,0.02,0.02,415.7,352.0,267.7,400,350,250,1563,1511,1535,1516
7467,3733500,-0.0,-0.0,-0.0,-0.08,0.02,0.02,411.6,357.4,262.5,400,350,250,1551,1536,1529,1538
7468,3734000,-0.0,-0.0,-0.0,-0.08,0.02,0.02,398.1,351.6,250.4,400,350,250,1529,1522,1533,1545
7469,3734500,-0.0,-0.0,-0.0,-0.07,0.02,0.02,382.7,336.1,231.9,400,350,250,1562,1542,1513,1542
7470,3735000,-0.0,-0.0,-0.0,-0.07,0.02,0.02,396.9,346.8,241.6,400,350,250,1534,1547,1526,1527
7471,3735500,-0.0,-0.0,-0.0,-0.06,0.02,0.02,405.0,352.3,255.4,400,350,250,1525,1521,1557,1545
7472,3736000,-0.0,-0.0,-0.0,-0.06,0.02,0.02,415.6,368.8,266.2,400,350,250,1524,1514,1564,1533
7473,3736500,-0.0,-0.0,-0.0,-0.06,0.02,0.02,405.6,358.7,251.2,400,350,250,1550,1545,1546,1558
7474,3737000,-0.0,-0.0,-0.0,-0.05,0.02,0.02,393.5,337.2,237.4,400,350,250,1520,1555,1524,1543
7475,3737500,-0.0,-0.0,-0.0,-0.05,0.02,0.02,385.4,336.9,233.9,400,350,250,1558,1547,1524,1542
7476,3738000,-0.0,-0.0,-0.0,-0.05,0.01,0.02,401.2,352.2,244.3,400,350,250,1524,1552,1551,1530
7477,3738500,-0.0,-0.0,-0.0,-0.04,0.01,0.02,408.8,361.3,264.2,400,350,250,1522,1548,1516,1546
7478,3739000,-0.0,-0.0,-0.0,-0.04,0.01,0.02,408.0,365.1,259.8,400,350,250,1516,1533,1544,1532
7479,3739500,-0.0,-0.0,-0.0,-0.04,0.01,0.02,398.2,361.6,251.1,400,350,250,1541,1544,1525,1562
7480,3740000,-0.0,-0.0,-0.0,-0.03,0.01,0.02,392.4,338.6,240.7,400,350,250,1527,1513,1531,1560
7481,3740500,-0.0,-0.0,-0.0,-0.03,0.01,0.02,392.4,332.4,241.9,400,350,250,1535,1570,1559,1530
7482,3741000,-0.0,0.0,-0.0,-0.03,0.01,0.02,391.8,352.3,248.7,400,350,250,1536,1518,1512,1527
7483,3741500,-0.1,0.0,-0.0,-0.02,0.01,0.02,413.1,372.0,258.8,400,350,250,1569,1539,1522,1539
7484,3742000,-0.1,0.0,-0.0,-0.02,0.01,0.02,404.1,352.3,259.6,400,350,250,1562,1507,1536,1543
7485,3742500,-0.1,0.0,-0.0,-0.02,0.01,0.02,396.2,345.5,244.3,400,350,250,1527,1545,1555,1529
7486,3743000,-0.1,0.0,-0.0,-0.01,0.01,0.02,381.9,329.8,235.5,400,350,250,1568,1567,1527,1532
7487,3743500,-0.1,0.0,-0.0,-0.01,0.01,0.02,392.6,332.3,240.6,400,350,250,1533,1541,1537,1534
7488,3744000,-0.1,0.0,-0.0,-0.01,0.01,0.02,406.7,352.1,261.2,400,350,250,1527,1503,1543,1540
7489,3744500,-0.1,0.0,-0.0,-0.0,0.01,0.02,411.3,366.1,269.1,400,350,250,1535,1533,1511,1525
7490,3745000,-0.1,0.0,-0.0,-0.0,0.01,0.01,405.8,358.5,253.7,400,350,250,1550,1558,1547,1552
7491,3745500,-0.1,0.0,-0.0,0.0,0.01,0.01,394.3,335.5,234.8,400,350,250,1547,1547,1532,1540
7492,3746000,-0.1,0.0,-0.0,0.0,0.01,0.01,393.4,329.1,235.9,400,350,250,1553,1509,1515,1536
7493,3746500,-0.1,0.0,-0.0,0.01,0.01,0.01,394.6,345.4,244.9,400,350,250,1523,1537,1523,1557
7494,3747000,-0.1,0.0,-0.0,0.01,0.01,0.01,412.2,357.4,256.9,400,350,250,1534,1525,1535,1549
7495,3747500,-0.1,0.0,-0.0,0.01,0.01,0.01,414.5,362.2,270.8,400,350,250,1546,1550,1530,1541
7496,3748000,-0.1,0.0,-0.0,0.01,0.01,0.01,404.5,352.9,253.4,400,350,250,1556,1530,1541,1544
7497,3748500,-0.1,0.0,-0.0,0.01,0.01,0.01,387.7,333.1,234.6,400,350,250,1530,1553,1538,1517
7498,3749000,-0.1,0.0,-0.0,0.02,0.01,0.01,398.0,343.9,242.1,400,350,250,1549,1579,1523,1523
7499,3749500,-0.0,0.0,-0.0,0.02,0.01,0.01,406.1,351.0,254.4,400,350,250,1539,1537,1533,1508
7500,3750000,-80.0,-69.9,-50.0,3.94,2.53,0.81,415.9,360.4,273.3,-400,-350,-250,1553,1534,1541,1555
7501,3750500,-79.8,-69.8,-49.9,7.74,4.95,1.58,408.0,353.6,267.7,-400,-350,-250,1536,1548,1551,1525
7502,3751000,-79.5,-69.6,-49.9,11.42,7.29,2.33,400.7,343.8,248.3,-400,-350,-250,1556,1544,1518,1541
7503,3751500,-79.1,-69.4,-49.8,14.98,9.53,3.05,380.7,335.3,230.7,-400,-350,-250,1517,1545,1547,1528
7504,3752000,-78.6,-69.1,-49.7,18.42,11.69,3.74,378.5,330.8,240.3,-400,-350,-250,1560,1539,1531,1544
7505,3752500,-78.1,-68.8,-49.6,21.73,13.75,4.41,383.2,344.6,255.7,-400,-350,-250,1546,1514,1534,1548
7506,3753000,-77.5,-68.4,-49.5,24.92,15.73,5.05,395.2,352.0,248.9,-400,-350,-250,1529,1549,1517,1521
7507,3753500,-76.8,-67.9,-49.3,27.98,17.63,5.67,380.6,333.6,247.9,-400,-350,-250,1520,1533,1530,1574
7508,3754000,-76.0,-67.4,-49.2,30.92,19.44,6.27,351.9,317.1,234.8,-400,-350,-250,1538,1554,1562,1545
7509,3754500,-75.2,-66.9,-49.0,33.73,21.17,6.84,336.0,306.1,222.8,-400,-350,-250,1561,1535,1510,1519
7510,3755000,-74.2,-66.3,-48.8,36.42,22.81,7.4,338.6,312.3,235.6,-400,-350,-250,1534,1528,1538,1528
7511,3755500,-73.3,-65.7,-48.6,38.99,24.38,7.93,342.7,323.7,246.0,-400,-350,-250,1528,1557,1527,1547
7512,3756000,-72.2,-65.1,-48.4,41.44,25.87,8.43,337.9,313.6,243.4,-400,-350,-250,1546,1533,1513,1550
7513,3756500,-71.1,-64.4,-48.2,43.76,27.28,8.92,314.6,293.5,228.9,-400,-350,-250,1536,1558,1565,1526
7514,3757000,-70.0,-63.7,-48.0,45.96,28.62,9.39,284.9,279.4,218.5,-400,-350,-250,1525,1523,1570,1539
7515,3757500,-68.8,-62.9,-47.7,48.03,29.88,9.84,277.1,261.1,215.7,-400,-350,-250,1553,1508,1528,1545
7516,3758000,-67.5,-62.2,-47.5,49.99,31.07,10.27,273.3,272.1,228.1,-400,-350,-250,1541,1563,1541,1529
7517,3758500,-66.2,-61.4,-47.2,51.83,32.19,10.68,275.0,277.5,239.6,-400,-350,-250,1509,1542,1535,1544
7518,3759000,-64.9,-60.5,-46.9,53.56,33.24,11.07,260.5,267.7,227.1,-400,-350,-250,1536,1524,1538,1546
7519,3759500,-63.5,-59.7,-46.6,55.16,34.22,11.44,233.1,248.5,216.0,-400,-350,-250,1540,1572,1546,1566
7520,3760000,-62.1,-58.8,-46.3,56.65,35.13,11.8,217.4,225.4,191.5,-400,-350,-250,1547,1536,1566,1561
7521,3760500,-60.7,-57.9,-46.0,58.03,35.99,12.14,195.5,219.2,203.5,-400,-350,-250,1557,1557,1540,1549
7522,3761000,-59.2,-57.0,-45.7,59.3,36.77,12.46,194.1,224.1,210.9,-400,-350,-250,1530,1542,1553,1549
7523,3761500,-57.7,-56.0,-45.4,60.45,37.5,12.77,198.4,221.7,221.3,-400,-350,-250,1515,1563,1532,1542
7524,3762000,-56.1,-55.1,-45.1,61.5,38.17,13.06,174.2,209.1,212.1,-400,-350,-250,1566,1536,1578,1542
7525,3762500,-54.6,-54.1,-44.7,62.44,38.78,13.34,143.1,181.4,193.1,-400,-350,-250,1543,1546,1530,1516
7526,3763000,-53.0,-53.1,-44.4,63.28,39.33,13.6,113.5,171.6,181.0,-400,-350,-250,1524,1539,1522,1513
7527,3763500,-51.4,-52.1,-44.1,64.02,39.83,13.85,106.1,158.1,178.1,-400,-350,-250,1557,1553,1540,1530
7528,3764000,-49.8,-51.1,-43.7,64.65,40.27,14.09,101.4,168.0,193.9,-400,-350,-250,1503,1513,1521,1523
7529,3764500,-48.1,-50.1,-43.3,65.19,40.66,14.31,101.7,167.2,202.3,-400,-350,-250,1558,1554,1565,1539
7530,3765000,-46.5,-49.1,-43.0,65.63,41.0,14.51,78.4,146.8,188.6,-400,-350,-250,1562,1533,1543,1561
7531,3765500,-44.8,-48.0,-42.6,65.98,41.29,14.71,40.7,128.7,164.8,-400,-350,-250,1549,1551,1552,1527
7532,3766000,-43.2,-47.0,-42.2,66.24,41.53,14.89,14.0,104.0,157.9,-400,-350,-250,1518,1536,1540,1553
7533,3766500,-41.5,-46.0,-41.9,66.41,41.73,15.06,10.3,96.3,158.6,-400,-350,-250,1542,1555,1554,1516
7534,3767000,-39.9,-44.9,-41.5,66.49,41.88,15.22,12.5,104.7,169.6,-400,-350,-250,1549,1535,1559,1555
7535,3767500,-38.2,-43.9,-41.1,66.49,41.99,15.36,-1.0,106.4,182.1,-400,-350,-250,1537,1536,1534,1528
7536,3768000,-36.5,-42.8,-40.7,66.41,42.06,15.5,-24.6,77.7,160.0,-400,-350,-250,1539,1552,1541,1541
7537,3768500,-34.9,-41.8,-40.3,66.25,42.09,15.62,-58.9,59.7,146.5,-400,-350,-250,1521,1555,1558,1533
7538,3769000,-33.2,-40.7,-39.9,66.01,42.08,15.74,-86.1,37.3,138.5,-400,-350,-250,1507,1544,1569,1549
7539,3769500,-31.6,-39.7,-39.5,65.7,42.03,15.84,-89.0,49.3,139.8,-400,-350,-250,1550,1546,1556,1542
7540,3770000,-30.0,-38.6,-39.1,65.31,41.94,15.93,-95.4,42.6,157.6,-400,-350,-250,1558,1564,1532,1533
7541,3770500,-28.3,-37.6,-38.7,64.86,41.82,16.02,-103.7,37.1,149.6,-400,-350,-250,1552,1553,1555,1548
7542,3771000,-26.7,-36.5,-38.3,64.34,41.67,16.09,-132.5,21.7,134.9,-400,-350,-250,1530,1564,1525,1543
7543,3771500,-25.1,-35.5,-37.9,63.76,41.48,16.16,-165.5,-6.1,111.0,-400,-350,-250,1566,1559,1549,1558
7544,3772000,-23.6,-34.5,-37.5,63.12,41.27,16.22,-184.3,-21.9,103.6,-400,-350,-250,1544,1545,1559,1541
7545,3772500,-22.0,-33.4,-37.1,62.42,41.02,16.27,-182.2,-12.4,121.6,-400,-350,-250,1554,1511,1561,1568
7546,3773000,-20.5,-32.4,-36.7,61.66,40.75,16.31,-187.0,-13.3,133.6,-400,-350,-250,1529,1551,1535,1534
7547,3773500,-18.9,-31.4,-36.3,60.85,40.45,16.34,-199.4,-20.7,122.4,-400,-350,-250,1568,1530,1560,1531
7548,3774000,-17.4,-30.4,-35.9,59.99,40.12,16.37,-225.3,-39.6,119.4,-400,-350,-250,1557,1516,1531,1554
7549,3774500,-16.0,-29.4,-35.5,59.08,39.77,16.38,-252.1,-69.2,86.0,-400,-350,-250,1564,1538,1540,1539
7550,3775000,-14.5,-28.4,-35.1,58.13,39.4,16.39,-265.4,-80.2,87.0,-400,-350,-250,1537,1551,1555,1543
7551,3775500,-13.1,-27.4,-34.7,57.13,39.01,16.4,-271.3,-73.4,94.7,-400,-350,-250,1533,1558,1547,1560
7552,3776000,-11.7,-26.5,-34.3,56.09,38.59,16.39,-268.4,-71.5,95.5,-400,-350,-250,1537,1518,1556,1538
7553,3776500,-10.3,-25.5,-33.8,55.01,38.15,16.39,-281.9,-78.8,104.6,-400,-350,-250,1545,1540,1533,1558
7554,3777000,-9.0,-24.6,-33.4,53.9,37.7,16.37,-314.8,-108.1,86.6,-400,-350,-250,1534,1536,1525,1561
7555,3777500,-7.6,-23.7,-33.0,52.75,37.23,16.35,-328.6,-124.2,68.3,-400,-350,-250,1545,1522,1573,1530
7556,3778000,-6.3,-22.7,-32.6,51.58,36.74,16.32,-351.8,-140.3,65.1,-400,-350,-250,1513,1542,1573,1546
7557,3778500,-5.1,-21.8,-32.2,50.37,36.23,16.29,-344.9,-129.4,74.8,-400,-350,-250,1564,1543,1539,1533
7558,3779000,-3.9,-20.9,-31.8,49.14,35.72,16.25,-346.2,-125.1,78.6,-400,-350,-250,1556,1555,1547,1554
7559,3779500,-2.7,-20.1,-31.4,47.89,35.18,16.21,-361.0,-128.3,84.7,-400,-350,-250,1567,1533,1567,1538
7560,3780000,-1.5,-19.2,-31.0,46.61,34.64,16.16,-384.5,-159.9,57.0,-400,-350,-250,1530,1507,1562,1537
7561,3780500,-0.4,-18.3,-30.6,45.31,34.08,16.1,-405.0,-182.2,37.4,-400,-350,-250,1547,1542,1558,1537
7562,3781000,0.7,-17.5,-30.2,44.0,33.52,16.05,-415.7,-187.0,39.2,-400,-350,-250,1524,1572,1538,1545
7563,3781500,1.8,-16.7,-29.8,42.67,32.94,15.98,-416.2,-181.8,52.9,-400,-350,-250,1528,1562,1556,1536
7564,3782000,2.8,-15.9,-29.4,41.33,32.35,15.92,-414.2,-179.5,56.7,-400,-350,-250,1541,1568,1556,1540
7565,3782500,3.8,-15.1,-29.0,39.97,31.76,15.85,-431.0,-189.5,52.2,-400,-350,-250,1541,1554,1523,1540
7566,3783000,4.8,-14.3,-28.6,38.61,31.16,15.77,-447.3,-208.8,38.6,-400,-350,-250,1528,1563,1534,1548
7567,3783500,5.7,-13.5,-28.2,37.24,30.55,15.69,-468.1,-227.5,23.0,-400,-350,-250,1528,1549,1534,1575
7568,3784000,6.6,-12.8,-27.8,35.86,29.94,15.61,-476.2,-237.9,21.0,-400,-350,-250,1568,1530,1557,1546
7569,3784500,7.5,-12.1,-27.4,34.48,29.32,15.52,-480.1,-228.4,26.2,-400,-350,-250,1576,1553,1546,1569
7570,3785000,8.3,-11.3,-27.0,33.1,28.7,15.44,-468.8,-224.7,33.6,-400,-350,-250,1549,1569,1567,1536
7571,3785500,9.1,-10.6,-26.7,31.72,28.07,15.34,-476.2,-226.0,30.4,-400,-350,-250,1577,1568,1545,1529
7572,3786000,9.9,-9.9,-26.3,30.34,27.45,15.25,-499.6,-249.2,13.6,-400,-350,-250,1548,1537,1555,1545
7573,3786500,10.6,-9.3,-25.9,28.97,26.82,15.15,-521.5,-264.9,-8.0,-400,-350,-250,1543,1536,1553,1532
7574,3787000,11.3,-8.6,-25.5,27.6,26.19,15.05,-527.9,-276.0,-7.2,-400,-350,-250,1521,1569,1551,1544
7575,3787500,11.9,-8.0,-25.2,26.23,25.55,14.95,-508.8,-271.2,6.9,-400,-350,-250,1513,1565,1549,1538
7576,3788000,12.6,-7.4,-24.8,24.88,24.92,14.84,-517.8,-258.8,9.6,-400,-350,-250,1538,1542,1560,1556
7577,3788500,13.1,-6.8,-24.4,23.53,24.29,14.73,-517.0,-276.7,2.5,-400,-350,-250,1551,1560,1558,1575
7578,3789000,13.7,-6.2,-24.0,22.19,23.66,14.62,-540.4,-292.5,-15.4,-400,-350,-250,1555,1536,1576,1561
7579,3789500,14.2,-5.6,-23.7,20.87,23.03,14.51,-557.6,-305.7,-24.5,-400,-350,-250,1534,1574,1541,1517
7580,3790000,14.7,-5.0,-23.3,19.56,22.4,14.4,-560.2,-313.1,-28.4,-400,-350,-250,1562,1542,1558,1587
7581,3790500,15.2,-4.5,-23.0,18.26,21.77,14.28,-552.0,-306.7,-18.5,-400,-350,-250,1589,1547,1536,1564
7582,3791000,15.6,-4.0,-22.6,16.98,21.15,14.16,-537.5,-299.4,-9.2,-400,-350,-250,1556,1553,1535,1569
7583,3791500,16.0,-3.4,-22.3,15.72,20.53,14.04,-542.7,-302.8,-19.8,-400,-350,-250,1539,1542,1553,1535
7584,3792000,16.3,-2.9,-21.9,14.47,19.92,13.92,-566.0,-323.4,-28.0,-400,-350,-250,1563,1539,1499,1545
7585,3792500,16.7,-2.5,-21.6,13.25,19.3,13.8,-582.0,-334.0,-49.1,-400,-350,-250,1537,1549,1533,1554
7586,3793000,17.0,-2.0,-21.2,12.04,18.7,13.67,-580.0,-347.3,-44.3,-400,-350,-250,1552,1559,1561,1522
7587,3793500,17.3,-1.5,-20.9,10.86,18.1,13.55,-572.1,-329.1,-35.6,-400,-350,-250,1538,1562,1551,1519
7588,3794000,17.5,-1.1,-20.6,9.69,17.5,13.42,-560.6,-325.7,-29.6,-400,-350,-250,1563,1553,1555,1556
7589,3794500,17.7,-0.7,-20.2,8.55,16.91,13.29,-566.1,-322.4,-43.4,-400,-350,-250,1571,1543,1570,1546
7590,3795000,17.9,-0.3,-19.9,7.43,16.33,13.17,-581.0,-343.3,-51.9,-400,-350,-250,1551,1531,1553,1550
7591,3795500,18.1,0.1,-19.6,6.33,15.75,13.04,-596.0,-367.5,-59.9,-400,-350,-250,1547,1542,1524,1529
7592,3796000,18.2,0.5,-19.2,5.26,15.18,12.91,-597.7,-367.4,-72.5,-400,-350,-250,1547,1532,1568,1543
7593,3796500,18.3,0.9,-18.9,4.22,14.61,12.78,-584.6,-364.3,-56.0,-400,-350,-250,1538,1548,1585,1540
7594,3797000,18.4,1.2,-18.6,3.2,14.05,12.64,-567.3,-349.3,-56.8,-400,-350,-250,1559,1541,1555,1536
7595,3797500,18.4,1.6,-18.3,2.2,13.5,12.51,-570.2,-353.0,-55.9,-400,-350,-250,1576,1527,1547,1559
7596,3798000,18.5,1.9,-18.0,1.24,12.96,12.38,-588.1,-367.7,-71.6,-400,-350,-250,1542,1560,1574,1541
7597,3798500,18.5,2.2,-17.7,0.3,12.43,12.25,-595.4,-389.6,-82.2,-400,-350,-250,1552,1529,1580,1522
7598,3799000,18.4,2.5,-17.4,-0.62,11.9,12.11,-597.9,-384.0,-95.3,-400,-350,-250,1539,1565,1536,1543
7599,3799500,18.4,2.8,-17.1,-1.5,11.38,11.98,-584.6,-379.2,-83.7,-400,-350,-250,1554,1549,1561,1530
7600,3800000,18.4,3.0,-16.8,-2.36,10.87,11.84,-575.4,-375.6,-70.4,-400,-350,-250,1543,1547,1548,1559
7601,3800500,18.3,3.3,-16.5,-3.19,10.37,11.71,-565.5,-365.1,-72.1,-400,-350,-250,1563,1541,1557,1532
7602,3801000,18.2,3.6,-16.2,-3.99,9.88,11.58,-573.7,-383.4,-82.3,-400,-350,-250,1537,1561,1566,1543
7603,3801500,18.1,3.8,-15.9,-4.77,9.4,11.44,-591.3,-395.1,-97.5,-400,-350,-250,1556,1541,1526,1514
7604,3802000,17.9,4.0,-15.6,-5.51,8.92,11.31,-588.5,-406.8,-106.8,-400,-350,-250,1557,1556,1517,1537
7605,3802500,17.8,4.2,-15.4,-6.23,8.46,11.17,-579.0,-387.4,-105.0,-400,-350,-250,1527,1538,1540,1537
7606,3803000,17.6,4.4,-15.1,-6.91,8.0,11.04,-571.3,-380.7,-90.9,-400,-350,-250,1551,1569,1540,1544
7607,3803500,17.4,4.6,-14.8,-7.57,7.55,10.9,-558.4,-376.8,-82.4,-400,-350,-250,1544,1548,1548,1545
7608,3804000,17.2,4.8,-14.5,-8.2,7.11,10.77,-564.9,-388.8,-96.4,-400,-350,-250,1551,1544,1554,1530
7609,3804500,17.0,5.0,-14.3,-8.8,6.69,10.64,-575.0,-402.2,-113.1,-400,-350,-250,1527,1553,1565,1562
7610,3805000,16.7,5.1,-14.0,-9.38,6.27,10.5,-576.8,-419.1,-125.1,-400,-350,-250,1542,1533,1547,1547
7611,3805500,16.5,5.3,-13.7,-9.92,5.86,10.37,-568.6,-413.1,-122.9,-400,-350,-250,1539,1543,1553,1563
7612,3806000,16.2,5.4,-13.5,-10.44,5.46,10.24,-556.3,-405.1,-106.3,-400,-350,-250,1539,1552,1552,1511
7613,3806500,16.0,5.5,-13.2,-10.92,5.07,10.11,-545.0,-389.9,-103.4,-400,-350,-250,1561,1565,1550,1566
7614,3807000,15.7,5.6,-13.0,-11.39,4.68,9.97,-540.2,-395.9,-110.9,-400,-350,-250,1550,1531,1551,1526
7615,3807500,15.4,5.7,-12.7,-11.82,4.31,9.84,-559.5,-412.9,-122.6,-400,-350,-250,1524,1557,1544,1547
7616,3808000,15.1,5.8,-12.5,-12.22,3.95,9.71,-561.6,-425.8,-139.0,-400,-350,-250,1544,1553,1537,1553
7617,3808500,14.8,5.9,-12.3,-12.6,3.6,9.58,-557.6,-421.0,-142.5,-400,-350,-250,1559,1540,1550,1561
7618,3809000,14.4,6.0,-12.0,-12.96,3.25,9.45,-540.2,-406.2,-122.5,-400,-350,-250,1537,1555,1540,1550
7619,3809500,14.1,6.1,-11.8,-13.28,2.92,9.32,-525.1,-401.2,-116.9,-400,-350,-250,1559,1572,1545,1541
7620,3810000,13.8,6.2,-11.6,-13.58,2.6,9.19,-528.6,-396.4,-127.2,-400,-350,-250,1557,1559,1563,1572
7621,3810500,13.4,6.2,-11.3,-13.86,2.28,9.07,-539.3,-418.4,-132.9,-400,-350,-250,1536,1551,1553,1559
7622,3811000,13.1,6.3,-11.1,-14.11,1.98,8.94,-546.6,-422.3,-158.8,-400,-350,-250,1563,1581,1563,1577
7623,3811500,12.7,6.3,-10.9,-14.33,1.68,8.81,-543.0,-424.8,-155.9,-400,-350,-250,1524,1543,1546,1560
7624,3812000,12.3,6.3,-10.7,-14.53,1.39,8.69,-524.6,-414.3,-144.4,-400,-350,-250,1554,1552,1528,1552
7625,3812500,12.0,6.4,-10.5,-14.71,1.11,8.56,-505.8,-409.2,-130.2,-400,-350,-250,1562,1541,1549,1548
7626,3813000,11.6,6.4,-10.2,-14.86,0.84,8.44,-498.1,-403.4,-139.4,-400,-350,-250,1540,1557,1535,1558
7627,3813500,11.2,6.4,-10.0,-15.0,0.58,8.32,-508.4,-410.7,-146.7,-400,-350,-250,1533,1552,1528,1577
7628,3814000,10.8,6.4,-9.8,-15.1,0.33,8.19,-520.0,-421.7,-166.0,-400,-350,-250,1558,1547,1557,1552
7629,3814500,10.5,6.4,-9.6,-15.19,0.09,8.07,-517.6,-425.8,-169.6,-400,-350,-250,1565,1566,1531,1559
7630,3815000,10.1,6.4,-9.4,-15.26,-0.14,7.95,-502.5,-422.7,-160.4,-400,-350,-250,1556,1546,1552,1544
7631,3815500,9.7,6.4,-9.2,-15.3,-0.37,7.83,-491.6,-411.5,-151.4,-400,-350,-250,1555,1592,1556,1541
7632,3816000,9.3,6.4,-9.0,-15.33,-0.59,7.71,-482.4,-398.7,-142.6,-400,-350,-250,1573,1546,1556,1583
7633,3816500,8.9,6.4,-8.9,-15.34,-0.8,7.6,-481.9,-399.0,-146.9,-400,-350,-250,1546,1546,1536,1565
7634,3817000,8.6,6.3,-8.7,-15.32,-1.0,7.48,-490.1,-422.7,-172.8,-400,-350,-250,1569,1561,1554,1585
7635,3817500,8.2,6.3,-8.5,-15.29,-1.19,7.37,-497.7,-434.5,-182.4,-400,-350,-250,1546,1534,1557,1511
7636,3818000,7.8,6.3,-8.3,-15.24,-1.37,7.25,-495.1,-421.2,-180.1,-400,-350,-250,1545,1525,1579,1553
7637,3818500,7.4,6.2,-8.1,-15.17,-1.55,7.14,-468.0,-406.6,-166.4,-400,-350,-250,1553,1568,1537,1542
7638,3819000,7.0,6.2,-7.9,-15.09,-1.72,7.02,-453.2,-391.9,-157.3,-400,-350,-250,1569,1578,1526,1556
7639,3819500,6.7,6.1,-7.8,-14.99,-1.88,6.91,-461.6,-403.8,-157.6,-400,-350,-250,1565,1538,1559,1526
7640,3820000,6.3,6.1,-7.6,-14.88,-2.03,6.8,-467.2,-411.7,-181.7,-400,-350,-250,1557,1542,1550,1566
7641,3820500,5.9,6.0,-7.4,-14.75,-2.18,6.69,-473.4,-422.6,-189.1,-400,-350,-250,1538,1549,1573,1520
7642,3821000,5.6,6.0,-7.3,-14.61,-2.32,6.58,-476.2,-427.9,-187.2,-400,-350,-250,1560,1574,1535,1541
7643,3821500,5.2,5.9,-7.1,-14.45,-2.45,6.48,-455.1,-412.8,-177.7,-400,-350,-250,1585,1560,1529,1555
7644,3822000,4.8,5.9,-7.0,-14.28,-2.58,6.37,-428.9,-395.7,-162.3,-400,-350,-250,1559,1538,1542,1551
7645,3822500,4.5,5.8,-6.8,-14.09,-2.69,6.26,-435.0,-388.8,-168.6,-400,-350,-250,1542,1555,1572,1578
7646,3823000,4.1,5.7,-6.6,-13.9,-2.81,6.16,-431.6,-406.9,-172.5,-400,-350,-250,1550,1564,1552,1543
7647,3823500,3.8,5.6,-6.5,-13.69,-2.91,6.06,-447.9,-420.9,-185.3,-400,-350,-250,1566,1563,1554,1539
7648,3824000,3.5,5.6,-6.3,-13.48,-3.01,5.95,-448.9,-418.0,-202.2,-400,-350,-250,1538,1555,1556,1544
7649,3824500,3.1,5.5,-6.2,-13.25,-3.1,5.85,-431.0,-414.5,-197.3,-400,-350,-250,1541,1558,1567,1546
7650,3825000,2.8,5.4,-6.1,-13.01,-3.19,5.75,-424.9,-398.6,-189.6,-400,-350,-250,1551,1570,1544,1558
7651,3825500,2.5,5.3,-5.9,-12.77,-3.27,5.66,-412.6,-383.4,-174.4,-400,-350,-250,1555,1542,1559,1540
7652,3826000,2.2,5.3,-5.8,-12.51,-3.34,5.56,-408.0,-390.7,-179.8,-400,-350,-250,1561,1571,1555,1531
7653,3826500,1.9,5.2,-5.6,-12.25,-3.41,5.46,-416.7,-407.7,-206.3,-400,-350,-250,1555,1550,1572,1559
7654,3827000,1.6,5.1,-5.5,-11.98,-3.47,5.37,-429.4,-413.0,-207.3,-400,-350,-250,1571,1537,1558,1574
7655,3827500,1.3,5.0,-5.4,-11.71,-3.53,5.27,-431.4,-405.4,-202.6,-400,-350,-250,1556,1558,1550,1573
7656,3828000,1.0,4.9,-5.2,-11.43,-3.58,5.18,-408.7,-395.7,-194.2,-400,-350,-250,1543,1565,1564,1550
7657,3828500,0.7,4.8,-5.1,-11.14,-3.63,5.09,-391.2,-377.4,-185.5,-400,-350,-250,1542,1545,1551,1551
7658,3829000,0.4,4.7,-5.0,-10.84,-3.67,4.99,-386.4,-385.0,-189.0,-400,-350,-250,1558,1557,1525,1567
7659,3829500,0.2,4.6,-4.9,-10.55,-3.71,4.9,-397.5,-394.7,-190.1,-400,-350,-250,1544,1548,1562,1539
7660,3830000,-0.1,4.5,-4.7,-10.24,-3.75,4.82,-410.6,-408.2,-214.1,-400,-350,-250,1559,1541,1548,1547
7661,3830500,-0.3,4.4,-4.6,-9.94,-3.77,4.73,-408.3,-405.4,-214.1,-400,-350,-250,1554,1548,1549,1577
7662,3831000,-0.6,4.3,-4.5,-9.63,-3.8,4.64,-401.3,-401.0,-213.9,-400,-350,-250,1561,1544,1547,1563
7663,3831500,-0.8,4.2,-4.4,-9.32,-3.82,4.56,-385.0,-382.6,-197.3,-400,-350,-250,1567,1556,1569,1523
7664,3832000,-1.0,4.2,-4.3,-9.01,-3.83,4.47,-371.7,-377.3,-195.5,-400,-350,-250,1565,1540,1545,1550
7665,3832500,-1.3,4.1,-4.2,-8.69,-3.84,4.39,-387.0,-381.8,-196.3,-400,-350,-250,1569,1542,1516,1553
7666,3833000,-1.5,4.0,-4.1,-8.37,-3.85,4.3,-395.2,-388.5,-209.8,-400,-350,-250,1540,1581,1555,1565
7667,3833500,-1.7,3.9,-4.0,-8.06,-3.86,4.22,-396.6,-401.8,-230.4,-400,-350,-250,1531,1536,1557,1558
7668,3834000,-1.9,3.8,-3.9,-7.74,-3.86,4.14,-400.8,-404.1,-223.0,-400,-350,-250,1539,1567,1573,1572
7669,3834500,-2.0,3.7,-3.8,-7.42,-3.85,4.06,-377.5,-383.1,-208.8,-400,-350,-250,1547,1512,1570,1573
7670,3835000,-2.2,3.6,-3.7,-7.1,-3.85,3.99,-362.0,-366.8,-196.3,-400,-350,-250,1547,1541,1543,1569
7671,3835500,-2.4,3.5,-3.6,-6.78,-3.84,3.91,-360.8,-374.0,-200.3,-400,-350,-250,1573,1567,1583,1547
7672,3836000,-2.6,3.4,-3.5,-6.47,-3.82,3.83,-371.6,-375.9,-212.4,-400,-350,-250,1548,1564,1551,1576
7673,3836500,-2.7,3.3,-3.4,-6.15,-3.81,3.76,-391.1,-397.4,-227.3,-400,-350,-250,1566,1589,1530,1539
7674,3837000,-2.9,3.2,-3.3,-5.84,-3.79,3.68,-386.7,-396.8,-236.5,-400,-350,-250,1532,1551,1551,1555
7675,3837500,-3.0,3.1,-3.2,-5.53,-3.77,3.61,-378.6,-396.9,-225.6,-400,-350,-250,1546,1549,1567,1542
7676,3838000,-3.1,3.0,-3.1,-5.22,-3.74,3.54,-362.8,-374.1,-210.6,-400,-350,-250,1561,1533,1548,1555
7677,3838500,-3.2,2.9,-3.0,-4.91,-3.72,3.47,-348.8,-358.3,-204.7,-400,-350,-250,1534,1572,1571,1540
7678,3839000,-3.4,2.8,-2.9,-4.61,-3.69,3.4,-359.3,-366.0,-209.8,-400,-350,-250,1585,1569,1575,1547
7679,3839500,-3.5,2.7,-2.8,-4.31,-3.66,3.33,-364.9,-379.9,-221.5,-400,-350,-250,1548,1569,1553,1561
7680,3840000,-3.6,2.6,-2.8,-4.01,-3.62,3.26,-383.1,-391.6,-229.6,-400,-350,-250,1565,1578,1541,1568
7681,3840500,-3.7,2.5,-2.7,-3.72,-3.59,3.2,-369.2,-389.9,-231.6,-400,-350,-250,1557,1567,1564,1591
7682,3841000,-3.7,2.5,-2.6,-3.43,-3.55,3.13,-367.0,-385.0,-226.8,-400,-350,-250,1559,1535,1549,1565
7683,3841500,-3.8,2.4,-2.5,-3.15,-3.51,3.07,-352.9,-361.7,-214.7,-400,-350,-250,1565,1562,1557,1539
7684,3842000,-3.9,2.3,-2.5,-2.87,-3.47,3.0,-340.9,-351.2,-204.9,-400,-350,-250,1550,1542,1545,1541
7685,3842500,-4.0,2.2,-2.4,-2.59,-3.43,2.94,-358.6,-358.1,-219.8,-400,-350,-250,1530,1571,1555,1542
7686,3843000,-4.0,2.1,-2.3,-2.32,-3.38,2.88,-370.9,-376.5,-234.9,-400,-350,-250,1550,1574,1575,1580
7687,3843500,-4.1,2.0,-2.2,-2.06,-3.34,2.82,-367.2,-392.8,-247.7,-400,-350,-250,1588,1559,1540,1577
7688,3844000,-4.1,1.9,-2.2,-1.8,-3.29,2.76,-372.9,-381.3,-238.3,-400,-350,-250,1578,1569,1570,1540
7689,3844500,-4.2,1.9,-2.1,-1.54,-3.24,2.7,-353.3,-365.0,-225.7,-400,-350,-250,1543,1568,1551,1577
7690,3845000,-4.2,1.8,-2.0,-1.29,-3.19,2.64,-350.2,-353.8,-211.9,-400,-350,-250,1550,1559,1533,1563
7691,3845500,-4.2,1.7,-2.0,-1.05,-3.14,2.58,-342.1,-347.6,-215.1,-400,-350,-250,1558,1540,1552,1552
7692,3846000,-4.2,1.6,-1.9,-0.81,-3.09,2.53,-356.7,-366.4,-235.0,-400,-350,-250,1525,1562,1537,1550
7693,3846500,-4.2,1.6,-1.8,-0.58,-3.04,2.47,-371.6,-375.4,-247.9,-400,-350,-250,1571,1532,1548,1542
7694,3847000,-4.3,1.5,-1.8,-0.36,-2.98,2.42,-383.4,-378.4,-245.5,-400,-350,-250,1558,1572,1543,1559
7695,3847500,-4.3,1.4,-1.7,-0.14,-2.93,2.36,-370.2,-363.4,-241.3,-400,-350,-250,1563,1542,1562,1585
7696,3848000,-4.3,1.3,-1.7,0.07,-2.88,2.31,-350.1,-353.5,-226.5,-400,-350,-250,1590,1540,1552,1578
7697,3848500,-4.2,1.3,-1.6,0.28,-2.82,2.26,-347.1,-350.8,-215.5,-400,-350,-250,1546,1572,1565,1561
7698,3849000,-4.2,1.2,-1.6,0.48,-2.76,2.21,-350.5,-344.3,-224.4,-400,-350,-250,1538,1534,1570,1537
7699,3849500,-4.2,1.1,-1.5,0.67,-2.71,2.16,-358.0,-357.3,-239.5,-400,-350,-250,1534,1545,1552,1542
7700,3850000,-4.2,1.1,-1.4,0.86,-2.65,2.11,-366.9,-372.9,-243.9,-400,-350,-250,1547,1557,1566,1542
7701,3850500,-4.2,1.0,-1.4,1.04,-2.59,2.06,-373.3,-379.4,-240.5,-400,-350,-250,1546,1573,1581,1561
7702,3851000,-4.1,0.9,-1.3,1.22,-2.54,2.01,-359.5,-362.4,-237.7,-400,-350,-250,1559,1535,1547,1552
7703,3851500,-4.1,0.9,-1.3,1.38,-2.48,1.96,-350.4,-346.7,-232.1,-400,-350,-250,1536,1553,1529,1557
7704,3852000,-4.1,0.8,-1.3,1.54,-2.42,1.92,-339.9,-342.2,-220.2,-400,-350,-250,1588,1567,1567,1551
7705,3852500,-4.0,0.8,-1.2,1.7,-2.36,1.87,-357.3,-349.1,-228.9,-400,-350,-250,1539,1562,1563,1552
7706,3853000,-4.0,0.7,-1.2,1.84,-2.31,1.83,-364.9,-370.5,-241.7,-400,-350,-250,1563,1539,1563,1552
7707,3853500,-3.9,0.6,-1.1,1.99,-2.25,1.78,-384.6,-366.9,-255.5,-400,-350,-250,1567,1574,1574,1551
7708,3854000,-3.9,0.6,-1.1,2.12,-2.19,1.74,-374.4,-367.1,-249.8,-400,-350,-250,1563,1550,1569,1537
7709,3854500,-3.8,0.5,-1.0,2.25,-2.13,1.7,-362.5,-356.3,-234.8,-400,-350,-250,1544,1560,1559,1561
7710,3855000,-3.8,0.5,-1.0,2.37,-2.07,1.66,-348.0,-347.0,-222.9,-400,-350,-250,1550,1563,1550,1540
7711,3855500,-3.7,0.4,-0.9,2.48,-2.02,1.62,-347.6,-340.1,-224.4,-400,-350,-250,1555,1553,1560,1552
7712,3856000,-3.6,0.4,-0.9,2.59,-1.96,1.58,-355.0,-352.4,-248.1,-400,-350,-250,1547,1551,1566,1570
7713,3856500,-3.6,0.3,-0.9,2.69,-1.9,1.54,-368.8,-359.0,-246.2,-400,-350,-250,1546,1555,1576,1565
7714,3857000,-3.5,0.3,-0.8,2.79,-1.85,1.5,-382.8,-369.2,-258.1,-400,-350,-250,1549,1529,1565,1588
7715,3857500,-3.4,0.2,-0.8,2.88,-1.79,1.46,-378.2,-367.5,-263.8,-400,-350,-250,1564,1566,1549,1550
7716,3858000,-3.4,0.2,-0.8,2.96,-1.73,1.43,-360.3,-348.4,-245.9,-400,-350,-250,1550,1569,1572,1556
7717,3858500,-3.3,0.2,-0.7,3.04,-1.68,1.39,-364.1,-337.0,-229.0,-400,-350,-250,1554,1545,1565,1553
7718,3859000,-3.2,0.1,-0.7,3.11,-1.62,1.35,-353.9,-343.1,-231.8,-400,-350,-250,1567,1555,1567,1565
7719,3859500,-3.1,0.1,-0.7,3.18,-1.57,1.32,-362.6,-343.8,-236.9,-400,-350,-250,1570,1550,1556,1558
7720,3860000,-3.0,0.0,-0.6,3.23,-1.52,1.28,-382.5,-364.2,-251.9,-400,-350,-250,1569,1535,1550,1552
7721,3860500,-3.0,0.0,-0.6,3.29,-1.46,1.25,-381.0,-359.4,-262.9,-400,-350,-250,1565,1565,1539,1536
7722,3861000,-2.9,-0.0,-0.6,3.34,-1.41,1.22,-380.0,-357.5,-259.1,-400,-350,-250,1545,1530,1592,1546
7723,3861500,-2.8,-0.1,-0.5,3.38,-1.36,1.19,-367.3,-346.2,-242.6,-400,-350,-250,1553,1573,1567,1538
7724,3862000,-2.7,-0.1,-0.5,3.42,-1.31,1.15,-356.0,-339.7,-230.0,-400,-350,-250,1568,1559,1578,1542
7725,3862500,-2.6,-0.1,-0.5,3.45,-1.26,1.12,-357.5,-335.3,-225.2,-400,-350,-250,1565,1555,1554,1565
7726,3863000,-2.5,-0.2,-0.4,3.48,-1.21,1.09,-378.6,-347.1,-252.3,-400,-350,-250,1549,1555,1552,1547
7727,3863500,-2.4,-0.2,-0.4,3.5,-1.16,1.06,-379.7,-363.7,-254.3,-400,-350,-250,1555,1555,1567,1568
7728,3864000,-2.4,-0.2,-0.4,3.51,-1.11,1.03,-393.6,-363.8,-260.2,-400,-350,-250,1546,1541,1543,1583
7729,3864500,-2.3,-0.2,-0.4,3.53,-1.06,1.0,-390.5,-353.8,-249.0,-400,-350,-250,1571,1555,1559,1536
7730,3865000,-2.2,-0.3,-0.3,3.53,-1.01,0.98,-367.7,-342.1,-241.3,-400,-350,-250,1594,1581,1575,1570
7731,3865500,-2.1,-0.3,-0.3,3.54,-0.97,0.95,-364.1,-335.4,-226.6,-400,-350,-250,1540,1539,1541,1556
7732,3866000,-2.0,-0.3,-0.3,3.53,-0.92,0.92,-364.4,-343.2,-235.3,-400,-350,-250,1572,1557,1557,1554
7733,3866500,-1.9,-0.3,-0.3,3.53,-0.88,0.89,-379.6,-343.9,-241.0,-400,-350,-250,1564,1544,1572,1548
7734,3867000,-1.8,-0.4,-0.3,3.52,-0.83,0.87,-392.3,-364.4,-266.4,-400,-350,-250,1600,1572,1544,1566
7735,3867500,-1.7,-0.4,-0.2,3.5,-0.79,0.84,-403.3,-365.1,-256.4,-400,-350,-250,1552,1576,1577,1544
7736,3868000,-1.6,-0.4,-0.2,3.49,-0.75,0.82,-393.3,-360.1,-258.0,-400,-350,-250,1577,1563,1531,1577
7737,3868500,-1.6,-0.4,-0.2,3.47,-0.71,0.79,-384.6,-336.9,-245.2,-400,-350,-250,1560,1545,1523,1566
7738,3869000,-1.5,-0.4,-0.2,3.44,-0.67,0.77,-372.5,-333.6,-229.1,-400,-350,-250,1571,1560,1545,1533
7739,3869500,-1.4,-0.4,-0.2,3.41,-0.63,0.75,-369.4,-333.2,-234.5,-400,-350,-250,1546,1546,1561,1570
7740,3870000,-1.3,-0.5,-0.1,3.38,-0.59,0.72,-393.1,-343.4,-247.7,-400,-350,-250,1547,1595,1535,1565
7741,3870500,-1.2,-0.5,-0.1,3.34,-0.55,0.7,-396.5,-359.0,-261.1,-400,-350,-250,1576,1555,1548,1542
7742,3871000,-1.1,-0.5,-0.1,3.31,-0.51,0.68,-402.5,-360.1,-265.9,-400,-350,-250,1568,1549,1586,1561
7743,3871500,-1.1,-0.5,-0.1,3.26,-0.48,0.66,-395.6,-353.2,-265.1,-400,-350,-250,1565,1550,1547,1565
7744,3872000,-1.0,-0.5,-0.1,3.22,-0.44,0.64,-384.1,-336.2,-242.5,-400,-350,-250,1542,1569,1555,1577
7745,3872500,-0.9,-0.5,-0.1,3.17,-0.41,0.62,-368.1,-326.2,-235.4,-400,-350,-250,1551,1572,1546,1555
7746,3873000,-0.8,-0.5,-0.0,3.12,-0.37,0.6,-378.5,-328.7,-231.1,-400,-350,-250,1543,1547,1544,1535
7747,3873500,-0.7,-0.5,-0.0,3.07,-0.34,0.58,-400.1,-340.9,-250.6,-400,-350,-250,1587,1553,1540,1582
7748,3874000,-0.7,-0.5,-0.0,3.02,-0.31,0.56,-412.6,-351.9,-261.8,-400,-350,-250,1542,1556,1557,1563
7749,3874500,-0.6,-0.6,0.0,2.96,-0.28,0.54,-414.8,-364.0,-264.6,-400,-350,-250,1550,1566,1546,1572
7750,3875000,-0.5,-0.6,0.0,2.9,-0.25,0.52,-402.1,-344.5,-262.9,-400,-350,-250,1562,1551,1572,1574
7751,3875500,-0.5,-0.6,0.0,2.85,-0.22,0.5,-400.2,-341.2,-240.3,-400,-350,-250,1557,1577,1553,1577
7752,3876000,-0.4,-0.6,0.0,2.78,-0.19,0.48,-382.3,-330.8,-232.5,-400,-350,-250,1545,1543,1579,1563
7753,3876500,-0.3,-0.6,0.1,2.72,-0.16,0.47,-390.8,-331.8,-231.8,-400,-350,-250,1539,1532,1535,1555
7754,3877000,-0.2,-0.6,0.1,2.66,-0.14,0.45,-388.7,-341.3,-242.4,-400,-350,-250,1564,1545,1556,1567
7755,3877500,-0.2,-0.6,0.1,2.59,-0.11,0.43,-415.2,-352.4,-260.7,-400,-350,-250,1558,1540,1567,1577
7756,3878000,-0.1,-0.6,0.1,2.52,-0.09,0.42,-412.1,-356.7,-267.8,-400,-350,-250,1568,1562,1572,1550
7757,3878500,-0.1,-0.6,0.1,2.45,-0.06,0.4,-407.4,-348.7,-262.7,-400,-350,-250,1567,1549,1544,1544
7758,3879000,0.0,-0.6,0.1,2.39,-0.04,0.39,-398.9,-342.3,-250.5,-400,-350,-250,1569,1564,1589,1562
7759,3879500,0.1,-0.6,0.1,2.32,-0.02,0.37,-386.1,-330.3,-237.0,-400,-350,-250,1554,1559,1561,1559
7760,3880000,0.1,-0.6,0.1,2.24,0.01,0.36,-386.8,-332.6,-234.5,-400,-350,-250,1566,1544,1557,1550
7761,3880500,0.2,-0.6,0.1,2.17,0.03,0.34,-397.7,-343.1,-242.5,-400,-350,-250,1558,1556,1550,1558
7762,3881000,0.2,-0.6,0.1,2.1,0.05,0.33,-408.6,-354.1,-258.5,-400,-350,-250,1547,1547,1562,1547
7763,3881500,0.3,-0.6,0.1,2.03,0.07,0.32,-419.6,-358.7,-262.6,-400,-350,-250,1559,1530,1552,1584
7764,3882000,0.3,-0.6,0.2,1.95,0.08,0.3,-408.4,-357.0,-258.9,-400,-350,-250,1558,1542,1544,1567
7765,3882500,0.4,-0.6,0.2,1.88,0.1,0.29,-400.1,-347.4,-252.5,-400,-350,-250,1573,1533,1556,1560
7766,3883000,0.4,-0.6,0.2,1.81,0.12,0.28,-391.1,-333.0,-236.1,-400,-350,-250,1541,1577,1543,1568
7767,3883500,0.5,-0.6,0.2,1.73,0.14,0.27,-381.9,-330.2,-239.6,-400,-350,-250,1565,1560,1563,1564
7768,3884000,0.5,-0.6,0.2,1.66,0.15,0.25,-395.7,-338.0,-237.0,-400,-350,-250,1577,1577,1582,1551
7769,3884500,0.5,-0.6,0.2,1.59,0.17,0.24,-411.4,-357.3,-256.4,-400,-350,-250,1575,1553,1578,1568
7770,3885000,0.6,-0.6,0.2,1.51,0.18,0.23,-426.2,-361.3,-265.4,-400,-350,-250,1559,1567,1548,1562
7771,3885500,0.6,-0.6,0.2,1.44,0.19,0.22,-419.0,-365.9,-262.5,-400,-350,-250,1540,1561,1543,1530
7772,3886000,0.6,-0.6,0.2,1.37,0.21,0.21,-405.2,-343.4,-259.8,-400,-350,-250,1580,1549,1572,1563
7773,3886500,0.7,-0.5,0.2,1.3,0.22,0.2,-395.0,-336.2,-245.9,-400,-350,-250,1560,1547,1552,1546
7774,3887000,0.7,-0.5,0.2,1.23,0.23,0.19,-399.5,-325.8,-233.8,-400,-350,-250,1550,1548,1568,1555
7775,3887500,0.7,-0.5,0.2,1.16,0.24,0.18,-399.2,-333.3,-239.9,-400,-350,-250,1572,1562,1565,1569
7776,3888000,0.8,-0.5,0.2,1.09,0.25,0.17,-410.9,-348.8,-253.5,-400,-350,-250,1540,1553,1542,1533
7777,3888500,0.8,-0.5,0.2,1.02,0.26,0.16,-426.3,-356.5,-263.1,-400,-350,-250,1550,1532,1537,1577
7778,3889000,0.8,-0.5,0.2,0.95,0.27,0.15,-425.1,-359.7,-262.3,-400,-350,-250,1563,1553,1563,1541
7779,3889500,0.8,-0.5,0.2,0.88,0.28,0.14,-412.7,-349.8,-257.3,-400,-350,-250,1551,1551,1573,1558
7780,3890000,0.9,-0.5,0.2,0.81,0.29,0.13,-399.0,-344.4,-247.2,-400,-350,-250,1558,1547,1584,1549
7781,3890500,0.9,-0.5,0.2,0.75,0.3,0.13,-399.5,-329.2,-239.7,-400,-350,-250,1542,1582,1536,1581
7782,3891000,0.9,-0.5,0.2,0.68,0.3,0.12,-396.2,-332.2,-239.6,-400,-350,-250,1559,1551,1524,1546
7783,3891500,0.9,-0.5,0.2,0.62,0.31,0.11,-403.4,-343.2,-246.9,-400,-350,-250,1572,1542,1549,1561
7784,3892000,0.9,-0.5,0.2,0.56,0.32,0.1,-425.0,-360.9,-258.2,-400,-350,-250,1538,1597,1548,1561
7785,3892500,0.9,-0.5,0.3,0.49,0.32,0.1,-421.6,-362.5,-269.9,-400,-350,-250,1545,1528,1555,1553
7786,3893000,0.9,-0.5,0.3,0.43,0.33,0.09,-413.7,-356.9,-264.5,-400,-350,-250,1538,1573,1555,1547
7787,3893500,1.0,-0.4,0.3,0.37,0.33,0.08,-406.1,-347.4,-248.6,-400,-350,-250,1549,1550,1544,1564
7788,3894000,1.0,-0.4,0.3,0.32,0.34,0.07,-388.2,-338.5,-234.9,-400,-350,-250,1577,1561,1553,1564
7789,3894500,1.0,-0.4,0.3,0.26,0.34,0.07,-392.2,-329.4,-241.9,-400,-350,-250,1594,1550,1582,1542
7790,3895000,1.0,-0.4,0.3,0.21,0.34,0.06,-404.3,-334.4,-250.7,-400,-350,-250,1560,1559,1561,1549
7791,3895500,1.0,-0.4,0.3,0.15,0.34,0.05,-413.1,-352.0,-260.1,-400,-350,-250,1532,1555,1553,1551
7792,3896000,1.0,-0.4,0.3,0.1,0.35,0.05,-424.3,-363.1,-273.1,-400,-350,-250,1571,1562,1546,1576
7793,3896500,1.0,-0.4,0.3,0.05,0.35,0.04,-419.6,-352.7,-263.8,-400,-350,-250,1543,1555,1558,1572
7794,3897000,1.0,-0.4,0.3,-0.0,0.35,0.04,-411.1,-346.7,-250.3,-400,-350,-250,1562,1559,1570,1556
7795,3897500,1.0,-0.4,0.3,-0.05,0.35,0.03,-398.8,-333.3,-248.0,-400,-350,-250,1567,1570,1549,1553
7796,3898000,1.0,-0.4,0.3,-0.1,0.35,0.03,-397.2,-331.2,-234.0,-400,-350,-250,1558,1557,1578,1575
7797,3898500,1.0,-0.4,0.3,-0.14,0.35,0.02,-393.7,-331.1,-235.2,-400,-350,-250,1570,1556,1541,1548
7798,3899000,1.0,-0.3,0.3,-0.18,0.35,0.02,-411.3,-348.1,-246.6,-400,-350,-250,1574,1547,1553,1567
7799,3899500,1.0,-0.3,0.3,-0.23,0.35,0.01,-423.6,-352.7,-266.6,-400,-350,-250,1557,1558,1555,1556
7800,3900000,1.0,-0.3,0.3,-0.27,0.35,0.01,-430.3,-366.3,-272.5,-400,-350,-250,1563,1554,1557,1551
7801,3900500,0.9,-0.3,0.3,-0.31,0.35,0.0,-412.8,-354.1,-260.3,-400,-350,-250,1553,1558,1570,1545
7802,3901000,0.9,-0.3,0.3,-0.34,0.35,-0.0,-405.6,-343.3,-251.5,-400,-350,-250,1564,1558,1556,1564
7803,3901500,0.9,-0.3,0.3,-0.38,0.35,-0.01,-397.4,-341.8,-245.0,-400,-350,-250,1539,1560,1554,1567
7804,3902000,0.9,-0.3,0.3,-0.41,0.35,-0.01,-394.3,-332.3,-233.8,-400,-350,-250,1564,1546,1547,1571
7805,3902500,0.9,-0.3,0.3,-0.45,0.35,-0.01,-398.9,-345.5,-247.8,-400,-350,-250,1568,1559,1582,1563
7806,3903000,0.9,-0.3,0.3,-0.48,0.34,-0.02,-415.3,-356.6,-255.1,-400,-350,-250,1560,1570,1595,1572
7807,3903500,0.9,-0.3,0.3,-0.51,0.34,-0.02,-422.5,-360.6,-266.4,-400,-350,-250,1576,1555,1552,1546
7808,3904000,0.9,-0.3,0.3,-0.54,0.34,-0.03,-424.4,-358.5,-261.4,-400,-350,-250,1571,1563,1578,1539
7809,3904500,0.9,-0.3,0.3,-0.56,0.34,-0.03,-405.2,-343.7,-253.4,-400,-350,-250,1548,1559,1551,1556
7810,3905000,0.8,-0.2,0.3,-0.59,0.33,-0.03,-401.5,-341.2,-249.3,-400,-350,-250,1582,1545,1579,1550
7811,3905500,0.8,-0.2,0.3,-0.61,0.33,-0.03,-386.9,-329.1,-239.3,-400,-350,-250,1531,1554,1560,1584
7812,3906000,0.8,-0.2,0.3,-0.64,0.33,-0.04,-399.4,-334.2,-235.6,-400,-350,-250,1547,1562,1547,1565
7813,3906500,0.8,-0.2,0.3,-0.66,0.32,-0.04,-407.3,-344.5,-249.3,-400,-350,-250,1515,1554,1564,1564
7814,3907000,0.8,-0.2,0.3,-0.68,0.32,-0.04,-424.3,-362.1,-256.3,-400,-350,-250,1558,1542,1583,1550
7815,3907500,0.8,-0.2,0.3,-0.7,0.32,-0.05,-428.4,-360.1,-272.1,-400,-350,-250,1555,1573,1570,1550
7816,3908000,0.7,-0.2,0.3,-0.71,0.31,-0.05,-423.2,-353.7,-255.3,-400,-350,-250,1551,1549,1569,1553
7817,3908500,0.7,-0.2,0.3,-0.73,0.31,-0.05,-406.4,-344.8,-245.5,-400,-350,-250,1556,1608,1553,1565
7818,3909000,0.7,-0.2,0.3,-0.74,0.3,-0.05,-396.3,-334.6,-237.5,-400,-350,-250,1584,1571,1562,1549
7819,3909500,0.7,-0.2,0.3,-0.75,0.3,-0.06,-389.7,-335.9,-233.5,-400,-350,-250,1547,1552,1560,1554
7820,3910000,0.7,-0.2,0.3,-0.77,0.29,-0.06,-396.3,-344.3,-244.0,-400,-350,-250,1560,1554,1569,1572
7821,3910500,0.6,-0.2,0.2,-0.78,0.29,-0.06,-414.3,-355.9,-256.3,-400,-350,-250,1556,1563,1554,1582
7822,3911000,0.6,-0.2,0.2,-0.79,0.28,-0.06,-413.3,-365.5,-271.1,-400,-350,-250,1583,1543,1592,1536
7823,3911500,0.6,-0.1,0.2,-0.79,0.28,-0.06,-424.7,-370.3,-269.8,-400,-350,-250,1570,1568,1571,1542
7824,3912000,0.6,-0.1,0.2,-0.8,0.28,-0.07,-413.5,-355.1,-260.4,-400,-350,-250,1552,1576,1546,1572
7825,3912500,0.6,-0.1,0.2,-0.81,0.27,-0.07,-396.4,-346.6,-250.8,-400,-350,-250,1546,1550,1543,1559
7826,3913000,0.5,-0.1,0.2,-0.81,0.27,-0.07,-390.7,-340.9,-238.8,-400,-350,-250,1552,1551,1570,1576
7827,3913500,0.5,-0.1,0.2,-0.81,0.26,-0.07,-396.9,-334.5,-237.2,-400,-350,-250,1574,1556,1545,1556
7828,3914000,0.5,-0.1,0.2,-0.81,0.26,-0.07,-404.3,-346.4,-236.8,-400,-350,-250,1552,1563,1543,1563
7829,3914500,0.5,-0.1,0.2,-0.82,0.25,-0.07,-408.5,-351.7,-261.8,-400,-350,-250,1569,1560,1578,1539
7830,3915000,0.5,-0.1,0.2,-0.82,0.24,-0.07,-425.8,-363.5,-267.4,-400,-350,-250,1569,1547,1533,1538
7831,3915500,0.4,-0.1,0.2,-0.81,0.24,-0.08,-418.2,-367.0,-266.0,-400,-350,-250,1588,1557,1575,1592
7832,3916000,0.4,-0.1,0.2,-0.81,0.23,-0.08,-420.8,-345.6,-250.5,-400,-350,-250,1545,1556,1570,1543
7833,3916500,0.4,-0.1,0.2,-0.81,0.23,-0.08,-388.7,-338.1,-241.6,-400,-350,-250,1583,1545,1555,1541
7834,3917000,0.4,-0.1,0.2,-0.81,0.22,-0.08,-385.9,-335.8,-236.7,-400,-350,-250,1559,1575,1543,1532
7835,3917500,0.4,-0.1,0.2,-0.8,0.22,-0.08,-383.9,-340.6,-237.4,-400,-350,-250,1564,1557,1561,1554
7836,3918000,0.3,-0.1,0.2,-0.8,0.21,-0.08,-396.7,-346.3,-255.8,-400,-350,-250,1546,1546,1560,1561
7837,3918500,0.3,-0.1,0.2,-0.79,0.21,-0.08,-414.6,-357.8,-257.5,-400,-350,-250,1566,1567,1558,1577
7838,3919000,0.3,-0.1,0.2,-0.78,0.2,-0.08,-419.7,-360.1,-268.7,-400,-350,-250,1547,1572,1574,1564
7839,3919500,0.3,-0.1,0.2,-0.77,0.2,-0.08,-417.4,-360.9,-267.8,-400,-350,-250,1570,1541,1564,1557
7840,3920000,0.3,-0.0,0.2,-0.77,0.19,-0.08,-401.3,-356.7,-257.7,-400,-350,-250,1530,1559,1586,1582
7841,3920500,0.3,-0.0,0.2,-0.76,0.19,-0.08,-390.3,-331.9,-235.3,-400,-350,-250,1546,1552,1575,1552
7842,3921000,0.2,-0.0,0.2,-0.75,0.18,-0.08,-382.4,-329.0,-240.1,-400,-350,-250,1559,1575,1562,1592
7843,3921500,0.2,-0.0,0.2,-0.74,0.18,-0.09,-394.8,-334.1,-238.9,-400,-350,-250,1566,1547,1547,1570
7844,3922000,0.2,-0.0,0.2,-0.72,0.17,-0.09,-405.3,-345.9,-249.6,-400,-350,-250,1586,1555,1567,1599
7845,3922500,0.2,-0.0,0.2,-0.71,0.17,-0.09,-416.2,-365.7,-265.3,-400,-350,-250,1578,1555,1561,1577
7846,3923000,0.2,-0.0,0.2,-0.7,0.16,-0.09,-420.1,-365.5,-270.5,-400,-350,-250,1569,1566,1560,1553
7847,3923500,0.1,-0.0,0.2,-0.69,0.16,-0.09,-415.4,-359.9,-259.5,-400,-350,-250,1550,1563,1573,1559
7848,3924000,0.1,-0.0,0.2,-0.67,0.15,-0.09,-397.8,-349.4,-247.1,-400,-350,-250,1536,1550,1560,1537
7849,3924500,0.1,-0.0,0.2,-0.66,0.15,-0.09,-392.2,-342.2,-236.5,-400,-350,-250,1552,1578,1529,1553
7850,3925000,0.1,-0.0,0.2,-0.65,0.14,-0.09,-386.0,-327.1,-237.9,-400,-350,-250,1553,1575,1549,1554
7851,3925500,0.1,-0.0,0.2,-0.63,0.14,-0.09,-388.1,-344.3,-240.9,-400,-350,-250,1548,1558,1555,1567
7852,3926000,0.1,0.0,0.2,-0.62,0.13,-0.09,-399.7,-349.7,-251.0,-400,-350,-250,1545,1584,1547,1559
7853,3926500,0.0,0.0,0.2,-0.6,0.13,-0.09,-411.8,-362.4,-262.0,-400,-350,-250,1570,1557,1557,1559
7854,3927000,0.0,0.0,0.2,-0.59,0.12,-0.09,-422.3,-364.6,-264.7,-400,-350,-250,1569,1583,1550,1560
7855,3927500,0.0,0.0,0.2,-0.57,0.12,-0.09,-415.3,-354.9,-264.8,-400,-350,-250,1563,1553,1555,1525
7856,3928000,0.0,0.0,0.2,-0.56,0.11,-0.09,-401.2,-344.3,-249.9,-400,-350,-250,1582,1564,1553,1553
7857,3928500,-0.0,0.0,0.2,-0.54,0.11,-0.09,-389.9,-348.7,-238.1,-400,-350,-250,1573,1546,1530,1549
7858,3929000,-0.0,0.0,0.2,-0.52,0.1,-0.09,-385.0,-332.4,-235.0,-400,-350,-250,1535,1543,1552,1570
7859,3929500,-0.0,0.0,0.2,-0.51,0.1,-0.09,-385.5,-334.6,-242.6,-400,-350,-250,1561,1563,1544,1574
7860,3930000,-0.0,0.0,0.2,-0.49,0.09,-0.09,-390.6,-353.6,-247.6,-400,-350,-250,1580,1561,1569,1550
7861,3930500,-0.1,0.0,0.2,-0.47,0.09,-0.09,-415.0,-355.6,-262.3,-400,-350,-250,1572,1580,1542,1556
7862,3931000,-0.1,0.0,0.2,-0.46,0.09,-0.09,-414.9,-359.6,-266.5,-400,-350,-250,1571,1555,1568,1586
7863,3931500,-0.1,0.0,0.2,-0.44,0.08,-0.09,-406.9,-361.1,-267.1,-400,-350,-250,1566,1535,1540,1540
7864,3932000,-0.1,0.0,0.2,-0.42,0.08,-0.09,-394.8,-346.6,-255.8,-400,-350,-250,1546,1541,1564,1568
7865,3932500,-0.1,0.0,0.2,-0.41,0.07,-0.09,-394.4,-338.2,-243.6,-400,-350,-250,1556,1540,1557,1545
7866,3933000,-0.1,0.0,0.2,-0.39,0.07,-0.09,-386.1,-331.0,-240.3,-400,-350,-250,1559,1583,1545,1584
7867,3933500,-0.1,0.0,0.2,-0.37,0.07,-0.08,-381.5,-343.8,-237.1,-400,-350,-250,1578,1585,1565,1569
7868,3934000,-0.1,0.0,0.2,-0.35,0.06,-0.08,-401.0,-355.4,-251.5,-400,-350,-250,1583,1547,1540,1537
7869,3934500,-0.1,0.0,0.2,-0.34,0.06,-0.08,-409.1,-360.4,-267.5,-400,-350,-250,1577,1536,1545,1578
7870,3935000,-0.1,0.0,0.1,-0.32,0.06,-0.08,-407.6,-364.0,-265.5,-400,-350,-250,1569,1558,1557,1531
7871,3935500,-0.2,0.0,0.1,-0.3,0.05,-0.08,-411.7,-368.9,-266.1,-400,-350,-250,1553,1553,1544,1567
7872,3936000,-0.2,0.0,0.1,-0.29,0.05,-0.08,-403.6,-350.7,-249.6,-400,-350,-250,1542,1543,1572,1558
7873,3936500,-0.2,0.0,0.1,-0.27,0.05,-0.08,-392.7,-343.9,-249.2,-400,-350,-250,1542,1580,1532,1561
7874,3937000,-0.2,0.0,0.1,-0.26,0.04,-0.08,-384.6,-334.0,-246.3,-400,-350,-250,1551,1572,1556,1553
7875,3937500,-0.2,0.0,0.1,-0.24,0.04,-0.08,-378.6,-332.3,-238.4,-400,-350,-250,1557,1544,1577,1559
7876,3938000,-0.2,0.0,0.1,-0.22,0.04,-0.08,-389.9,-355.7,-250.1,-400,-350,-250,1542,1548,1575,1561
7877,3938500,-0.2,0.0,0.1,-0.21,0.03,-0.08,-408.3,-353.3,-257.1,-400,-350,-250,1553,1549,1537,1543
7878,3939000,-0.2,0.1,0.1,-0.19,0.03,-0.08,-409.8,-370.6,-265.6,-400,-350,-250,1578,1558,1565,1541
7879,3939500,-0.2,0.1,0.1,-0.18,0.03,-0.08,-402.1,-360.7,-260.6,-400,-350,-250,1556,1566,1541,1553
7880,3940000,-0.2,0.1,0.1,-0.16,0.02,-0.08,-401.2,-360.0,-252.2,-400,-350,-250,1568,1543,1518,1559
7881,3940500,-0.2,0.1,0.1,-0.15,0.02,-0.08,-385.3,-345.7,-248.0,-400,-350,-250,1549,1516,1561,1584
7882,3941000,-0.2,0.1,0.1,-0.13,0.02,-0.08,-379.6,-337.5,-243.5,-400,-350,-250,1580,1564,1562,1541
7883,3941500,-0.2,0.1,0.1,-0.12,0.02,-0.08,-382.4,-334.5,-237.9,-400,-350,-250,1559,1547,1531,1551
7884,3942000,-0.2,0.1,0.1,-0.1,0.01,-0.08,-388.3,-347.2,-249.4,-400,-350,-250,1545,1558,1563,1553
7885,3942500,-0.2,0.1,0.1,-0.09,0.01,-0.08,-402.8,-357.8,-247.4,-400,-350,-250,1558,1551,1551,1550
7886,3943000,-0.2,0.1,0.1,-0.08,0.01,-0.07,-412.2,-354.7,-271.6,-400,-350,-250,1568,1565,1546,1570
7887,3943500,-0.2,0.1,0.1,-0.06,0.01,-0.07,-412.8,-359.7,-257.1,-400,-350,-250,1567,1568,1543,1561
7888,3944000,-0.2,0.1,0.1,-0.05,0.0,-0.07,-400.6,-351.8,-252.7,-400,-350,-250,1577,1542,1551,1579
7889,3944500,-0.2,0.1,0.1,-0.04,0.0,-0.07,-391.1,-339.8,-246.8,-400,-350,-250,1557,1569,1568,1550
7890,3945000,-0.2,0.1,0.1,-0.03,0.0,-0.07,-383.8,-333.1,-241.3,-400,-350,-250,1562,1560,1573,1565
7891,3945500,-0.2,0.1,0.1,-0.01,-0.0,-0.07,-387.4,-336.6,-244.8,-400,-350,-250,1544,1559,1575,1562
7892,3946000,-0.2,0.1,0.1,-0.0,-0.0,-0.07,-392.3,-340.3,-239.9,-400,-350,-250,1540,1564,1568,1542
7893,3946500,-0.2,0.1,0.1,0.01,-0.01,-0.07,-395.7,-349.5,-257.2,-400,-350,-250,1558,1559,1534,1549
7894,3947000,-0.2,0.1,0.1,0.02,-0.01,-0.07,-411.2,-354.9,-261.8,-400,-350,-250,1560,1563,1550,1573
7895,3947500,-0.2,0.1,0.1,0.03,-0.01,-0.07,-411.2,-371.6,-271.7,-400,-350,-250,1532,1588,1575,1549
7896,3948000,-0.2,0.1,0.1,0.04,-0.01,-0.07,-408.5,-367.9,-261.5,-400,-350,-250,1545,1568,1578,1564
7897,3948500,-0.2,0.1,0.1,0.05,-0.01,-0.07,-399.3,-352.6,-250.3,-400,-350,-250,1535,1578,1556,1572
7898,3949000,-0.2,0.1,0.1,0.06,-0.01,-0.07,-387.7,-341.7,-245.8,-400,-350,-250,1554,1568,1574,1574
7899,3949500,-0.2,0.1,0.1,0.07,-0.01,-0.07,-384.6,-339.5,-235.4,-400,-350,-250,1595,1564,1551,1548
7900,3950000,-0.2,0.1,0.1,0.08,-0.02,-0.07,-381.4,-343.5,-238.4,-400,-350,-250,1573,1592,1564,1563
7901,3950500,-0.2,0.1,0.1,0.08,-0.02,-0.06,-392.9,-352.7,-253.1,-400,-350,-250,1572,1571,1537,1547
7902,3951000,-0.2,0.1,0.1,0.09,-0.02,-0.06,-401.3,-349.9,-259.1,-400,-350,-250,1537,1549,1573,1561
7903,3951500,-0.2,0.1,0.1,0.1,-0.02,-0.06,-410.7,-365.9,-261.8,-400,-350,-250,1568,1558,1564,1579
7904,3952000,-0.2,0.0,0.1,0.11,-0.02,-0.06,-414.9,-368.1,-265.2,-400,-350,-250,1540,1558,1565,1555
7905,3952500,-0.2,0.0,0.1,0.12,-0.02,-0.06,-401.1,-360.8,-253.6,-400,-350,-250,1544,1547,1579,1576
7906,3953000,-0.2,0.0,0.1,0.12,-0.02,-0.06,-394.7,-345.0,-244.9,-400,-350,-250,1546,1563,1543,1566
7907,3953500,-0.2,0.0,0.1,0.13,-0.02,-0.06,-386.0,-334.6,-238.1,-400,-350,-250,1566,1569,1556,1563
7908,3954000,-0.2,0.0,0.1,0.13,-0.02,-0.06,-383.4,-335.8,-233.0,-400,-350,-250,1594,1578,1574,1562
7909,3954500,-0.2,0.0,0.1,0.14,-0.03,-0.06,-389.1,-336.3,-242.0,-400,-350,-250,1594,1582,1557,1570
7910,3955000,-0.2,0.0,0.1,0.15,-0.03,-0.06,-396.4,-351.6,-253.4,-400,-350,-250,1548,1546,1542,1568
7911,3955500,-0.2,0.0,0.1,0.15,-0.03,-0.06,-412.2,-362.8,-262.3,-400,-350,-250,1548,1552,1549,1578
7912,3956000,-0.2,0.0,0.1,0.15,-0.03,-0.06,-411.1,-370.7,-261.7,-400,-350,-250,1554,1554,1556,1580
7913,3956500,-0.2,0.0,0.1,0.16,-0.03,-0.06,-414.8,-370.6,-262.3,-400,-350,-250,1538,1552,1585,1546
7914,3957000,-0.2,0.0,0.1,0.16,-0.03,-0.06,-400.4,-343.8,-251.5,-400,-350,-250,1575,1549,1540,1569
7915,3957500,-0.2,0.0,0.1,0.17,-0.03,-0.05,-387.9,-341.5,-237.8,-400,-350,-250,1575,1560,1582,1558
7916,3958000,-0.2,0.0,0.1,0.17,-0.03,-0.05,-388.2,-331.0,-239.3,-400,-350,-250,1557,1551,1557,1574
7917,3958500,-0.2,0.0,0.1,0.17,-0.03,-0.05,-382.7,-330.9,-234.8,-400,-350,-250,1537,1543,1543,1551
7918,3959000,-0.2,0.0,0.1,0.18,-0.03,-0.05,-389.3,-345.2,-243.7,-400,-350,-250,1564,1562,1570,1582
7919,3959500,-0.2,0.0,0.1,0.18,-0.03,-0.05,-407.1,-355.6,-259.5,-400,-350,-250,1543,1561,1548,1571
7920,3960000,-0.1,0.0,0.1,0.18,-0.03,-0.05,-414.6,-359.9,-269.6,-400,-350,-250,1568,1549,1549,1548
7921,3960500,-0.1,0.0,0.1,0.18,-0.03,-0.05,-414.0,-372.6,-268.3,-400,-350,-250,1549,1543,1555,1573
7922,3961000,-0.1,0.0,0.1,0.18,-0.03,-0.05,-412.8,-360.4,-261.5,-400,-350,-250,1564,1585,1555,1569
7923,3961500,-0.1,0.0,0.1,0.19,-0.03,-0.05,-398.5,-349.4,-248.3,-400,-350,-250,1561,1556,1528,1552
7924,3962000,-0.1,0.0,0.1,0.19,-0.03,-0.05,-393.6,-345.4,-239.1,-400,-350,-250,1557,1563,1567,1582
7925,3962500,-0.1,0.0,0.1,0.19,-0.03,-0.05,-381.8,-339.4,-242.8,-400,-350,-250,1544,1549,1547,1559
7926,3963000,-0.1,0.0,0.1,0.19,-0.03,-0.05,-386.6,-337.7,-235.8,-400,-350,-250,1589,1578,1569,1545
7927,3963500,-0.1,0.0,0.1,0.19,-0.03,-0.05,-397.0,-348.7,-250.4,-400,-350,-250,1550,1563,1571,1565
7928,3964000,-0.1,0.0,0.1,0.19,-0.03,-0.05,-407.0,-358.3,-260.2,-400,-350,-250,1566,1537,1541,1580
7929,3964500,-0.1,0.0,0.1,0.19,-0.03,-0.04,-411.0,-358.2,-264.8,-400,-350,-250,1556,1555,1556,1570
7930,3965000,-0.1,0.0,0.1,0.19,-0.03,-0.04,-413.9,-364.3,-270.8,-400,-350,-250,1590,1551,1553,1578
7931,3965500,-0.1,0.0,0.1,0.19,-0.03,-0.04,-405.6,-355.7,-260.0,-400,-350,-250,1545,1538,1552,1563
7932,3966000,-0.1,0.0,0.1,0.19,-0.03,-0.04,-394.3,-351.9,-249.9,-400,-350,-250,1553,1573,1564,1565
7933,3966500,-0.1,0.0,0.0,0.19,-0.03,-0.04,-388.1,-340.1,-240.3,-400,-350,-250,1566,1547,1535,1533
7934,3967000,-0.1,0.0,0.0,0.18,-0.03,-0.04,-381.8,-340.0,-235.2,-400,-350,-250,1566,1554,1551,1575
7935,3967500,-0.1,0.0,0.0,0.18,-0.03,-0.04,-385.5,-339.2,-241.3,-400,-350,-250,1539,1565,1555,1545
7936,3968000,-0.1,0.0,0.0,0.18,-0.03,-0.04,-394.9,-349.6,-247.0,-400,-350,-250,1570,1544,1558,1561
7937,3968500,-0.1,0.0,0.0,0.18,-0.03,-0.04,-402.8,-356.4,-256.8,-400,-350,-250,1568,1563,1559,1568
7938,3969000,-0.1,0.0,0.0,0.18,-0.03,-0.04,-421.8,-377.0,-264.6,-400,-350,-250,1569,1567,1560,1548
7939,3969500,-0.1,0.0,0.0,0.18,-0.03,-0.04,-404.4,-363.8,-269.3,-400,-350,-250,1551,1563,1551,1574
7940,3970000,-0.1,0.0,0.0,0.17,-0.03,-0.04,-410.5,-356.6,-258.4,-400,-350,-250,1561,1522,1545,1562
7941,3970500,-0.1,0.0,0.0,0.17,-0.03,-0.04,-401.5,-348.3,-240.6,-400,-350,-250,1577,1546,1561,1564
7942,3971000,-0.0,0.0,0.0,0.17,-0.03,-0.04,-386.5,-337.6,-235.0,-400,-350,-250,1544,1563,1564,1555
7943,3971500,-0.0,0.0,0.0,0.17,-0.03,-0.04,-379.0,-323.3,-238.0,-400,-350,-250,1565,1558,1574,1551
7944,3972000,-0.0,0.0,0.0,0.16,-0.03,-0.04,-386.5,-333.8,-235.4,-400,-350,-250,1563,1556,1542,1545
7945,3972500,-0.0,0.0,0.0,0.16,-0.03,-0.03,-391.3,-348.5,-246.6,-400,-350,-250,1545,1552,1538,1584
7946,3973000,-0.0,0.0,0.0,0.16,-0.03,-0.03,-408.9,-355.2,-259.2,-400,-350,-250,1571,1542,1569,1569
7947,3973500,-0.0,0.0,0.0,0.15,-0.03,-0.03,-415.8,-362.8,-262.0,-400,-350,-250,1555,1577,1573,1541
7948,3974000,-0.0,0.0,0.0,0.15,-0.03,-0.03,-414.7,-363.7,-269.8,-400,-350,-250,1591,1559,1535,1557
7949,3974500,-0.0,0.0,0.0,0.15,-0.03,-0.03,-409.6,-363.1,-265.5,-400,-350,-250,1562,1551,1544,1575
7950,3975000,-0.0,0.0,0.0,0.14,-0.03,-0.03,-409.2,-350.1,-245.9,-400,-350,-250,1559,1563,1556,1553
7951,3975500,-0.0,0.0,0.0,0.14,-0.03,-0.03,-388.8,-334.1,-238.5,-400,-350,-250,1542,1542,1546,1559
7952,3976000,-0.0,0.0,0.0,0.14,-0.03,-0.03,-382.9,-339.5,-229.4,-400,-350,-250,1573,1562,1569,1549
7953,3976500,-0.0,0.0,0.0,0.13,-0.03,-0.03,-384.8,-334.3,-232.3,-400,-350,-250,1546,1590,1531,1525
7954,3977000,-0.0,0.0,0.0,0.13,-0.03,-0.03,-395.4,-349.0,-243.6,-400,-350,-250,1557,1553,1555,1569
7955,3977500,0.0,0.0,0.0,0.13,-0.02,-0.03,-407.6,-349.7,-261.0,-400,-350,-250,1558,1573,1567,1570
7956,3978000,0.0,0.0,0.0,0.12,-0.02,-0.03,-416.7,-365.9,-266.5,-400,-350,-250,1565,1528,1554,1548
7957,3978500,0.0,0.0,0.0,0.12,-0.02,-0.03,-425.0,-363.3,-265.6,-400,-350,-250,1554,1580,1549,1561
7958,3979000,0.0,0.0,0.0,0.11,-0.02,-0.03,-408.8,-364.4,-259.4,-400,-350,-250,1574,1542,1544,1540
7959,3979500,0.0,0.0,0.0,0.11,-0.02,-0.03,-397.7,-353.4,-247.1,-400,-350,-250,1549,1555,1553,1598
7960,3980000,0.0,0.0,0.0,0.11,-0.02,-0.03,-390.7,-337.7,-243.3,-400,-350,-250,1539,1541,1552,1529
7961,3980500,0.0,0.0,0.0,0.1,-0.02,-0.03,-387.0,-331.6,-235.5,-400,-350,-250,1560,1561,1554,1580
7962,3981000,0.0,0.0,0.0,0.1,-0.02,-0.03,-388.9,-338.8,-230.4,-400,-350,-250,1548,1554,1570,1548
7963,3981500,0.0,0.0,0.0,0.09,-0.02,-0.03,-396.7,-340.9,-236.0,-400,-350,-250,1533,1568,1565,1583
7964,3982000,0.0,0.0,0.0,0.09,-0.02,-0.03,-405.2,-354.4,-254.0,-400,-350,-250,1553,1575,1561,1552
7965,3982500,0.0,0.0,0.0,0.09,-0.02,-0.02,-415.5,-363.4,-266.3,-400,-350,-250,1562,1577,1577,1556
7966,3983000,0.0,0.0,0.0,0.08,-0.02,-0.02,-416.5,-369.8,-266.0,-400,-350,-250,1548,1545,1576,1558
7967,3983500,0.0,0.0,0.0,0.08,-0.02,-0.02,-419.9,-364.8,-262.7,-400,-350,-250,1555,1547,1551,1573
7968,3984000,0.0,0.0,0.0,0.08,-0.02,-0.02,-405.3,-355.8,-254.5,-400,-350,-250,1578,1534,1555,1557
7969,3984500,0.0,0.0,0.0,0.07,-0.02,-0.02,-404.4,-336.1,-239.5,-400,-350,-250,1545,1572,1545,1567
7970,3985000,0.0,0.0,0.0,0.07,-0.02,-0.02,-385.1,-339.6,-239.7,-400,-350,-250,1538,1581,1563,1541
7971,3985500,0.0,0.0,0.0,0.06,-0.02,-0.02,-395.8,-331.9,-231.1,-400,-350,-250,1578,1558,1566,1573
7972,3986000,0.0,0.0,0.0,0.06,-0.02,-0.02,-388.5,-336.4,-235.7,-400,-350,-250,1571,1564,1555,1551
7973,3986500,0.0,0.0,0.0,0.06,-0.02,-0.02,-392.1,-342.0,-247.2,-400,-350,-250,1574,1565,1539,1541
7974,3987000,0.0,0.0,0.0,0.05,-0.02,-0.02,-411.1,-359.9,-259.0,-400,-350,-250,1553,1544,1574,1534
7975,3987500,0.0,0.0,0.0,0.05,-0.02,-0.02,-417.7,-373.0,-262.9,-400,-350,-250,1572,1538,1555,1586
7976,3988000,0.0,0.0,0.0,0.05,-0.01,-0.02,-412.7,-364.6,-270.0,-400,-350,-250,1560,1537,1579,1563
7977,3988500,0.0,0.0,0.0,0.04,-0.01,-0.02,-408.8,-359.4,-252.1,-400,-350,-250,1557,1571,1551,1537
7978,3989000,0.0,0.0,0.0,0.04,-0.01,-0.02,-391.5,-346.7,-248.3,-400,-350,-250,1562,1527,1574,1551
7979,3989500,0.0,0.0,0.0,0.04,-0.01,-0.02,-387.5,-345.6,-246.9,-400,-350,-250,1556,1578,1549,1560
7980,3990000,0.0,0.0,0.0,0.03,-0.01,-0.02,-388.2,-334.4,-231.7,-400,-350,-250,1562,1553,1557,1555
7981,3990500,0.0,0.0,0.0,0.03,-0.01,-0.02,-383.8,-338.7,-234.8,-400,-350,-250,1554,1578,1543,1546
7982,3991000,0.0,-0.0,0.0,0.03,-0.01,-0.02,-394.9,-344.3,-246.4,-400,-350,-250,1568,1568,1559,1534
7983,3991500,0.1,-0.0,0.0,0.02,-0.01,-0.02,-411.3,-357.4,-254.8,-400,-350,-250,1594,1531,1524,1546
7984,3992000,0.1,-0.0,0.0,0.02,-0.01,-0.02,-409.2,-367.4,-271.4,-400,-350,-250,1563,1553,1567,1549
7985,3992500,0.1,-0.0,0.0,0.02,-0.01,-0.02,-421.3,-365.9,-262.9,-400,-350,-250,1550,1549,1570,1569
7986,3993000,0.1,-0.0,0.0,0.01,-0.01,-0.02,-408.0,-366.6,-257.8,-400,-350,-250,1547,1582,1563,1548
7987,3993500,0.1,-0.0,0.0,0.01,-0.01,-0.02,-403.8,-353.4,-254.2,-400,-350,-250,1545,1531,1551,1555
7988,3994000,0.1,-0.0,0.0,0.01,-0.01,-0.02,-391.9,-342.0,-240.7,-400,-350,-250,1551,1539,1573,1540
7989,3994500,0.1,-0.0,0.0,0.0,-0.01,-0.02,-381.6,-333.3,-239.7,-400,-350,-250,1537,1551,1555,1553
7990,3995000,0.1,-0.0,0.0,0.0,-0.01,-0.01,-387.6,-331.6,-239.8,-400,-350,-250,1574,1566,1545,1565
7991,3995500,0.1,-0.0,0.0,-0.0,-0.01,-0.01,-385.2,-338.2,-243.1,-400,-350,-250,1527,1577,1579,1545
7992,3996000,0.1,-0.0,0.0,-0.0,-0.01,-0.01,-407.2,-344.6,-250.6,-400,-350,-250,1571,1549,1557,1567
7993,3996500,0.1,-0.0,0.0,-0.01,-0.01,-0.01,-404.7,-355.1,-260.3,-400,-350,-250,1572,1565,1582,1554
7994,3997000,0.1,-0.0,0.0,-0.01,-0.01,-0.01,-416.9,-363.6,-270.6,-400,-350,-250,1584,1568,1569,1541
7995,3997500,0.1,-0.0,0.0,-0.01,-0.01,-0.01,-415.1,-365.0,-273.0,-400,-350,-250,1581,1534,1533,1550
7996,3998000,0.1,-0.0,0.0,-0.01,-0.01,-0.01,-404.3,-366.2,-257.3,-400,-350,-250,1576,1506,1514,1533
7997,3998500,0.1,-0.0,0.0,-0.01,-0.01,-0.01,-404.9,-347.6,-253.4,-400,-350,-250,1566,1570,1570,1544
7998,3999000,0.1,-0.0,0.0,-0.02,-0.01,-0.01,-388.1,-341.4,-247.8,-400,-350,-250,1558,1544,1533,1555
7999,3999500,0.0,-0.0,0.0,-0.02,-0.01,-0.01,-383.1,-336.1,-238.1,-400,-350,-250,1573,1551,1534,1581
